theta_1,theta_2,theta_3,theta_4,theta_5,theta_6
0.9,0.9,0.0,0.0,0.0,0.0
1.8,0.9,0.0,0.0,0.0,0.0
0.9,1.8,0.0,0.0,0.0,0.0
1.8,1.8,0.0,0.0,0.0,0.0
0.9,0.9,0.9,0.0,0.0,0.0
1.8,0.9,0.9,0.0,0.0,0.0
0.9,1.8,0.9,0.0,0.0,0.0
1.8,1.8,0.9,0.0,0.0,0.0
0.9,0.9,1.8,0.0,0.0,0.0
1.8,0.9,1.8,0.0,0.0,0.0
0.9,1.8,1.8,0.0,0.0,0.0
1.8,1.8,1.8,0.0,0.0,0.0
0.9,0.9,2.7,0.0,0.0,0.0
1.8,0.9,2.7,0.0,0.0,0.0
0.9,1.8,2.7,0.0,0.0,0.0
1.8,1.8,2.7,0.0,0.0,0.0
0.9,0.9,3.6,0.0,0.0,0.0
1.8,0.9,3.6,0.0,0.0,0.0
0.9,1.8,3.6,0.0,0.0,0.0
1.8,1.8,3.6,0.0,0.0,0.0
0.9,0.9,4.5,0.0,0.0,0.0
1.8,0.9,4.5,0.0,0.0,0.0
0.9,1.8,4.5,0.0,0.0,0.0
1.8,1.8,4.5,0.0,0.0,0.0
0.9,0.9,5.4,0.0,0.0,0.0
1.8,0.9,5.4,0.0,0.0,0.0
0.9,1.8,5.4,0.0,0.0,0.0
1.8,1.8,5.4,0.0,0.0,0.0
0.9,0.9,0.0,0.9,0.0,0.0
1.8,0.9,0.0,0.9,0.0,0.0
0.9,1.8,0.0,0.9,0.0,0.0
1.8,1.8,0.0,0.9,0.0,0.0
0.9,0.9,0.9,0.9,0.0,0.0
1.8,0.9,0.9,0.9,0.0,0.0
0.9,1.8,0.9,0.9,0.0,0.0
1.8,1.8,0.9,0.9,0.0,0.0
0.9,0.9,1.8,0.9,0.0,0.0
1.8,0.9,1.8,0.9,0.0,0.0
0.9,1.8,1.8,0.9,0.0,0.0
1.8,1.8,1.8,0.9,0.0,0.0
0.9,0.9,2.7,0.9,0.0,0.0
1.8,0.9,2.7,0.9,0.0,0.0
0.9,1.8,2.7,0.9,0.0,0.0
1.8,1.8,2.7,0.9,0.0,0.0
0.9,0.9,3.6,0.9,0.0,0.0
1.8,0.9,3.6,0.9,0.0,0.0
0.9,1.8,3.6,0.9,0.0,0.0
1.8,1.8,3.6,0.9,0.0,0.0
0.9,0.9,4.5,0.9,0.0,0.0
1.8,0.9,4.5,0.9,0.0,0.0
0.9,1.8,4.5,0.9,0.0,0.0
1.8,1.8,4.5,0.9,0.0,0.0
0.9,0.9,5.4,0.9,0.0,0.0
1.8,0.9,5.4,0.9,0.0,0.0
0.9,1.8,5.4,0.9,0.0,0.0
1.8,1.8,5.4,0.9,0.0,0.0
0.9,0.9,0.0,1.8,0.0,0.0
1.8,0.9,0.0,1.8,0.0,0.0
0.9,1.8,0.0,1.8,0.0,0.0
1.8,1.8,0.0,1.8,0.0,0.0
0.9,0.9,0.9,1.8,0.0,0.0
1.8,0.9,0.9,1.8,0.0,0.0
0.9,1.8,0.9,1.8,0.0,0.0
1.8,1.8,0.9,1.8,0.0,0.0
0.9,0.9,1.8,1.8,0.0,0.0
1.8,0.9,1.8,1.8,0.0,0.0
0.9,1.8,1.8,1.8,0.0,0.0
1.8,1.8,1.8,1.8,0.0,0.0
0.9,0.9,2.7,1.8,0.0,0.0
1.8,0.9,2.7,1.8,0.0,0.0
0.9,1.8,2.7,1.8,0.0,0.0
1.8,1.8,2.7,1.8,0.0,0.0
0.9,0.9,3.6,1.8,0.0,0.0
1.8,0.9,3.6,1.8,0.0,0.0
0.9,1.8,3.6,1.8,0.0,0.0
1.8,1.8,3.6,1.8,0.0,0.0
0.9,0.9,4.5,1.8,0.0,0.0
1.8,0.9,4.5,1.8,0.0,0.0
0.9,1.8,4.5,1.8,0.0,0.0
1.8,1.8,4.5,1.8,0.0,0.0
0.9,0.9,5.4,1.8,0.0,0.0
1.8,0.9,5.4,1.8,0.0,0.0
0.9,1.8,5.4,1.8,0.0,0.0
1.8,1.8,5.4,1.8,0.0,0.0
0.9,0.9,0.0,2.7,0.0,0.0
1.8,0.9,0.0,2.7,0.0,0.0
0.9,1.8,0.0,2.7,0.0,0.0
1.8,1.8,0.0,2.7,0.0,0.0
0.9,0.9,0.9,2.7,0.0,0.0
1.8,0.9,0.9,2.7,0.0,0.0
0.9,1.8,0.9,2.7,0.0,0.0
1.8,1.8,0.9,2.7,0.0,0.0
0.9,0.9,1.8,2.7,0.0,0.0
1.8,0.9,1.8,2.7,0.0,0.0
0.9,1.8,1.8,2.7,0.0,0.0
1.8,1.8,1.8,2.7,0.0,0.0
0.9,0.9,2.7,2.7,0.0,0.0
1.8,0.9,2.7,2.7,0.0,0.0
0.9,1.8,2.7,2.7,0.0,0.0
1.8,1.8,2.7,2.7,0.0,0.0
0.9,0.9,3.6,2.7,0.0,0.0
1.8,0.9,3.6,2.7,0.0,0.0
0.9,1.8,3.6,2.7,0.0,0.0
1.8,1.8,3.6,2.7,0.0,0.0
0.9,0.9,4.5,2.7,0.0,0.0
1.8,0.9,4.5,2.7,0.0,0.0
0.9,1.8,4.5,2.7,0.0,0.0
1.8,1.8,4.5,2.7,0.0,0.0
0.9,0.9,5.4,2.7,0.0,0.0
1.8,0.9,5.4,2.7,0.0,0.0
0.9,1.8,5.4,2.7,0.0,0.0
1.8,1.8,5.4,2.7,0.0,0.0
0.9,0.9,0.0,3.6,0.0,0.0
1.8,0.9,0.0,3.6,0.0,0.0
0.9,1.8,0.0,3.6,0.0,0.0
1.8,1.8,0.0,3.6,0.0,0.0
0.9,0.9,0.9,3.6,0.0,0.0
1.8,0.9,0.9,3.6,0.0,0.0
0.9,1.8,0.9,3.6,0.0,0.0
1.8,1.8,0.9,3.6,0.0,0.0
0.9,0.9,1.8,3.6,0.0,0.0
1.8,0.9,1.8,3.6,0.0,0.0
0.9,1.8,1.8,3.6,0.0,0.0
1.8,1.8,1.8,3.6,0.0,0.0
0.9,0.9,2.7,3.6,0.0,0.0
1.8,0.9,2.7,3.6,0.0,0.0
0.9,1.8,2.7,3.6,0.0,0.0
1.8,1.8,2.7,3.6,0.0,0.0
0.9,0.9,3.6,3.6,0.0,0.0
1.8,0.9,3.6,3.6,0.0,0.0
0.9,1.8,3.6,3.6,0.0,0.0
1.8,1.8,3.6,3.6,0.0,0.0
0.9,0.9,4.5,3.6,0.0,0.0
1.8,0.9,4.5,3.6,0.0,0.0
0.9,1.8,4.5,3.6,0.0,0.0
1.8,1.8,4.5,3.6,0.0,0.0
0.9,0.9,5.4,3.6,0.0,0.0
1.8,0.9,5.4,3.6,0.0,0.0
0.9,1.8,5.4,3.6,0.0,0.0
1.8,1.8,5.4,3.6,0.0,0.0
0.9,0.9,0.0,4.5,0.0,0.0
1.8,0.9,0.0,4.5,0.0,0.0
0.9,1.8,0.0,4.5,0.0,0.0
1.8,1.8,0.0,4.5,0.0,0.0
0.9,0.9,0.9,4.5,0.0,0.0
1.8,0.9,0.9,4.5,0.0,0.0
0.9,1.8,0.9,4.5,0.0,0.0
1.8,1.8,0.9,4.5,0.0,0.0
0.9,0.9,1.8,4.5,0.0,0.0
1.8,0.9,1.8,4.5,0.0,0.0
0.9,1.8,1.8,4.5,0.0,0.0
1.8,1.8,1.8,4.5,0.0,0.0
0.9,0.9,2.7,4.5,0.0,0.0
1.8,0.9,2.7,4.5,0.0,0.0
0.9,1.8,2.7,4.5,0.0,0.0
1.8,1.8,2.7,4.5,0.0,0.0
0.9,0.9,3.6,4.5,0.0,0.0
1.8,0.9,3.6,4.5,0.0,0.0
0.9,1.8,3.6,4.5,0.0,0.0
1.8,1.8,3.6,4.5,0.0,0.0
0.9,0.9,4.5,4.5,0.0,0.0
1.8,0.9,4.5,4.5,0.0,0.0
0.9,1.8,4.5,4.5,0.0,0.0
1.8,1.8,4.5,4.5,0.0,0.0
0.9,0.9,5.4,4.5,0.0,0.0
1.8,0.9,5.4,4.5,0.0,0.0
0.9,1.8,5.4,4.5,0.0,0.0
1.8,1.8,5.4,4.5,0.0,0.0
0.9,0.9,0.0,5.4,0.0,0.0
1.8,0.9,0.0,5.4,0.0,0.0
0.9,1.8,0.0,5.4,0.0,0.0
1.8,1.8,0.0,5.4,0.0,0.0
0.9,0.9,0.9,5.4,0.0,0.0
1.8,0.9,0.9,5.4,0.0,0.0
0.9,1.8,0.9,5.4,0.0,0.0
1.8,1.8,0.9,5.4,0.0,0.0
0.9,0.9,1.8,5.4,0.0,0.0
1.8,0.9,1.8,5.4,0.0,0.0
0.9,1.8,1.8,5.4,0.0,0.0
1.8,1.8,1.8,5.4,0.0,0.0
0.9,0.9,2.7,5.4,0.0,0.0
1.8,0.9,2.7,5.4,0.0,0.0
0.9,1.8,2.7,5.4,0.0,0.0
1.8,1.8,2.7,5.4,0.0,0.0
0.9,0.9,3.6,5.4,0.0,0.0
1.8,0.9,3.6,5.4,0.0,0.0
0.9,1.8,3.6,5.4,0.0,0.0
1.8,1.8,3.6,5.4,0.0,0.0
0.9,0.9,4.5,5.4,0.0,0.0
1.8,0.9,4.5,5.4,0.0,0.0
0.9,1.8,4.5,5.4,0.0,0.0
1.8,1.8,4.5,5.4,0.0,0.0
0.9,0.9,5.4,5.4,0.0,0.0
1.8,0.9,5.4,5.4,0.0,0.0
0.9,1.8,5.4,5.4,0.0,0.0
1.8,1.8,5.4,5.4,0.0,0.0
0.9,0.9,0.0,0.0,0.9,0.0
1.8,0.9,0.0,0.0,0.9,0.0
0.9,1.8,0.0,0.0,0.9,0.0
1.8,1.8,0.0,0.0,0.9,0.0
0.9,0.9,0.9,0.0,0.9,0.0
1.8,0.9,0.9,0.0,0.9,0.0
0.9,1.8,0.9,0.0,0.9,0.0
1.8,1.8,0.9,0.0,0.9,0.0
0.9,0.9,1.8,0.0,0.9,0.0
1.8,0.9,1.8,0.0,0.9,0.0
0.9,1.8,1.8,0.0,0.9,0.0
1.8,1.8,1.8,0.0,0.9,0.0
0.9,0.9,2.7,0.0,0.9,0.0
1.8,0.9,2.7,0.0,0.9,0.0
0.9,1.8,2.7,0.0,0.9,0.0
1.8,1.8,2.7,0.0,0.9,0.0
0.9,0.9,3.6,0.0,0.9,0.0
1.8,0.9,3.6,0.0,0.9,0.0
0.9,1.8,3.6,0.0,0.9,0.0
1.8,1.8,3.6,0.0,0.9,0.0
0.9,0.9,4.5,0.0,0.9,0.0
1.8,0.9,4.5,0.0,0.9,0.0
0.9,1.8,4.5,0.0,0.9,0.0
1.8,1.8,4.5,0.0,0.9,0.0
0.9,0.9,5.4,0.0,0.9,0.0
1.8,0.9,5.4,0.0,0.9,0.0
0.9,1.8,5.4,0.0,0.9,0.0
1.8,1.8,5.4,0.0,0.9,0.0
0.9,0.9,0.0,0.9,0.9,0.0
1.8,0.9,0.0,0.9,0.9,0.0
0.9,1.8,0.0,0.9,0.9,0.0
1.8,1.8,0.0,0.9,0.9,0.0
0.9,0.9,0.9,0.9,0.9,0.0
1.8,0.9,0.9,0.9,0.9,0.0
0.9,1.8,0.9,0.9,0.9,0.0
1.8,1.8,0.9,0.9,0.9,0.0
0.9,0.9,1.8,0.9,0.9,0.0
1.8,0.9,1.8,0.9,0.9,0.0
0.9,1.8,1.8,0.9,0.9,0.0
1.8,1.8,1.8,0.9,0.9,0.0
0.9,0.9,2.7,0.9,0.9,0.0
1.8,0.9,2.7,0.9,0.9,0.0
0.9,1.8,2.7,0.9,0.9,0.0
1.8,1.8,2.7,0.9,0.9,0.0
0.9,0.9,3.6,0.9,0.9,0.0
1.8,0.9,3.6,0.9,0.9,0.0
0.9,1.8,3.6,0.9,0.9,0.0
1.8,1.8,3.6,0.9,0.9,0.0
0.9,0.9,4.5,0.9,0.9,0.0
1.8,0.9,4.5,0.9,0.9,0.0
0.9,1.8,4.5,0.9,0.9,0.0
1.8,1.8,4.5,0.9,0.9,0.0
0.9,0.9,5.4,0.9,0.9,0.0
1.8,0.9,5.4,0.9,0.9,0.0
0.9,1.8,5.4,0.9,0.9,0.0
1.8,1.8,5.4,0.9,0.9,0.0
0.9,0.9,0.0,1.8,0.9,0.0
1.8,0.9,0.0,1.8,0.9,0.0
0.9,1.8,0.0,1.8,0.9,0.0
1.8,1.8,0.0,1.8,0.9,0.0
0.9,0.9,0.9,1.8,0.9,0.0
1.8,0.9,0.9,1.8,0.9,0.0
0.9,1.8,0.9,1.8,0.9,0.0
1.8,1.8,0.9,1.8,0.9,0.0
0.9,0.9,1.8,1.8,0.9,0.0
1.8,0.9,1.8,1.8,0.9,0.0
0.9,1.8,1.8,1.8,0.9,0.0
1.8,1.8,1.8,1.8,0.9,0.0
0.9,0.9,2.7,1.8,0.9,0.0
1.8,0.9,2.7,1.8,0.9,0.0
0.9,1.8,2.7,1.8,0.9,0.0
1.8,1.8,2.7,1.8,0.9,0.0
0.9,0.9,3.6,1.8,0.9,0.0
1.8,0.9,3.6,1.8,0.9,0.0
0.9,1.8,3.6,1.8,0.9,0.0
1.8,1.8,3.6,1.8,0.9,0.0
0.9,0.9,4.5,1.8,0.9,0.0
1.8,0.9,4.5,1.8,0.9,0.0
0.9,1.8,4.5,1.8,0.9,0.0
1.8,1.8,4.5,1.8,0.9,0.0
0.9,0.9,5.4,1.8,0.9,0.0
1.8,0.9,5.4,1.8,0.9,0.0
0.9,1.8,5.4,1.8,0.9,0.0
1.8,1.8,5.4,1.8,0.9,0.0
0.9,0.9,0.0,2.7,0.9,0.0
1.8,0.9,0.0,2.7,0.9,0.0
0.9,1.8,0.0,2.7,0.9,0.0
1.8,1.8,0.0,2.7,0.9,0.0
0.9,0.9,0.9,2.7,0.9,0.0
1.8,0.9,0.9,2.7,0.9,0.0
0.9,1.8,0.9,2.7,0.9,0.0
1.8,1.8,0.9,2.7,0.9,0.0
0.9,0.9,1.8,2.7,0.9,0.0
1.8,0.9,1.8,2.7,0.9,0.0
0.9,1.8,1.8,2.7,0.9,0.0
1.8,1.8,1.8,2.7,0.9,0.0
0.9,0.9,2.7,2.7,0.9,0.0
1.8,0.9,2.7,2.7,0.9,0.0
0.9,1.8,2.7,2.7,0.9,0.0
1.8,1.8,2.7,2.7,0.9,0.0
0.9,0.9,3.6,2.7,0.9,0.0
1.8,0.9,3.6,2.7,0.9,0.0
0.9,1.8,3.6,2.7,0.9,0.0
1.8,1.8,3.6,2.7,0.9,0.0
0.9,0.9,4.5,2.7,0.9,0.0
1.8,0.9,4.5,2.7,0.9,0.0
0.9,1.8,4.5,2.7,0.9,0.0
1.8,1.8,4.5,2.7,0.9,0.0
0.9,0.9,5.4,2.7,0.9,0.0
1.8,0.9,5.4,2.7,0.9,0.0
0.9,1.8,5.4,2.7,0.9,0.0
1.8,1.8,5.4,2.7,0.9,0.0
0.9,0.9,0.0,3.6,0.9,0.0
1.8,0.9,0.0,3.6,0.9,0.0
0.9,1.8,0.0,3.6,0.9,0.0
1.8,1.8,0.0,3.6,0.9,0.0
0.9,0.9,0.9,3.6,0.9,0.0
1.8,0.9,0.9,3.6,0.9,0.0
0.9,1.8,0.9,3.6,0.9,0.0
1.8,1.8,0.9,3.6,0.9,0.0
0.9,0.9,1.8,3.6,0.9,0.0
1.8,0.9,1.8,3.6,0.9,0.0
0.9,1.8,1.8,3.6,0.9,0.0
1.8,1.8,1.8,3.6,0.9,0.0
0.9,0.9,2.7,3.6,0.9,0.0
1.8,0.9,2.7,3.6,0.9,0.0
0.9,1.8,2.7,3.6,0.9,0.0
1.8,1.8,2.7,3.6,0.9,0.0
0.9,0.9,3.6,3.6,0.9,0.0
1.8,0.9,3.6,3.6,0.9,0.0
0.9,1.8,3.6,3.6,0.9,0.0
1.8,1.8,3.6,3.6,0.9,0.0
0.9,0.9,4.5,3.6,0.9,0.0
1.8,0.9,4.5,3.6,0.9,0.0
0.9,1.8,4.5,3.6,0.9,0.0
1.8,1.8,4.5,3.6,0.9,0.0
0.9,0.9,5.4,3.6,0.9,0.0
1.8,0.9,5.4,3.6,0.9,0.0
0.9,1.8,5.4,3.6,0.9,0.0
1.8,1.8,5.4,3.6,0.9,0.0
0.9,0.9,0.0,4.5,0.9,0.0
1.8,0.9,0.0,4.5,0.9,0.0
0.9,1.8,0.0,4.5,0.9,0.0
1.8,1.8,0.0,4.5,0.9,0.0
0.9,0.9,0.9,4.5,0.9,0.0
1.8,0.9,0.9,4.5,0.9,0.0
0.9,1.8,0.9,4.5,0.9,0.0
1.8,1.8,0.9,4.5,0.9,0.0
0.9,0.9,1.8,4.5,0.9,0.0
1.8,0.9,1.8,4.5,0.9,0.0
0.9,1.8,1.8,4.5,0.9,0.0
1.8,1.8,1.8,4.5,0.9,0.0
0.9,0.9,2.7,4.5,0.9,0.0
1.8,0.9,2.7,4.5,0.9,0.0
0.9,1.8,2.7,4.5,0.9,0.0
1.8,1.8,2.7,4.5,0.9,0.0
0.9,0.9,3.6,4.5,0.9,0.0
1.8,0.9,3.6,4.5,0.9,0.0
0.9,1.8,3.6,4.5,0.9,0.0
1.8,1.8,3.6,4.5,0.9,0.0
0.9,0.9,4.5,4.5,0.9,0.0
1.8,0.9,4.5,4.5,0.9,0.0
0.9,1.8,4.5,4.5,0.9,0.0
1.8,1.8,4.5,4.5,0.9,0.0
0.9,0.9,5.4,4.5,0.9,0.0
1.8,0.9,5.4,4.5,0.9,0.0
0.9,1.8,5.4,4.5,0.9,0.0
1.8,1.8,5.4,4.5,0.9,0.0
0.9,0.9,0.0,5.4,0.9,0.0
1.8,0.9,0.0,5.4,0.9,0.0
0.9,1.8,0.0,5.4,0.9,0.0
1.8,1.8,0.0,5.4,0.9,0.0
0.9,0.9,0.9,5.4,0.9,0.0
1.8,0.9,0.9,5.4,0.9,0.0
0.9,1.8,0.9,5.4,0.9,0.0
1.8,1.8,0.9,5.4,0.9,0.0
0.9,0.9,1.8,5.4,0.9,0.0
1.8,0.9,1.8,5.4,0.9,0.0
0.9,1.8,1.8,5.4,0.9,0.0
1.8,1.8,1.8,5.4,0.9,0.0
0.9,0.9,2.7,5.4,0.9,0.0
1.8,0.9,2.7,5.4,0.9,0.0
0.9,1.8,2.7,5.4,0.9,0.0
1.8,1.8,2.7,5.4,0.9,0.0
0.9,0.9,3.6,5.4,0.9,0.0
1.8,0.9,3.6,5.4,0.9,0.0
0.9,1.8,3.6,5.4,0.9,0.0
1.8,1.8,3.6,5.4,0.9,0.0
0.9,0.9,4.5,5.4,0.9,0.0
1.8,0.9,4.5,5.4,0.9,0.0
0.9,1.8,4.5,5.4,0.9,0.0
1.8,1.8,4.5,5.4,0.9,0.0
0.9,0.9,5.4,5.4,0.9,0.0
1.8,0.9,5.4,5.4,0.9,0.0
0.9,1.8,5.4,5.4,0.9,0.0
1.8,1.8,5.4,5.4,0.9,0.0
0.9,0.9,0.0,0.0,1.8,0.0
1.8,0.9,0.0,0.0,1.8,0.0
0.9,1.8,0.0,0.0,1.8,0.0
1.8,1.8,0.0,0.0,1.8,0.0
0.9,0.9,0.9,0.0,1.8,0.0
1.8,0.9,0.9,0.0,1.8,0.0
0.9,1.8,0.9,0.0,1.8,0.0
1.8,1.8,0.9,0.0,1.8,0.0
0.9,0.9,1.8,0.0,1.8,0.0
1.8,0.9,1.8,0.0,1.8,0.0
0.9,1.8,1.8,0.0,1.8,0.0
1.8,1.8,1.8,0.0,1.8,0.0
0.9,0.9,2.7,0.0,1.8,0.0
1.8,0.9,2.7,0.0,1.8,0.0
0.9,1.8,2.7,0.0,1.8,0.0
1.8,1.8,2.7,0.0,1.8,0.0
0.9,0.9,3.6,0.0,1.8,0.0
1.8,0.9,3.6,0.0,1.8,0.0
0.9,1.8,3.6,0.0,1.8,0.0
1.8,1.8,3.6,0.0,1.8,0.0
0.9,0.9,4.5,0.0,1.8,0.0
1.8,0.9,4.5,0.0,1.8,0.0
0.9,1.8,4.5,0.0,1.8,0.0
1.8,1.8,4.5,0.0,1.8,0.0
0.9,0.9,5.4,0.0,1.8,0.0
1.8,0.9,5.4,0.0,1.8,0.0
0.9,1.8,5.4,0.0,1.8,0.0
1.8,1.8,5.4,0.0,1.8,0.0
0.9,0.9,0.0,0.9,1.8,0.0
1.8,0.9,0.0,0.9,1.8,0.0
0.9,1.8,0.0,0.9,1.8,0.0
1.8,1.8,0.0,0.9,1.8,0.0
0.9,0.9,0.9,0.9,1.8,0.0
1.8,0.9,0.9,0.9,1.8,0.0
0.9,1.8,0.9,0.9,1.8,0.0
1.8,1.8,0.9,0.9,1.8,0.0
0.9,0.9,1.8,0.9,1.8,0.0
1.8,0.9,1.8,0.9,1.8,0.0
0.9,1.8,1.8,0.9,1.8,0.0
1.8,1.8,1.8,0.9,1.8,0.0
0.9,0.9,2.7,0.9,1.8,0.0
1.8,0.9,2.7,0.9,1.8,0.0
0.9,1.8,2.7,0.9,1.8,0.0
1.8,1.8,2.7,0.9,1.8,0.0
0.9,0.9,3.6,0.9,1.8,0.0
1.8,0.9,3.6,0.9,1.8,0.0
0.9,1.8,3.6,0.9,1.8,0.0
1.8,1.8,3.6,0.9,1.8,0.0
0.9,0.9,4.5,0.9,1.8,0.0
1.8,0.9,4.5,0.9,1.8,0.0
0.9,1.8,4.5,0.9,1.8,0.0
1.8,1.8,4.5,0.9,1.8,0.0
0.9,0.9,5.4,0.9,1.8,0.0
1.8,0.9,5.4,0.9,1.8,0.0
0.9,1.8,5.4,0.9,1.8,0.0
1.8,1.8,5.4,0.9,1.8,0.0
0.9,0.9,0.0,1.8,1.8,0.0
1.8,0.9,0.0,1.8,1.8,0.0
0.9,1.8,0.0,1.8,1.8,0.0
1.8,1.8,0.0,1.8,1.8,0.0
0.9,0.9,0.9,1.8,1.8,0.0
1.8,0.9,0.9,1.8,1.8,0.0
0.9,1.8,0.9,1.8,1.8,0.0
1.8,1.8,0.9,1.8,1.8,0.0
0.9,0.9,1.8,1.8,1.8,0.0
1.8,0.9,1.8,1.8,1.8,0.0
0.9,1.8,1.8,1.8,1.8,0.0
1.8,1.8,1.8,1.8,1.8,0.0
0.9,0.9,2.7,1.8,1.8,0.0
1.8,0.9,2.7,1.8,1.8,0.0
0.9,1.8,2.7,1.8,1.8,0.0
1.8,1.8,2.7,1.8,1.8,0.0
0.9,0.9,3.6,1.8,1.8,0.0
1.8,0.9,3.6,1.8,1.8,0.0
0.9,1.8,3.6,1.8,1.8,0.0
1.8,1.8,3.6,1.8,1.8,0.0
0.9,0.9,4.5,1.8,1.8,0.0
1.8,0.9,4.5,1.8,1.8,0.0
0.9,1.8,4.5,1.8,1.8,0.0
1.8,1.8,4.5,1.8,1.8,0.0
0.9,0.9,5.4,1.8,1.8,0.0
1.8,0.9,5.4,1.8,1.8,0.0
0.9,1.8,5.4,1.8,1.8,0.0
1.8,1.8,5.4,1.8,1.8,0.0
0.9,0.9,0.0,2.7,1.8,0.0
1.8,0.9,0.0,2.7,1.8,0.0
0.9,1.8,0.0,2.7,1.8,0.0
1.8,1.8,0.0,2.7,1.8,0.0
0.9,0.9,0.9,2.7,1.8,0.0
1.8,0.9,0.9,2.7,1.8,0.0
0.9,1.8,0.9,2.7,1.8,0.0
1.8,1.8,0.9,2.7,1.8,0.0
0.9,0.9,1.8,2.7,1.8,0.0
1.8,0.9,1.8,2.7,1.8,0.0
0.9,1.8,1.8,2.7,1.8,0.0
1.8,1.8,1.8,2.7,1.8,0.0
0.9,0.9,2.7,2.7,1.8,0.0
1.8,0.9,2.7,2.7,1.8,0.0
0.9,1.8,2.7,2.7,1.8,0.0
1.8,1.8,2.7,2.7,1.8,0.0
0.9,0.9,3.6,2.7,1.8,0.0
1.8,0.9,3.6,2.7,1.8,0.0
0.9,1.8,3.6,2.7,1.8,0.0
1.8,1.8,3.6,2.7,1.8,0.0
0.9,0.9,4.5,2.7,1.8,0.0
1.8,0.9,4.5,2.7,1.8,0.0
0.9,1.8,4.5,2.7,1.8,0.0
1.8,1.8,4.5,2.7,1.8,0.0
0.9,0.9,5.4,2.7,1.8,0.0
1.8,0.9,5.4,2.7,1.8,0.0
0.9,1.8,5.4,2.7,1.8,0.0
1.8,1.8,5.4,2.7,1.8,0.0
0.9,0.9,0.0,3.6,1.8,0.0
1.8,0.9,0.0,3.6,1.8,0.0
0.9,1.8,0.0,3.6,1.8,0.0
1.8,1.8,0.0,3.6,1.8,0.0
0.9,0.9,0.9,3.6,1.8,0.0
1.8,0.9,0.9,3.6,1.8,0.0
0.9,1.8,0.9,3.6,1.8,0.0
1.8,1.8,0.9,3.6,1.8,0.0
0.9,0.9,1.8,3.6,1.8,0.0
1.8,0.9,1.8,3.6,1.8,0.0
0.9,1.8,1.8,3.6,1.8,0.0
1.8,1.8,1.8,3.6,1.8,0.0
0.9,0.9,2.7,3.6,1.8,0.0
1.8,0.9,2.7,3.6,1.8,0.0
0.9,1.8,2.7,3.6,1.8,0.0
1.8,1.8,2.7,3.6,1.8,0.0
0.9,0.9,3.6,3.6,1.8,0.0
1.8,0.9,3.6,3.6,1.8,0.0
0.9,1.8,3.6,3.6,1.8,0.0
1.8,1.8,3.6,3.6,1.8,0.0
0.9,0.9,4.5,3.6,1.8,0.0
1.8,0.9,4.5,3.6,1.8,0.0
0.9,1.8,4.5,3.6,1.8,0.0
1.8,1.8,4.5,3.6,1.8,0.0
0.9,0.9,5.4,3.6,1.8,0.0
1.8,0.9,5.4,3.6,1.8,0.0
0.9,1.8,5.4,3.6,1.8,0.0
1.8,1.8,5.4,3.6,1.8,0.0
0.9,0.9,0.0,4.5,1.8,0.0
1.8,0.9,0.0,4.5,1.8,0.0
0.9,1.8,0.0,4.5,1.8,0.0
1.8,1.8,0.0,4.5,1.8,0.0
0.9,0.9,0.9,4.5,1.8,0.0
1.8,0.9,0.9,4.5,1.8,0.0
0.9,1.8,0.9,4.5,1.8,0.0
1.8,1.8,0.9,4.5,1.8,0.0
0.9,0.9,1.8,4.5,1.8,0.0
1.8,0.9,1.8,4.5,1.8,0.0
0.9,1.8,1.8,4.5,1.8,0.0
1.8,1.8,1.8,4.5,1.8,0.0
0.9,0.9,2.7,4.5,1.8,0.0
1.8,0.9,2.7,4.5,1.8,0.0
0.9,1.8,2.7,4.5,1.8,0.0
1.8,1.8,2.7,4.5,1.8,0.0
0.9,0.9,3.6,4.5,1.8,0.0
1.8,0.9,3.6,4.5,1.8,0.0
0.9,1.8,3.6,4.5,1.8,0.0
1.8,1.8,3.6,4.5,1.8,0.0
0.9,0.9,4.5,4.5,1.8,0.0
1.8,0.9,4.5,4.5,1.8,0.0
0.9,1.8,4.5,4.5,1.8,0.0
1.8,1.8,4.5,4.5,1.8,0.0
0.9,0.9,5.4,4.5,1.8,0.0
1.8,0.9,5.4,4.5,1.8,0.0
0.9,1.8,5.4,4.5,1.8,0.0
1.8,1.8,5.4,4.5,1.8,0.0
0.9,0.9,0.0,5.4,1.8,0.0
1.8,0.9,0.0,5.4,1.8,0.0
0.9,1.8,0.0,5.4,1.8,0.0
1.8,1.8,0.0,5.4,1.8,0.0
0.9,0.9,0.9,5.4,1.8,0.0
1.8,0.9,0.9,5.4,1.8,0.0
0.9,1.8,0.9,5.4,1.8,0.0
1.8,1.8,0.9,5.4,1.8,0.0
0.9,0.9,1.8,5.4,1.8,0.0
1.8,0.9,1.8,5.4,1.8,0.0
0.9,1.8,1.8,5.4,1.8,0.0
1.8,1.8,1.8,5.4,1.8,0.0
0.9,0.9,2.7,5.4,1.8,0.0
1.8,0.9,2.7,5.4,1.8,0.0
0.9,1.8,2.7,5.4,1.8,0.0
1.8,1.8,2.7,5.4,1.8,0.0
0.9,0.9,3.6,5.4,1.8,0.0
1.8,0.9,3.6,5.4,1.8,0.0
0.9,1.8,3.6,5.4,1.8,0.0
1.8,1.8,3.6,5.4,1.8,0.0
0.9,0.9,4.5,5.4,1.8,0.0
1.8,0.9,4.5,5.4,1.8,0.0
0.9,1.8,4.5,5.4,1.8,0.0
1.8,1.8,4.5,5.4,1.8,0.0
0.9,0.9,5.4,5.4,1.8,0.0
1.8,0.9,5.4,5.4,1.8,0.0
0.9,1.8,5.4,5.4,1.8,0.0
1.8,1.8,5.4,5.4,1.8,0.0
0.9,0.9,0.0,0.0,2.7,0.0
1.8,0.9,0.0,0.0,2.7,0.0
0.9,1.8,0.0,0.0,2.7,0.0
1.8,1.8,0.0,0.0,2.7,0.0
0.9,0.9,0.9,0.0,2.7,0.0
1.8,0.9,0.9,0.0,2.7,0.0
0.9,1.8,0.9,0.0,2.7,0.0
1.8,1.8,0.9,0.0,2.7,0.0
0.9,0.9,1.8,0.0,2.7,0.0
1.8,0.9,1.8,0.0,2.7,0.0
0.9,1.8,1.8,0.0,2.7,0.0
1.8,1.8,1.8,0.0,2.7,0.0
0.9,0.9,2.7,0.0,2.7,0.0
1.8,0.9,2.7,0.0,2.7,0.0
0.9,1.8,2.7,0.0,2.7,0.0
1.8,1.8,2.7,0.0,2.7,0.0
0.9,0.9,3.6,0.0,2.7,0.0
1.8,0.9,3.6,0.0,2.7,0.0
0.9,1.8,3.6,0.0,2.7,0.0
1.8,1.8,3.6,0.0,2.7,0.0
0.9,0.9,4.5,0.0,2.7,0.0
1.8,0.9,4.5,0.0,2.7,0.0
0.9,1.8,4.5,0.0,2.7,0.0
1.8,1.8,4.5,0.0,2.7,0.0
0.9,0.9,5.4,0.0,2.7,0.0
1.8,0.9,5.4,0.0,2.7,0.0
0.9,1.8,5.4,0.0,2.7,0.0
1.8,1.8,5.4,0.0,2.7,0.0
0.9,0.9,0.0,0.9,2.7,0.0
1.8,0.9,0.0,0.9,2.7,0.0
0.9,1.8,0.0,0.9,2.7,0.0
1.8,1.8,0.0,0.9,2.7,0.0
0.9,0.9,0.9,0.9,2.7,0.0
1.8,0.9,0.9,0.9,2.7,0.0
0.9,1.8,0.9,0.9,2.7,0.0
1.8,1.8,0.9,0.9,2.7,0.0
0.9,0.9,1.8,0.9,2.7,0.0
1.8,0.9,1.8,0.9,2.7,0.0
0.9,1.8,1.8,0.9,2.7,0.0
1.8,1.8,1.8,0.9,2.7,0.0
0.9,0.9,2.7,0.9,2.7,0.0
1.8,0.9,2.7,0.9,2.7,0.0
0.9,1.8,2.7,0.9,2.7,0.0
1.8,1.8,2.7,0.9,2.7,0.0
0.9,0.9,3.6,0.9,2.7,0.0
1.8,0.9,3.6,0.9,2.7,0.0
0.9,1.8,3.6,0.9,2.7,0.0
1.8,1.8,3.6,0.9,2.7,0.0
0.9,0.9,4.5,0.9,2.7,0.0
1.8,0.9,4.5,0.9,2.7,0.0
0.9,1.8,4.5,0.9,2.7,0.0
1.8,1.8,4.5,0.9,2.7,0.0
0.9,0.9,5.4,0.9,2.7,0.0
1.8,0.9,5.4,0.9,2.7,0.0
0.9,1.8,5.4,0.9,2.7,0.0
1.8,1.8,5.4,0.9,2.7,0.0
0.9,0.9,0.0,1.8,2.7,0.0
1.8,0.9,0.0,1.8,2.7,0.0
0.9,1.8,0.0,1.8,2.7,0.0
1.8,1.8,0.0,1.8,2.7,0.0
0.9,0.9,0.9,1.8,2.7,0.0
1.8,0.9,0.9,1.8,2.7,0.0
0.9,1.8,0.9,1.8,2.7,0.0
1.8,1.8,0.9,1.8,2.7,0.0
0.9,0.9,1.8,1.8,2.7,0.0
1.8,0.9,1.8,1.8,2.7,0.0
0.9,1.8,1.8,1.8,2.7,0.0
1.8,1.8,1.8,1.8,2.7,0.0
0.9,0.9,2.7,1.8,2.7,0.0
1.8,0.9,2.7,1.8,2.7,0.0
0.9,1.8,2.7,1.8,2.7,0.0
1.8,1.8,2.7,1.8,2.7,0.0
0.9,0.9,3.6,1.8,2.7,0.0
1.8,0.9,3.6,1.8,2.7,0.0
0.9,1.8,3.6,1.8,2.7,0.0
1.8,1.8,3.6,1.8,2.7,0.0
0.9,0.9,4.5,1.8,2.7,0.0
1.8,0.9,4.5,1.8,2.7,0.0
0.9,1.8,4.5,1.8,2.7,0.0
1.8,1.8,4.5,1.8,2.7,0.0
0.9,0.9,5.4,1.8,2.7,0.0
1.8,0.9,5.4,1.8,2.7,0.0
0.9,1.8,5.4,1.8,2.7,0.0
1.8,1.8,5.4,1.8,2.7,0.0
0.9,0.9,0.0,2.7,2.7,0.0
1.8,0.9,0.0,2.7,2.7,0.0
0.9,1.8,0.0,2.7,2.7,0.0
1.8,1.8,0.0,2.7,2.7,0.0
0.9,0.9,0.9,2.7,2.7,0.0
1.8,0.9,0.9,2.7,2.7,0.0
0.9,1.8,0.9,2.7,2.7,0.0
1.8,1.8,0.9,2.7,2.7,0.0
0.9,0.9,1.8,2.7,2.7,0.0
1.8,0.9,1.8,2.7,2.7,0.0
0.9,1.8,1.8,2.7,2.7,0.0
1.8,1.8,1.8,2.7,2.7,0.0
0.9,0.9,2.7,2.7,2.7,0.0
1.8,0.9,2.7,2.7,2.7,0.0
0.9,1.8,2.7,2.7,2.7,0.0
1.8,1.8,2.7,2.7,2.7,0.0
0.9,0.9,3.6,2.7,2.7,0.0
1.8,0.9,3.6,2.7,2.7,0.0
0.9,1.8,3.6,2.7,2.7,0.0
1.8,1.8,3.6,2.7,2.7,0.0
0.9,0.9,4.5,2.7,2.7,0.0
1.8,0.9,4.5,2.7,2.7,0.0
0.9,1.8,4.5,2.7,2.7,0.0
1.8,1.8,4.5,2.7,2.7,0.0
0.9,0.9,5.4,2.7,2.7,0.0
1.8,0.9,5.4,2.7,2.7,0.0
0.9,1.8,5.4,2.7,2.7,0.0
1.8,1.8,5.4,2.7,2.7,0.0
0.9,0.9,0.0,3.6,2.7,0.0
1.8,0.9,0.0,3.6,2.7,0.0
0.9,1.8,0.0,3.6,2.7,0.0
1.8,1.8,0.0,3.6,2.7,0.0
0.9,0.9,0.9,3.6,2.7,0.0
1.8,0.9,0.9,3.6,2.7,0.0
0.9,1.8,0.9,3.6,2.7,0.0
1.8,1.8,0.9,3.6,2.7,0.0
0.9,0.9,1.8,3.6,2.7,0.0
1.8,0.9,1.8,3.6,2.7,0.0
0.9,1.8,1.8,3.6,2.7,0.0
1.8,1.8,1.8,3.6,2.7,0.0
0.9,0.9,2.7,3.6,2.7,0.0
1.8,0.9,2.7,3.6,2.7,0.0
0.9,1.8,2.7,3.6,2.7,0.0
1.8,1.8,2.7,3.6,2.7,0.0
0.9,0.9,3.6,3.6,2.7,0.0
1.8,0.9,3.6,3.6,2.7,0.0
0.9,1.8,3.6,3.6,2.7,0.0
1.8,1.8,3.6,3.6,2.7,0.0
0.9,0.9,4.5,3.6,2.7,0.0
1.8,0.9,4.5,3.6,2.7,0.0
0.9,1.8,4.5,3.6,2.7,0.0
1.8,1.8,4.5,3.6,2.7,0.0
0.9,0.9,5.4,3.6,2.7,0.0
1.8,0.9,5.4,3.6,2.7,0.0
0.9,1.8,5.4,3.6,2.7,0.0
1.8,1.8,5.4,3.6,2.7,0.0
0.9,0.9,0.0,4.5,2.7,0.0
1.8,0.9,0.0,4.5,2.7,0.0
0.9,1.8,0.0,4.5,2.7,0.0
1.8,1.8,0.0,4.5,2.7,0.0
0.9,0.9,0.9,4.5,2.7,0.0
1.8,0.9,0.9,4.5,2.7,0.0
0.9,1.8,0.9,4.5,2.7,0.0
1.8,1.8,0.9,4.5,2.7,0.0
0.9,0.9,1.8,4.5,2.7,0.0
1.8,0.9,1.8,4.5,2.7,0.0
0.9,1.8,1.8,4.5,2.7,0.0
1.8,1.8,1.8,4.5,2.7,0.0
0.9,0.9,2.7,4.5,2.7,0.0
1.8,0.9,2.7,4.5,2.7,0.0
0.9,1.8,2.7,4.5,2.7,0.0
1.8,1.8,2.7,4.5,2.7,0.0
0.9,0.9,3.6,4.5,2.7,0.0
1.8,0.9,3.6,4.5,2.7,0.0
0.9,1.8,3.6,4.5,2.7,0.0
1.8,1.8,3.6,4.5,2.7,0.0
0.9,0.9,4.5,4.5,2.7,0.0
1.8,0.9,4.5,4.5,2.7,0.0
0.9,1.8,4.5,4.5,2.7,0.0
1.8,1.8,4.5,4.5,2.7,0.0
0.9,0.9,5.4,4.5,2.7,0.0
1.8,0.9,5.4,4.5,2.7,0.0
0.9,1.8,5.4,4.5,2.7,0.0
1.8,1.8,5.4,4.5,2.7,0.0
0.9,0.9,0.0,5.4,2.7,0.0
1.8,0.9,0.0,5.4,2.7,0.0
0.9,1.8,0.0,5.4,2.7,0.0
1.8,1.8,0.0,5.4,2.7,0.0
0.9,0.9,0.9,5.4,2.7,0.0
1.8,0.9,0.9,5.4,2.7,0.0
0.9,1.8,0.9,5.4,2.7,0.0
1.8,1.8,0.9,5.4,2.7,0.0
0.9,0.9,1.8,5.4,2.7,0.0
1.8,0.9,1.8,5.4,2.7,0.0
0.9,1.8,1.8,5.4,2.7,0.0
1.8,1.8,1.8,5.4,2.7,0.0
0.9,0.9,2.7,5.4,2.7,0.0
1.8,0.9,2.7,5.4,2.7,0.0
0.9,1.8,2.7,5.4,2.7,0.0
1.8,1.8,2.7,5.4,2.7,0.0
0.9,0.9,3.6,5.4,2.7,0.0
1.8,0.9,3.6,5.4,2.7,0.0
0.9,1.8,3.6,5.4,2.7,0.0
1.8,1.8,3.6,5.4,2.7,0.0
0.9,0.9,4.5,5.4,2.7,0.0
1.8,0.9,4.5,5.4,2.7,0.0
0.9,1.8,4.5,5.4,2.7,0.0
1.8,1.8,4.5,5.4,2.7,0.0
0.9,0.9,5.4,5.4,2.7,0.0
1.8,0.9,5.4,5.4,2.7,0.0
0.9,1.8,5.4,5.4,2.7,0.0
1.8,1.8,5.4,5.4,2.7,0.0
0.9,0.9,0.0,0.0,3.6,0.0
1.8,0.9,0.0,0.0,3.6,0.0
0.9,1.8,0.0,0.0,3.6,0.0
1.8,1.8,0.0,0.0,3.6,0.0
0.9,0.9,0.9,0.0,3.6,0.0
1.8,0.9,0.9,0.0,3.6,0.0
0.9,1.8,0.9,0.0,3.6,0.0
1.8,1.8,0.9,0.0,3.6,0.0
0.9,0.9,1.8,0.0,3.6,0.0
1.8,0.9,1.8,0.0,3.6,0.0
0.9,1.8,1.8,0.0,3.6,0.0
1.8,1.8,1.8,0.0,3.6,0.0
0.9,0.9,2.7,0.0,3.6,0.0
1.8,0.9,2.7,0.0,3.6,0.0
0.9,1.8,2.7,0.0,3.6,0.0
1.8,1.8,2.7,0.0,3.6,0.0
0.9,0.9,3.6,0.0,3.6,0.0
1.8,0.9,3.6,0.0,3.6,0.0
0.9,1.8,3.6,0.0,3.6,0.0
1.8,1.8,3.6,0.0,3.6,0.0
0.9,0.9,4.5,0.0,3.6,0.0
1.8,0.9,4.5,0.0,3.6,0.0
0.9,1.8,4.5,0.0,3.6,0.0
1.8,1.8,4.5,0.0,3.6,0.0
0.9,0.9,5.4,0.0,3.6,0.0
1.8,0.9,5.4,0.0,3.6,0.0
0.9,1.8,5.4,0.0,3.6,0.0
1.8,1.8,5.4,0.0,3.6,0.0
0.9,0.9,0.0,0.9,3.6,0.0
1.8,0.9,0.0,0.9,3.6,0.0
0.9,1.8,0.0,0.9,3.6,0.0
1.8,1.8,0.0,0.9,3.6,0.0
0.9,0.9,0.9,0.9,3.6,0.0
1.8,0.9,0.9,0.9,3.6,0.0
0.9,1.8,0.9,0.9,3.6,0.0
1.8,1.8,0.9,0.9,3.6,0.0
0.9,0.9,1.8,0.9,3.6,0.0
1.8,0.9,1.8,0.9,3.6,0.0
0.9,1.8,1.8,0.9,3.6,0.0
1.8,1.8,1.8,0.9,3.6,0.0
0.9,0.9,2.7,0.9,3.6,0.0
1.8,0.9,2.7,0.9,3.6,0.0
0.9,1.8,2.7,0.9,3.6,0.0
1.8,1.8,2.7,0.9,3.6,0.0
0.9,0.9,3.6,0.9,3.6,0.0
1.8,0.9,3.6,0.9,3.6,0.0
0.9,1.8,3.6,0.9,3.6,0.0
1.8,1.8,3.6,0.9,3.6,0.0
0.9,0.9,4.5,0.9,3.6,0.0
1.8,0.9,4.5,0.9,3.6,0.0
0.9,1.8,4.5,0.9,3.6,0.0
1.8,1.8,4.5,0.9,3.6,0.0
0.9,0.9,5.4,0.9,3.6,0.0
1.8,0.9,5.4,0.9,3.6,0.0
0.9,1.8,5.4,0.9,3.6,0.0
1.8,1.8,5.4,0.9,3.6,0.0
0.9,0.9,0.0,1.8,3.6,0.0
1.8,0.9,0.0,1.8,3.6,0.0
0.9,1.8,0.0,1.8,3.6,0.0
1.8,1.8,0.0,1.8,3.6,0.0
0.9,0.9,0.9,1.8,3.6,0.0
1.8,0.9,0.9,1.8,3.6,0.0
0.9,1.8,0.9,1.8,3.6,0.0
1.8,1.8,0.9,1.8,3.6,0.0
0.9,0.9,1.8,1.8,3.6,0.0
1.8,0.9,1.8,1.8,3.6,0.0
0.9,1.8,1.8,1.8,3.6,0.0
1.8,1.8,1.8,1.8,3.6,0.0
0.9,0.9,2.7,1.8,3.6,0.0
1.8,0.9,2.7,1.8,3.6,0.0
0.9,1.8,2.7,1.8,3.6,0.0
1.8,1.8,2.7,1.8,3.6,0.0
0.9,0.9,3.6,1.8,3.6,0.0
1.8,0.9,3.6,1.8,3.6,0.0
0.9,1.8,3.6,1.8,3.6,0.0
1.8,1.8,3.6,1.8,3.6,0.0
0.9,0.9,4.5,1.8,3.6,0.0
1.8,0.9,4.5,1.8,3.6,0.0
0.9,1.8,4.5,1.8,3.6,0.0
1.8,1.8,4.5,1.8,3.6,0.0
0.9,0.9,5.4,1.8,3.6,0.0
1.8,0.9,5.4,1.8,3.6,0.0
0.9,1.8,5.4,1.8,3.6,0.0
1.8,1.8,5.4,1.8,3.6,0.0
0.9,0.9,0.0,2.7,3.6,0.0
1.8,0.9,0.0,2.7,3.6,0.0
0.9,1.8,0.0,2.7,3.6,0.0
1.8,1.8,0.0,2.7,3.6,0.0
0.9,0.9,0.9,2.7,3.6,0.0
1.8,0.9,0.9,2.7,3.6,0.0
0.9,1.8,0.9,2.7,3.6,0.0
1.8,1.8,0.9,2.7,3.6,0.0
0.9,0.9,1.8,2.7,3.6,0.0
1.8,0.9,1.8,2.7,3.6,0.0
0.9,1.8,1.8,2.7,3.6,0.0
1.8,1.8,1.8,2.7,3.6,0.0
0.9,0.9,2.7,2.7,3.6,0.0
1.8,0.9,2.7,2.7,3.6,0.0
0.9,1.8,2.7,2.7,3.6,0.0
1.8,1.8,2.7,2.7,3.6,0.0
0.9,0.9,3.6,2.7,3.6,0.0
1.8,0.9,3.6,2.7,3.6,0.0
0.9,1.8,3.6,2.7,3.6,0.0
1.8,1.8,3.6,2.7,3.6,0.0
0.9,0.9,4.5,2.7,3.6,0.0
1.8,0.9,4.5,2.7,3.6,0.0
0.9,1.8,4.5,2.7,3.6,0.0
1.8,1.8,4.5,2.7,3.6,0.0
0.9,0.9,5.4,2.7,3.6,0.0
1.8,0.9,5.4,2.7,3.6,0.0
0.9,1.8,5.4,2.7,3.6,0.0
1.8,1.8,5.4,2.7,3.6,0.0
0.9,0.9,0.0,3.6,3.6,0.0
1.8,0.9,0.0,3.6,3.6,0.0
0.9,1.8,0.0,3.6,3.6,0.0
1.8,1.8,0.0,3.6,3.6,0.0
0.9,0.9,0.9,3.6,3.6,0.0
1.8,0.9,0.9,3.6,3.6,0.0
0.9,1.8,0.9,3.6,3.6,0.0
1.8,1.8,0.9,3.6,3.6,0.0
0.9,0.9,1.8,3.6,3.6,0.0
1.8,0.9,1.8,3.6,3.6,0.0
0.9,1.8,1.8,3.6,3.6,0.0
1.8,1.8,1.8,3.6,3.6,0.0
0.9,0.9,2.7,3.6,3.6,0.0
1.8,0.9,2.7,3.6,3.6,0.0
0.9,1.8,2.7,3.6,3.6,0.0
1.8,1.8,2.7,3.6,3.6,0.0
0.9,0.9,3.6,3.6,3.6,0.0
1.8,0.9,3.6,3.6,3.6,0.0
0.9,1.8,3.6,3.6,3.6,0.0
1.8,1.8,3.6,3.6,3.6,0.0
0.9,0.9,4.5,3.6,3.6,0.0
1.8,0.9,4.5,3.6,3.6,0.0
0.9,1.8,4.5,3.6,3.6,0.0
1.8,1.8,4.5,3.6,3.6,0.0
0.9,0.9,5.4,3.6,3.6,0.0
1.8,0.9,5.4,3.6,3.6,0.0
0.9,1.8,5.4,3.6,3.6,0.0
1.8,1.8,5.4,3.6,3.6,0.0
0.9,0.9,0.0,4.5,3.6,0.0
1.8,0.9,0.0,4.5,3.6,0.0
0.9,1.8,0.0,4.5,3.6,0.0
1.8,1.8,0.0,4.5,3.6,0.0
0.9,0.9,0.9,4.5,3.6,0.0
1.8,0.9,0.9,4.5,3.6,0.0
0.9,1.8,0.9,4.5,3.6,0.0
1.8,1.8,0.9,4.5,3.6,0.0
0.9,0.9,1.8,4.5,3.6,0.0
1.8,0.9,1.8,4.5,3.6,0.0
0.9,1.8,1.8,4.5,3.6,0.0
1.8,1.8,1.8,4.5,3.6,0.0
0.9,0.9,2.7,4.5,3.6,0.0
1.8,0.9,2.7,4.5,3.6,0.0
0.9,1.8,2.7,4.5,3.6,0.0
1.8,1.8,2.7,4.5,3.6,0.0
0.9,0.9,3.6,4.5,3.6,0.0
1.8,0.9,3.6,4.5,3.6,0.0
0.9,1.8,3.6,4.5,3.6,0.0
1.8,1.8,3.6,4.5,3.6,0.0
0.9,0.9,4.5,4.5,3.6,0.0
1.8,0.9,4.5,4.5,3.6,0.0
0.9,1.8,4.5,4.5,3.6,0.0
1.8,1.8,4.5,4.5,3.6,0.0
0.9,0.9,5.4,4.5,3.6,0.0
1.8,0.9,5.4,4.5,3.6,0.0
0.9,1.8,5.4,4.5,3.6,0.0
1.8,1.8,5.4,4.5,3.6,0.0
0.9,0.9,0.0,5.4,3.6,0.0
1.8,0.9,0.0,5.4,3.6,0.0
0.9,1.8,0.0,5.4,3.6,0.0
1.8,1.8,0.0,5.4,3.6,0.0
0.9,0.9,0.9,5.4,3.6,0.0
1.8,0.9,0.9,5.4,3.6,0.0
0.9,1.8,0.9,5.4,3.6,0.0
1.8,1.8,0.9,5.4,3.6,0.0
0.9,0.9,1.8,5.4,3.6,0.0
1.8,0.9,1.8,5.4,3.6,0.0
0.9,1.8,1.8,5.4,3.6,0.0
1.8,1.8,1.8,5.4,3.6,0.0
0.9,0.9,2.7,5.4,3.6,0.0
1.8,0.9,2.7,5.4,3.6,0.0
0.9,1.8,2.7,5.4,3.6,0.0
1.8,1.8,2.7,5.4,3.6,0.0
0.9,0.9,3.6,5.4,3.6,0.0
1.8,0.9,3.6,5.4,3.6,0.0
0.9,1.8,3.6,5.4,3.6,0.0
1.8,1.8,3.6,5.4,3.6,0.0
0.9,0.9,4.5,5.4,3.6,0.0
1.8,0.9,4.5,5.4,3.6,0.0
0.9,1.8,4.5,5.4,3.6,0.0
1.8,1.8,4.5,5.4,3.6,0.0
0.9,0.9,5.4,5.4,3.6,0.0
1.8,0.9,5.4,5.4,3.6,0.0
0.9,1.8,5.4,5.4,3.6,0.0
1.8,1.8,5.4,5.4,3.6,0.0
0.9,0.9,0.0,0.0,4.5,0.0
1.8,0.9,0.0,0.0,4.5,0.0
0.9,1.8,0.0,0.0,4.5,0.0
1.8,1.8,0.0,0.0,4.5,0.0
0.9,0.9,0.9,0.0,4.5,0.0
1.8,0.9,0.9,0.0,4.5,0.0
0.9,1.8,0.9,0.0,4.5,0.0
1.8,1.8,0.9,0.0,4.5,0.0
0.9,0.9,1.8,0.0,4.5,0.0
1.8,0.9,1.8,0.0,4.5,0.0
0.9,1.8,1.8,0.0,4.5,0.0
1.8,1.8,1.8,0.0,4.5,0.0
0.9,0.9,2.7,0.0,4.5,0.0
1.8,0.9,2.7,0.0,4.5,0.0
0.9,1.8,2.7,0.0,4.5,0.0
1.8,1.8,2.7,0.0,4.5,0.0
0.9,0.9,3.6,0.0,4.5,0.0
1.8,0.9,3.6,0.0,4.5,0.0
0.9,1.8,3.6,0.0,4.5,0.0
1.8,1.8,3.6,0.0,4.5,0.0
0.9,0.9,4.5,0.0,4.5,0.0
1.8,0.9,4.5,0.0,4.5,0.0
0.9,1.8,4.5,0.0,4.5,0.0
1.8,1.8,4.5,0.0,4.5,0.0
0.9,0.9,5.4,0.0,4.5,0.0
1.8,0.9,5.4,0.0,4.5,0.0
0.9,1.8,5.4,0.0,4.5,0.0
1.8,1.8,5.4,0.0,4.5,0.0
0.9,0.9,0.0,0.9,4.5,0.0
1.8,0.9,0.0,0.9,4.5,0.0
0.9,1.8,0.0,0.9,4.5,0.0
1.8,1.8,0.0,0.9,4.5,0.0
0.9,0.9,0.9,0.9,4.5,0.0
1.8,0.9,0.9,0.9,4.5,0.0
0.9,1.8,0.9,0.9,4.5,0.0
1.8,1.8,0.9,0.9,4.5,0.0
0.9,0.9,1.8,0.9,4.5,0.0
1.8,0.9,1.8,0.9,4.5,0.0
0.9,1.8,1.8,0.9,4.5,0.0
1.8,1.8,1.8,0.9,4.5,0.0
0.9,0.9,2.7,0.9,4.5,0.0
1.8,0.9,2.7,0.9,4.5,0.0
0.9,1.8,2.7,0.9,4.5,0.0
1.8,1.8,2.7,0.9,4.5,0.0
0.9,0.9,3.6,0.9,4.5,0.0
1.8,0.9,3.6,0.9,4.5,0.0
0.9,1.8,3.6,0.9,4.5,0.0
1.8,1.8,3.6,0.9,4.5,0.0
0.9,0.9,4.5,0.9,4.5,0.0
1.8,0.9,4.5,0.9,4.5,0.0
0.9,1.8,4.5,0.9,4.5,0.0
1.8,1.8,4.5,0.9,4.5,0.0
0.9,0.9,5.4,0.9,4.5,0.0
1.8,0.9,5.4,0.9,4.5,0.0
0.9,1.8,5.4,0.9,4.5,0.0
1.8,1.8,5.4,0.9,4.5,0.0
0.9,0.9,0.0,1.8,4.5,0.0
1.8,0.9,0.0,1.8,4.5,0.0
0.9,1.8,0.0,1.8,4.5,0.0
1.8,1.8,0.0,1.8,4.5,0.0
0.9,0.9,0.9,1.8,4.5,0.0
1.8,0.9,0.9,1.8,4.5,0.0
0.9,1.8,0.9,1.8,4.5,0.0
1.8,1.8,0.9,1.8,4.5,0.0
0.9,0.9,1.8,1.8,4.5,0.0
1.8,0.9,1.8,1.8,4.5,0.0
0.9,1.8,1.8,1.8,4.5,0.0
1.8,1.8,1.8,1.8,4.5,0.0
0.9,0.9,2.7,1.8,4.5,0.0
1.8,0.9,2.7,1.8,4.5,0.0
0.9,1.8,2.7,1.8,4.5,0.0
1.8,1.8,2.7,1.8,4.5,0.0
0.9,0.9,3.6,1.8,4.5,0.0
1.8,0.9,3.6,1.8,4.5,0.0
0.9,1.8,3.6,1.8,4.5,0.0
1.8,1.8,3.6,1.8,4.5,0.0
0.9,0.9,4.5,1.8,4.5,0.0
1.8,0.9,4.5,1.8,4.5,0.0
0.9,1.8,4.5,1.8,4.5,0.0
1.8,1.8,4.5,1.8,4.5,0.0
0.9,0.9,5.4,1.8,4.5,0.0
1.8,0.9,5.4,1.8,4.5,0.0
0.9,1.8,5.4,1.8,4.5,0.0
1.8,1.8,5.4,1.8,4.5,0.0
0.9,0.9,0.0,2.7,4.5,0.0
1.8,0.9,0.0,2.7,4.5,0.0
0.9,1.8,0.0,2.7,4.5,0.0
1.8,1.8,0.0,2.7,4.5,0.0
0.9,0.9,0.9,2.7,4.5,0.0
1.8,0.9,0.9,2.7,4.5,0.0
0.9,1.8,0.9,2.7,4.5,0.0
1.8,1.8,0.9,2.7,4.5,0.0
0.9,0.9,1.8,2.7,4.5,0.0
1.8,0.9,1.8,2.7,4.5,0.0
0.9,1.8,1.8,2.7,4.5,0.0
1.8,1.8,1.8,2.7,4.5,0.0
0.9,0.9,2.7,2.7,4.5,0.0
1.8,0.9,2.7,2.7,4.5,0.0
0.9,1.8,2.7,2.7,4.5,0.0
1.8,1.8,2.7,2.7,4.5,0.0
0.9,0.9,3.6,2.7,4.5,0.0
1.8,0.9,3.6,2.7,4.5,0.0
0.9,1.8,3.6,2.7,4.5,0.0
1.8,1.8,3.6,2.7,4.5,0.0
0.9,0.9,4.5,2.7,4.5,0.0
1.8,0.9,4.5,2.7,4.5,0.0
0.9,1.8,4.5,2.7,4.5,0.0
1.8,1.8,4.5,2.7,4.5,0.0
0.9,0.9,5.4,2.7,4.5,0.0
1.8,0.9,5.4,2.7,4.5,0.0
0.9,1.8,5.4,2.7,4.5,0.0
1.8,1.8,5.4,2.7,4.5,0.0
0.9,0.9,0.0,3.6,4.5,0.0
1.8,0.9,0.0,3.6,4.5,0.0
0.9,1.8,0.0,3.6,4.5,0.0
1.8,1.8,0.0,3.6,4.5,0.0
0.9,0.9,0.9,3.6,4.5,0.0
1.8,0.9,0.9,3.6,4.5,0.0
0.9,1.8,0.9,3.6,4.5,0.0
1.8,1.8,0.9,3.6,4.5,0.0
0.9,0.9,1.8,3.6,4.5,0.0
1.8,0.9,1.8,3.6,4.5,0.0
0.9,1.8,1.8,3.6,4.5,0.0
1.8,1.8,1.8,3.6,4.5,0.0
0.9,0.9,2.7,3.6,4.5,0.0
1.8,0.9,2.7,3.6,4.5,0.0
0.9,1.8,2.7,3.6,4.5,0.0
1.8,1.8,2.7,3.6,4.5,0.0
0.9,0.9,3.6,3.6,4.5,0.0
1.8,0.9,3.6,3.6,4.5,0.0
0.9,1.8,3.6,3.6,4.5,0.0
1.8,1.8,3.6,3.6,4.5,0.0
0.9,0.9,4.5,3.6,4.5,0.0
1.8,0.9,4.5,3.6,4.5,0.0
0.9,1.8,4.5,3.6,4.5,0.0
1.8,1.8,4.5,3.6,4.5,0.0
0.9,0.9,5.4,3.6,4.5,0.0
1.8,0.9,5.4,3.6,4.5,0.0
0.9,1.8,5.4,3.6,4.5,0.0
1.8,1.8,5.4,3.6,4.5,0.0
0.9,0.9,0.0,4.5,4.5,0.0
1.8,0.9,0.0,4.5,4.5,0.0
0.9,1.8,0.0,4.5,4.5,0.0
1.8,1.8,0.0,4.5,4.5,0.0
0.9,0.9,0.9,4.5,4.5,0.0
1.8,0.9,0.9,4.5,4.5,0.0
0.9,1.8,0.9,4.5,4.5,0.0
1.8,1.8,0.9,4.5,4.5,0.0
0.9,0.9,1.8,4.5,4.5,0.0
1.8,0.9,1.8,4.5,4.5,0.0
0.9,1.8,1.8,4.5,4.5,0.0
1.8,1.8,1.8,4.5,4.5,0.0
0.9,0.9,2.7,4.5,4.5,0.0
1.8,0.9,2.7,4.5,4.5,0.0
0.9,1.8,2.7,4.5,4.5,0.0
1.8,1.8,2.7,4.5,4.5,0.0
0.9,0.9,3.6,4.5,4.5,0.0
1.8,0.9,3.6,4.5,4.5,0.0
0.9,1.8,3.6,4.5,4.5,0.0
1.8,1.8,3.6,4.5,4.5,0.0
0.9,0.9,4.5,4.5,4.5,0.0
1.8,0.9,4.5,4.5,4.5,0.0
0.9,1.8,4.5,4.5,4.5,0.0
1.8,1.8,4.5,4.5,4.5,0.0
0.9,0.9,5.4,4.5,4.5,0.0
1.8,0.9,5.4,4.5,4.5,0.0
0.9,1.8,5.4,4.5,4.5,0.0
1.8,1.8,5.4,4.5,4.5,0.0
0.9,0.9,0.0,5.4,4.5,0.0
1.8,0.9,0.0,5.4,4.5,0.0
0.9,1.8,0.0,5.4,4.5,0.0
1.8,1.8,0.0,5.4,4.5,0.0
0.9,0.9,0.9,5.4,4.5,0.0
1.8,0.9,0.9,5.4,4.5,0.0
0.9,1.8,0.9,5.4,4.5,0.0
1.8,1.8,0.9,5.4,4.5,0.0
0.9,0.9,1.8,5.4,4.5,0.0
1.8,0.9,1.8,5.4,4.5,0.0
0.9,1.8,1.8,5.4,4.5,0.0
1.8,1.8,1.8,5.4,4.5,0.0
0.9,0.9,2.7,5.4,4.5,0.0
1.8,0.9,2.7,5.4,4.5,0.0
0.9,1.8,2.7,5.4,4.5,0.0
1.8,1.8,2.7,5.4,4.5,0.0
0.9,0.9,3.6,5.4,4.5,0.0
1.8,0.9,3.6,5.4,4.5,0.0
0.9,1.8,3.6,5.4,4.5,0.0
1.8,1.8,3.6,5.4,4.5,0.0
0.9,0.9,4.5,5.4,4.5,0.0
1.8,0.9,4.5,5.4,4.5,0.0
0.9,1.8,4.5,5.4,4.5,0.0
1.8,1.8,4.5,5.4,4.5,0.0
0.9,0.9,5.4,5.4,4.5,0.0
1.8,0.9,5.4,5.4,4.5,0.0
0.9,1.8,5.4,5.4,4.5,0.0
1.8,1.8,5.4,5.4,4.5,0.0
0.9,0.9,0.0,0.0,5.4,0.0
1.8,0.9,0.0,0.0,5.4,0.0
0.9,1.8,0.0,0.0,5.4,0.0
1.8,1.8,0.0,0.0,5.4,0.0
0.9,0.9,0.9,0.0,5.4,0.0
1.8,0.9,0.9,0.0,5.4,0.0
0.9,1.8,0.9,0.0,5.4,0.0
1.8,1.8,0.9,0.0,5.4,0.0
0.9,0.9,1.8,0.0,5.4,0.0
1.8,0.9,1.8,0.0,5.4,0.0
0.9,1.8,1.8,0.0,5.4,0.0
1.8,1.8,1.8,0.0,5.4,0.0
0.9,0.9,2.7,0.0,5.4,0.0
1.8,0.9,2.7,0.0,5.4,0.0
0.9,1.8,2.7,0.0,5.4,0.0
1.8,1.8,2.7,0.0,5.4,0.0
0.9,0.9,3.6,0.0,5.4,0.0
1.8,0.9,3.6,0.0,5.4,0.0
0.9,1.8,3.6,0.0,5.4,0.0
1.8,1.8,3.6,0.0,5.4,0.0
0.9,0.9,4.5,0.0,5.4,0.0
1.8,0.9,4.5,0.0,5.4,0.0
0.9,1.8,4.5,0.0,5.4,0.0
1.8,1.8,4.5,0.0,5.4,0.0
0.9,0.9,5.4,0.0,5.4,0.0
1.8,0.9,5.4,0.0,5.4,0.0
0.9,1.8,5.4,0.0,5.4,0.0
1.8,1.8,5.4,0.0,5.4,0.0
0.9,0.9,0.0,0.9,5.4,0.0
1.8,0.9,0.0,0.9,5.4,0.0
0.9,1.8,0.0,0.9,5.4,0.0
1.8,1.8,0.0,0.9,5.4,0.0
0.9,0.9,0.9,0.9,5.4,0.0
1.8,0.9,0.9,0.9,5.4,0.0
0.9,1.8,0.9,0.9,5.4,0.0
1.8,1.8,0.9,0.9,5.4,0.0
0.9,0.9,1.8,0.9,5.4,0.0
1.8,0.9,1.8,0.9,5.4,0.0
0.9,1.8,1.8,0.9,5.4,0.0
1.8,1.8,1.8,0.9,5.4,0.0
0.9,0.9,2.7,0.9,5.4,0.0
1.8,0.9,2.7,0.9,5.4,0.0
0.9,1.8,2.7,0.9,5.4,0.0
1.8,1.8,2.7,0.9,5.4,0.0
0.9,0.9,3.6,0.9,5.4,0.0
1.8,0.9,3.6,0.9,5.4,0.0
0.9,1.8,3.6,0.9,5.4,0.0
1.8,1.8,3.6,0.9,5.4,0.0
0.9,0.9,4.5,0.9,5.4,0.0
1.8,0.9,4.5,0.9,5.4,0.0
0.9,1.8,4.5,0.9,5.4,0.0
1.8,1.8,4.5,0.9,5.4,0.0
0.9,0.9,5.4,0.9,5.4,0.0
1.8,0.9,5.4,0.9,5.4,0.0
0.9,1.8,5.4,0.9,5.4,0.0
1.8,1.8,5.4,0.9,5.4,0.0
0.9,0.9,0.0,1.8,5.4,0.0
1.8,0.9,0.0,1.8,5.4,0.0
0.9,1.8,0.0,1.8,5.4,0.0
1.8,1.8,0.0,1.8,5.4,0.0
0.9,0.9,0.9,1.8,5.4,0.0
1.8,0.9,0.9,1.8,5.4,0.0
0.9,1.8,0.9,1.8,5.4,0.0
1.8,1.8,0.9,1.8,5.4,0.0
0.9,0.9,1.8,1.8,5.4,0.0
1.8,0.9,1.8,1.8,5.4,0.0
0.9,1.8,1.8,1.8,5.4,0.0
1.8,1.8,1.8,1.8,5.4,0.0
0.9,0.9,2.7,1.8,5.4,0.0
1.8,0.9,2.7,1.8,5.4,0.0
0.9,1.8,2.7,1.8,5.4,0.0
1.8,1.8,2.7,1.8,5.4,0.0
0.9,0.9,3.6,1.8,5.4,0.0
1.8,0.9,3.6,1.8,5.4,0.0
0.9,1.8,3.6,1.8,5.4,0.0
1.8,1.8,3.6,1.8,5.4,0.0
0.9,0.9,4.5,1.8,5.4,0.0
1.8,0.9,4.5,1.8,5.4,0.0
0.9,1.8,4.5,1.8,5.4,0.0
1.8,1.8,4.5,1.8,5.4,0.0
0.9,0.9,5.4,1.8,5.4,0.0
1.8,0.9,5.4,1.8,5.4,0.0
0.9,1.8,5.4,1.8,5.4,0.0
1.8,1.8,5.4,1.8,5.4,0.0
0.9,0.9,0.0,2.7,5.4,0.0
1.8,0.9,0.0,2.7,5.4,0.0
0.9,1.8,0.0,2.7,5.4,0.0
1.8,1.8,0.0,2.7,5.4,0.0
0.9,0.9,0.9,2.7,5.4,0.0
1.8,0.9,0.9,2.7,5.4,0.0
0.9,1.8,0.9,2.7,5.4,0.0
1.8,1.8,0.9,2.7,5.4,0.0
0.9,0.9,1.8,2.7,5.4,0.0
1.8,0.9,1.8,2.7,5.4,0.0
0.9,1.8,1.8,2.7,5.4,0.0
1.8,1.8,1.8,2.7,5.4,0.0
0.9,0.9,2.7,2.7,5.4,0.0
1.8,0.9,2.7,2.7,5.4,0.0
0.9,1.8,2.7,2.7,5.4,0.0
1.8,1.8,2.7,2.7,5.4,0.0
0.9,0.9,3.6,2.7,5.4,0.0
1.8,0.9,3.6,2.7,5.4,0.0
0.9,1.8,3.6,2.7,5.4,0.0
1.8,1.8,3.6,2.7,5.4,0.0
0.9,0.9,4.5,2.7,5.4,0.0
1.8,0.9,4.5,2.7,5.4,0.0
0.9,1.8,4.5,2.7,5.4,0.0
1.8,1.8,4.5,2.7,5.4,0.0
0.9,0.9,5.4,2.7,5.4,0.0
1.8,0.9,5.4,2.7,5.4,0.0
0.9,1.8,5.4,2.7,5.4,0.0
1.8,1.8,5.4,2.7,5.4,0.0
0.9,0.9,0.0,3.6,5.4,0.0
1.8,0.9,0.0,3.6,5.4,0.0
0.9,1.8,0.0,3.6,5.4,0.0
1.8,1.8,0.0,3.6,5.4,0.0
0.9,0.9,0.9,3.6,5.4,0.0
1.8,0.9,0.9,3.6,5.4,0.0
0.9,1.8,0.9,3.6,5.4,0.0
1.8,1.8,0.9,3.6,5.4,0.0
0.9,0.9,1.8,3.6,5.4,0.0
1.8,0.9,1.8,3.6,5.4,0.0
0.9,1.8,1.8,3.6,5.4,0.0
1.8,1.8,1.8,3.6,5.4,0.0
0.9,0.9,2.7,3.6,5.4,0.0
1.8,0.9,2.7,3.6,5.4,0.0
0.9,1.8,2.7,3.6,5.4,0.0
1.8,1.8,2.7,3.6,5.4,0.0
0.9,0.9,3.6,3.6,5.4,0.0
1.8,0.9,3.6,3.6,5.4,0.0
0.9,1.8,3.6,3.6,5.4,0.0
1.8,1.8,3.6,3.6,5.4,0.0
0.9,0.9,4.5,3.6,5.4,0.0
1.8,0.9,4.5,3.6,5.4,0.0
0.9,1.8,4.5,3.6,5.4,0.0
1.8,1.8,4.5,3.6,5.4,0.0
0.9,0.9,5.4,3.6,5.4,0.0
1.8,0.9,5.4,3.6,5.4,0.0
0.9,1.8,5.4,3.6,5.4,0.0
1.8,1.8,5.4,3.6,5.4,0.0
0.9,0.9,0.0,4.5,5.4,0.0
1.8,0.9,0.0,4.5,5.4,0.0
0.9,1.8,0.0,4.5,5.4,0.0
1.8,1.8,0.0,4.5,5.4,0.0
0.9,0.9,0.9,4.5,5.4,0.0
1.8,0.9,0.9,4.5,5.4,0.0
0.9,1.8,0.9,4.5,5.4,0.0
1.8,1.8,0.9,4.5,5.4,0.0
0.9,0.9,1.8,4.5,5.4,0.0
1.8,0.9,1.8,4.5,5.4,0.0
0.9,1.8,1.8,4.5,5.4,0.0
1.8,1.8,1.8,4.5,5.4,0.0
0.9,0.9,2.7,4.5,5.4,0.0
1.8,0.9,2.7,4.5,5.4,0.0
0.9,1.8,2.7,4.5,5.4,0.0
1.8,1.8,2.7,4.5,5.4,0.0
0.9,0.9,3.6,4.5,5.4,0.0
1.8,0.9,3.6,4.5,5.4,0.0
0.9,1.8,3.6,4.5,5.4,0.0
1.8,1.8,3.6,4.5,5.4,0.0
0.9,0.9,4.5,4.5,5.4,0.0
1.8,0.9,4.5,4.5,5.4,0.0
0.9,1.8,4.5,4.5,5.4,0.0
1.8,1.8,4.5,4.5,5.4,0.0
0.9,0.9,5.4,4.5,5.4,0.0
1.8,0.9,5.4,4.5,5.4,0.0
0.9,1.8,5.4,4.5,5.4,0.0
1.8,1.8,5.4,4.5,5.4,0.0
0.9,0.9,0.0,5.4,5.4,0.0
1.8,0.9,0.0,5.4,5.4,0.0
0.9,1.8,0.0,5.4,5.4,0.0
1.8,1.8,0.0,5.4,5.4,0.0
0.9,0.9,0.9,5.4,5.4,0.0
1.8,0.9,0.9,5.4,5.4,0.0
0.9,1.8,0.9,5.4,5.4,0.0
1.8,1.8,0.9,5.4,5.4,0.0
0.9,0.9,1.8,5.4,5.4,0.0
1.8,0.9,1.8,5.4,5.4,0.0
0.9,1.8,1.8,5.4,5.4,0.0
1.8,1.8,1.8,5.4,5.4,0.0
0.9,0.9,2.7,5.4,5.4,0.0
1.8,0.9,2.7,5.4,5.4,0.0
0.9,1.8,2.7,5.4,5.4,0.0
1.8,1.8,2.7,5.4,5.4,0.0
0.9,0.9,3.6,5.4,5.4,0.0
1.8,0.9,3.6,5.4,5.4,0.0
0.9,1.8,3.6,5.4,5.4,0.0
1.8,1.8,3.6,5.4,5.4,0.0
0.9,0.9,4.5,5.4,5.4,0.0
1.8,0.9,4.5,5.4,5.4,0.0
0.9,1.8,4.5,5.4,5.4,0.0
1.8,1.8,4.5,5.4,5.4,0.0
0.9,0.9,5.4,5.4,5.4,0.0
1.8,0.9,5.4,5.4,5.4,0.0
0.9,1.8,5.4,5.4,5.4,0.0
1.8,1.8,5.4,5.4,5.4,0.0
0.9,0.9,0.0,0.0,0.0,0.9
1.8,0.9,0.0,0.0,0.0,0.9
0.9,1.8,0.0,0.0,0.0,0.9
1.8,1.8,0.0,0.0,0.0,0.9
0.9,0.9,0.9,0.0,0.0,0.9
1.8,0.9,0.9,0.0,0.0,0.9
0.9,1.8,0.9,0.0,0.0,0.9
1.8,1.8,0.9,0.0,0.0,0.9
0.9,0.9,1.8,0.0,0.0,0.9
1.8,0.9,1.8,0.0,0.0,0.9
0.9,1.8,1.8,0.0,0.0,0.9
1.8,1.8,1.8,0.0,0.0,0.9
0.9,0.9,2.7,0.0,0.0,0.9
1.8,0.9,2.7,0.0,0.0,0.9
0.9,1.8,2.7,0.0,0.0,0.9
1.8,1.8,2.7,0.0,0.0,0.9
0.9,0.9,3.6,0.0,0.0,0.9
1.8,0.9,3.6,0.0,0.0,0.9
0.9,1.8,3.6,0.0,0.0,0.9
1.8,1.8,3.6,0.0,0.0,0.9
0.9,0.9,4.5,0.0,0.0,0.9
1.8,0.9,4.5,0.0,0.0,0.9
0.9,1.8,4.5,0.0,0.0,0.9
1.8,1.8,4.5,0.0,0.0,0.9
0.9,0.9,5.4,0.0,0.0,0.9
1.8,0.9,5.4,0.0,0.0,0.9
0.9,1.8,5.4,0.0,0.0,0.9
1.8,1.8,5.4,0.0,0.0,0.9
0.9,0.9,0.0,0.9,0.0,0.9
1.8,0.9,0.0,0.9,0.0,0.9
0.9,1.8,0.0,0.9,0.0,0.9
1.8,1.8,0.0,0.9,0.0,0.9
0.9,0.9,0.9,0.9,0.0,0.9
1.8,0.9,0.9,0.9,0.0,0.9
0.9,1.8,0.9,0.9,0.0,0.9
1.8,1.8,0.9,0.9,0.0,0.9
0.9,0.9,1.8,0.9,0.0,0.9
1.8,0.9,1.8,0.9,0.0,0.9
0.9,1.8,1.8,0.9,0.0,0.9
1.8,1.8,1.8,0.9,0.0,0.9
0.9,0.9,2.7,0.9,0.0,0.9
1.8,0.9,2.7,0.9,0.0,0.9
0.9,1.8,2.7,0.9,0.0,0.9
1.8,1.8,2.7,0.9,0.0,0.9
0.9,0.9,3.6,0.9,0.0,0.9
1.8,0.9,3.6,0.9,0.0,0.9
0.9,1.8,3.6,0.9,0.0,0.9
1.8,1.8,3.6,0.9,0.0,0.9
0.9,0.9,4.5,0.9,0.0,0.9
1.8,0.9,4.5,0.9,0.0,0.9
0.9,1.8,4.5,0.9,0.0,0.9
1.8,1.8,4.5,0.9,0.0,0.9
0.9,0.9,5.4,0.9,0.0,0.9
1.8,0.9,5.4,0.9,0.0,0.9
0.9,1.8,5.4,0.9,0.0,0.9
1.8,1.8,5.4,0.9,0.0,0.9
0.9,0.9,0.0,1.8,0.0,0.9
1.8,0.9,0.0,1.8,0.0,0.9
0.9,1.8,0.0,1.8,0.0,0.9
1.8,1.8,0.0,1.8,0.0,0.9
0.9,0.9,0.9,1.8,0.0,0.9
1.8,0.9,0.9,1.8,0.0,0.9
0.9,1.8,0.9,1.8,0.0,0.9
1.8,1.8,0.9,1.8,0.0,0.9
0.9,0.9,1.8,1.8,0.0,0.9
1.8,0.9,1.8,1.8,0.0,0.9
0.9,1.8,1.8,1.8,0.0,0.9
1.8,1.8,1.8,1.8,0.0,0.9
0.9,0.9,2.7,1.8,0.0,0.9
1.8,0.9,2.7,1.8,0.0,0.9
0.9,1.8,2.7,1.8,0.0,0.9
1.8,1.8,2.7,1.8,0.0,0.9
0.9,0.9,3.6,1.8,0.0,0.9
1.8,0.9,3.6,1.8,0.0,0.9
0.9,1.8,3.6,1.8,0.0,0.9
1.8,1.8,3.6,1.8,0.0,0.9
0.9,0.9,4.5,1.8,0.0,0.9
1.8,0.9,4.5,1.8,0.0,0.9
0.9,1.8,4.5,1.8,0.0,0.9
1.8,1.8,4.5,1.8,0.0,0.9
0.9,0.9,5.4,1.8,0.0,0.9
1.8,0.9,5.4,1.8,0.0,0.9
0.9,1.8,5.4,1.8,0.0,0.9
1.8,1.8,5.4,1.8,0.0,0.9
0.9,0.9,0.0,2.7,0.0,0.9
1.8,0.9,0.0,2.7,0.0,0.9
0.9,1.8,0.0,2.7,0.0,0.9
1.8,1.8,0.0,2.7,0.0,0.9
0.9,0.9,0.9,2.7,0.0,0.9
1.8,0.9,0.9,2.7,0.0,0.9
0.9,1.8,0.9,2.7,0.0,0.9
1.8,1.8,0.9,2.7,0.0,0.9
0.9,0.9,1.8,2.7,0.0,0.9
1.8,0.9,1.8,2.7,0.0,0.9
0.9,1.8,1.8,2.7,0.0,0.9
1.8,1.8,1.8,2.7,0.0,0.9
0.9,0.9,2.7,2.7,0.0,0.9
1.8,0.9,2.7,2.7,0.0,0.9
0.9,1.8,2.7,2.7,0.0,0.9
1.8,1.8,2.7,2.7,0.0,0.9
0.9,0.9,3.6,2.7,0.0,0.9
1.8,0.9,3.6,2.7,0.0,0.9
0.9,1.8,3.6,2.7,0.0,0.9
1.8,1.8,3.6,2.7,0.0,0.9
0.9,0.9,4.5,2.7,0.0,0.9
1.8,0.9,4.5,2.7,0.0,0.9
0.9,1.8,4.5,2.7,0.0,0.9
1.8,1.8,4.5,2.7,0.0,0.9
0.9,0.9,5.4,2.7,0.0,0.9
1.8,0.9,5.4,2.7,0.0,0.9
0.9,1.8,5.4,2.7,0.0,0.9
1.8,1.8,5.4,2.7,0.0,0.9
0.9,0.9,0.0,3.6,0.0,0.9
1.8,0.9,0.0,3.6,0.0,0.9
0.9,1.8,0.0,3.6,0.0,0.9
1.8,1.8,0.0,3.6,0.0,0.9
0.9,0.9,0.9,3.6,0.0,0.9
1.8,0.9,0.9,3.6,0.0,0.9
0.9,1.8,0.9,3.6,0.0,0.9
1.8,1.8,0.9,3.6,0.0,0.9
0.9,0.9,1.8,3.6,0.0,0.9
1.8,0.9,1.8,3.6,0.0,0.9
0.9,1.8,1.8,3.6,0.0,0.9
1.8,1.8,1.8,3.6,0.0,0.9
0.9,0.9,2.7,3.6,0.0,0.9
1.8,0.9,2.7,3.6,0.0,0.9
0.9,1.8,2.7,3.6,0.0,0.9
1.8,1.8,2.7,3.6,0.0,0.9
0.9,0.9,3.6,3.6,0.0,0.9
1.8,0.9,3.6,3.6,0.0,0.9
0.9,1.8,3.6,3.6,0.0,0.9
1.8,1.8,3.6,3.6,0.0,0.9
0.9,0.9,4.5,3.6,0.0,0.9
1.8,0.9,4.5,3.6,0.0,0.9
0.9,1.8,4.5,3.6,0.0,0.9
1.8,1.8,4.5,3.6,0.0,0.9
0.9,0.9,5.4,3.6,0.0,0.9
1.8,0.9,5.4,3.6,0.0,0.9
0.9,1.8,5.4,3.6,0.0,0.9
1.8,1.8,5.4,3.6,0.0,0.9
0.9,0.9,0.0,4.5,0.0,0.9
1.8,0.9,0.0,4.5,0.0,0.9
0.9,1.8,0.0,4.5,0.0,0.9
1.8,1.8,0.0,4.5,0.0,0.9
0.9,0.9,0.9,4.5,0.0,0.9
1.8,0.9,0.9,4.5,0.0,0.9
0.9,1.8,0.9,4.5,0.0,0.9
1.8,1.8,0.9,4.5,0.0,0.9
0.9,0.9,1.8,4.5,0.0,0.9
1.8,0.9,1.8,4.5,0.0,0.9
0.9,1.8,1.8,4.5,0.0,0.9
1.8,1.8,1.8,4.5,0.0,0.9
0.9,0.9,2.7,4.5,0.0,0.9
1.8,0.9,2.7,4.5,0.0,0.9
0.9,1.8,2.7,4.5,0.0,0.9
1.8,1.8,2.7,4.5,0.0,0.9
0.9,0.9,3.6,4.5,0.0,0.9
1.8,0.9,3.6,4.5,0.0,0.9
0.9,1.8,3.6,4.5,0.0,0.9
1.8,1.8,3.6,4.5,0.0,0.9
0.9,0.9,4.5,4.5,0.0,0.9
1.8,0.9,4.5,4.5,0.0,0.9
0.9,1.8,4.5,4.5,0.0,0.9
1.8,1.8,4.5,4.5,0.0,0.9
0.9,0.9,5.4,4.5,0.0,0.9
1.8,0.9,5.4,4.5,0.0,0.9
0.9,1.8,5.4,4.5,0.0,0.9
1.8,1.8,5.4,4.5,0.0,0.9
0.9,0.9,0.0,5.4,0.0,0.9
1.8,0.9,0.0,5.4,0.0,0.9
0.9,1.8,0.0,5.4,0.0,0.9
1.8,1.8,0.0,5.4,0.0,0.9
0.9,0.9,0.9,5.4,0.0,0.9
1.8,0.9,0.9,5.4,0.0,0.9
0.9,1.8,0.9,5.4,0.0,0.9
1.8,1.8,0.9,5.4,0.0,0.9
0.9,0.9,1.8,5.4,0.0,0.9
1.8,0.9,1.8,5.4,0.0,0.9
0.9,1.8,1.8,5.4,0.0,0.9
1.8,1.8,1.8,5.4,0.0,0.9
0.9,0.9,2.7,5.4,0.0,0.9
1.8,0.9,2.7,5.4,0.0,0.9
0.9,1.8,2.7,5.4,0.0,0.9
1.8,1.8,2.7,5.4,0.0,0.9
0.9,0.9,3.6,5.4,0.0,0.9
1.8,0.9,3.6,5.4,0.0,0.9
0.9,1.8,3.6,5.4,0.0,0.9
1.8,1.8,3.6,5.4,0.0,0.9
0.9,0.9,4.5,5.4,0.0,0.9
1.8,0.9,4.5,5.4,0.0,0.9
0.9,1.8,4.5,5.4,0.0,0.9
1.8,1.8,4.5,5.4,0.0,0.9
0.9,0.9,5.4,5.4,0.0,0.9
1.8,0.9,5.4,5.4,0.0,0.9
0.9,1.8,5.4,5.4,0.0,0.9
1.8,1.8,5.4,5.4,0.0,0.9
0.9,0.9,0.0,0.0,0.9,0.9
1.8,0.9,0.0,0.0,0.9,0.9
0.9,1.8,0.0,0.0,0.9,0.9
1.8,1.8,0.0,0.0,0.9,0.9
0.9,0.9,0.9,0.0,0.9,0.9
1.8,0.9,0.9,0.0,0.9,0.9
0.9,1.8,0.9,0.0,0.9,0.9
1.8,1.8,0.9,0.0,0.9,0.9
0.9,0.9,1.8,0.0,0.9,0.9
1.8,0.9,1.8,0.0,0.9,0.9
0.9,1.8,1.8,0.0,0.9,0.9
1.8,1.8,1.8,0.0,0.9,0.9
0.9,0.9,2.7,0.0,0.9,0.9
1.8,0.9,2.7,0.0,0.9,0.9
0.9,1.8,2.7,0.0,0.9,0.9
1.8,1.8,2.7,0.0,0.9,0.9
0.9,0.9,3.6,0.0,0.9,0.9
1.8,0.9,3.6,0.0,0.9,0.9
0.9,1.8,3.6,0.0,0.9,0.9
1.8,1.8,3.6,0.0,0.9,0.9
0.9,0.9,4.5,0.0,0.9,0.9
1.8,0.9,4.5,0.0,0.9,0.9
0.9,1.8,4.5,0.0,0.9,0.9
1.8,1.8,4.5,0.0,0.9,0.9
0.9,0.9,5.4,0.0,0.9,0.9
1.8,0.9,5.4,0.0,0.9,0.9
0.9,1.8,5.4,0.0,0.9,0.9
1.8,1.8,5.4,0.0,0.9,0.9
0.9,0.9,0.0,0.9,0.9,0.9
1.8,0.9,0.0,0.9,0.9,0.9
0.9,1.8,0.0,0.9,0.9,0.9
1.8,1.8,0.0,0.9,0.9,0.9
0.9,0.9,0.9,0.9,0.9,0.9
1.8,0.9,0.9,0.9,0.9,0.9
0.9,1.8,0.9,0.9,0.9,0.9
1.8,1.8,0.9,0.9,0.9,0.9
0.9,0.9,1.8,0.9,0.9,0.9
1.8,0.9,1.8,0.9,0.9,0.9
0.9,1.8,1.8,0.9,0.9,0.9
1.8,1.8,1.8,0.9,0.9,0.9
0.9,0.9,2.7,0.9,0.9,0.9
1.8,0.9,2.7,0.9,0.9,0.9
0.9,1.8,2.7,0.9,0.9,0.9
1.8,1.8,2.7,0.9,0.9,0.9
0.9,0.9,3.6,0.9,0.9,0.9
1.8,0.9,3.6,0.9,0.9,0.9
0.9,1.8,3.6,0.9,0.9,0.9
1.8,1.8,3.6,0.9,0.9,0.9
0.9,0.9,4.5,0.9,0.9,0.9
1.8,0.9,4.5,0.9,0.9,0.9
0.9,1.8,4.5,0.9,0.9,0.9
1.8,1.8,4.5,0.9,0.9,0.9
0.9,0.9,5.4,0.9,0.9,0.9
1.8,0.9,5.4,0.9,0.9,0.9
0.9,1.8,5.4,0.9,0.9,0.9
1.8,1.8,5.4,0.9,0.9,0.9
0.9,0.9,0.0,1.8,0.9,0.9
1.8,0.9,0.0,1.8,0.9,0.9
0.9,1.8,0.0,1.8,0.9,0.9
1.8,1.8,0.0,1.8,0.9,0.9
0.9,0.9,0.9,1.8,0.9,0.9
1.8,0.9,0.9,1.8,0.9,0.9
0.9,1.8,0.9,1.8,0.9,0.9
1.8,1.8,0.9,1.8,0.9,0.9
0.9,0.9,1.8,1.8,0.9,0.9
1.8,0.9,1.8,1.8,0.9,0.9
0.9,1.8,1.8,1.8,0.9,0.9
1.8,1.8,1.8,1.8,0.9,0.9
0.9,0.9,2.7,1.8,0.9,0.9
1.8,0.9,2.7,1.8,0.9,0.9
0.9,1.8,2.7,1.8,0.9,0.9
1.8,1.8,2.7,1.8,0.9,0.9
0.9,0.9,3.6,1.8,0.9,0.9
1.8,0.9,3.6,1.8,0.9,0.9
0.9,1.8,3.6,1.8,0.9,0.9
1.8,1.8,3.6,1.8,0.9,0.9
0.9,0.9,4.5,1.8,0.9,0.9
1.8,0.9,4.5,1.8,0.9,0.9
0.9,1.8,4.5,1.8,0.9,0.9
1.8,1.8,4.5,1.8,0.9,0.9
0.9,0.9,5.4,1.8,0.9,0.9
1.8,0.9,5.4,1.8,0.9,0.9
0.9,1.8,5.4,1.8,0.9,0.9
1.8,1.8,5.4,1.8,0.9,0.9
0.9,0.9,0.0,2.7,0.9,0.9
1.8,0.9,0.0,2.7,0.9,0.9
0.9,1.8,0.0,2.7,0.9,0.9
1.8,1.8,0.0,2.7,0.9,0.9
0.9,0.9,0.9,2.7,0.9,0.9
1.8,0.9,0.9,2.7,0.9,0.9
0.9,1.8,0.9,2.7,0.9,0.9
1.8,1.8,0.9,2.7,0.9,0.9
0.9,0.9,1.8,2.7,0.9,0.9
1.8,0.9,1.8,2.7,0.9,0.9
0.9,1.8,1.8,2.7,0.9,0.9
1.8,1.8,1.8,2.7,0.9,0.9
0.9,0.9,2.7,2.7,0.9,0.9
1.8,0.9,2.7,2.7,0.9,0.9
0.9,1.8,2.7,2.7,0.9,0.9
1.8,1.8,2.7,2.7,0.9,0.9
0.9,0.9,3.6,2.7,0.9,0.9
1.8,0.9,3.6,2.7,0.9,0.9
0.9,1.8,3.6,2.7,0.9,0.9
1.8,1.8,3.6,2.7,0.9,0.9
0.9,0.9,4.5,2.7,0.9,0.9
1.8,0.9,4.5,2.7,0.9,0.9
0.9,1.8,4.5,2.7,0.9,0.9
1.8,1.8,4.5,2.7,0.9,0.9
0.9,0.9,5.4,2.7,0.9,0.9
1.8,0.9,5.4,2.7,0.9,0.9
0.9,1.8,5.4,2.7,0.9,0.9
1.8,1.8,5.4,2.7,0.9,0.9
0.9,0.9,0.0,3.6,0.9,0.9
1.8,0.9,0.0,3.6,0.9,0.9
0.9,1.8,0.0,3.6,0.9,0.9
1.8,1.8,0.0,3.6,0.9,0.9
0.9,0.9,0.9,3.6,0.9,0.9
1.8,0.9,0.9,3.6,0.9,0.9
0.9,1.8,0.9,3.6,0.9,0.9
1.8,1.8,0.9,3.6,0.9,0.9
0.9,0.9,1.8,3.6,0.9,0.9
1.8,0.9,1.8,3.6,0.9,0.9
0.9,1.8,1.8,3.6,0.9,0.9
1.8,1.8,1.8,3.6,0.9,0.9
0.9,0.9,2.7,3.6,0.9,0.9
1.8,0.9,2.7,3.6,0.9,0.9
0.9,1.8,2.7,3.6,0.9,0.9
1.8,1.8,2.7,3.6,0.9,0.9
0.9,0.9,3.6,3.6,0.9,0.9
1.8,0.9,3.6,3.6,0.9,0.9
0.9,1.8,3.6,3.6,0.9,0.9
1.8,1.8,3.6,3.6,0.9,0.9
0.9,0.9,4.5,3.6,0.9,0.9
1.8,0.9,4.5,3.6,0.9,0.9
0.9,1.8,4.5,3.6,0.9,0.9
1.8,1.8,4.5,3.6,0.9,0.9
0.9,0.9,5.4,3.6,0.9,0.9
1.8,0.9,5.4,3.6,0.9,0.9
0.9,1.8,5.4,3.6,0.9,0.9
1.8,1.8,5.4,3.6,0.9,0.9
0.9,0.9,0.0,4.5,0.9,0.9
1.8,0.9,0.0,4.5,0.9,0.9
0.9,1.8,0.0,4.5,0.9,0.9
1.8,1.8,0.0,4.5,0.9,0.9
0.9,0.9,0.9,4.5,0.9,0.9
1.8,0.9,0.9,4.5,0.9,0.9
0.9,1.8,0.9,4.5,0.9,0.9
1.8,1.8,0.9,4.5,0.9,0.9
0.9,0.9,1.8,4.5,0.9,0.9
1.8,0.9,1.8,4.5,0.9,0.9
0.9,1.8,1.8,4.5,0.9,0.9
1.8,1.8,1.8,4.5,0.9,0.9
0.9,0.9,2.7,4.5,0.9,0.9
1.8,0.9,2.7,4.5,0.9,0.9
0.9,1.8,2.7,4.5,0.9,0.9
1.8,1.8,2.7,4.5,0.9,0.9
0.9,0.9,3.6,4.5,0.9,0.9
1.8,0.9,3.6,4.5,0.9,0.9
0.9,1.8,3.6,4.5,0.9,0.9
1.8,1.8,3.6,4.5,0.9,0.9
0.9,0.9,4.5,4.5,0.9,0.9
1.8,0.9,4.5,4.5,0.9,0.9
0.9,1.8,4.5,4.5,0.9,0.9
1.8,1.8,4.5,4.5,0.9,0.9
0.9,0.9,5.4,4.5,0.9,0.9
1.8,0.9,5.4,4.5,0.9,0.9
0.9,1.8,5.4,4.5,0.9,0.9
1.8,1.8,5.4,4.5,0.9,0.9
0.9,0.9,0.0,5.4,0.9,0.9
1.8,0.9,0.0,5.4,0.9,0.9
0.9,1.8,0.0,5.4,0.9,0.9
1.8,1.8,0.0,5.4,0.9,0.9
0.9,0.9,0.9,5.4,0.9,0.9
1.8,0.9,0.9,5.4,0.9,0.9
0.9,1.8,0.9,5.4,0.9,0.9
1.8,1.8,0.9,5.4,0.9,0.9
0.9,0.9,1.8,5.4,0.9,0.9
1.8,0.9,1.8,5.4,0.9,0.9
0.9,1.8,1.8,5.4,0.9,0.9
1.8,1.8,1.8,5.4,0.9,0.9
0.9,0.9,2.7,5.4,0.9,0.9
1.8,0.9,2.7,5.4,0.9,0.9
0.9,1.8,2.7,5.4,0.9,0.9
1.8,1.8,2.7,5.4,0.9,0.9
0.9,0.9,3.6,5.4,0.9,0.9
1.8,0.9,3.6,5.4,0.9,0.9
0.9,1.8,3.6,5.4,0.9,0.9
1.8,1.8,3.6,5.4,0.9,0.9
0.9,0.9,4.5,5.4,0.9,0.9
1.8,0.9,4.5,5.4,0.9,0.9
0.9,1.8,4.5,5.4,0.9,0.9
1.8,1.8,4.5,5.4,0.9,0.9
0.9,0.9,5.4,5.4,0.9,0.9
1.8,0.9,5.4,5.4,0.9,0.9
0.9,1.8,5.4,5.4,0.9,0.9
1.8,1.8,5.4,5.4,0.9,0.9
0.9,0.9,0.0,0.0,1.8,0.9
1.8,0.9,0.0,0.0,1.8,0.9
0.9,1.8,0.0,0.0,1.8,0.9
1.8,1.8,0.0,0.0,1.8,0.9
0.9,0.9,0.9,0.0,1.8,0.9
1.8,0.9,0.9,0.0,1.8,0.9
0.9,1.8,0.9,0.0,1.8,0.9
1.8,1.8,0.9,0.0,1.8,0.9
0.9,0.9,1.8,0.0,1.8,0.9
1.8,0.9,1.8,0.0,1.8,0.9
0.9,1.8,1.8,0.0,1.8,0.9
1.8,1.8,1.8,0.0,1.8,0.9
0.9,0.9,2.7,0.0,1.8,0.9
1.8,0.9,2.7,0.0,1.8,0.9
0.9,1.8,2.7,0.0,1.8,0.9
1.8,1.8,2.7,0.0,1.8,0.9
0.9,0.9,3.6,0.0,1.8,0.9
1.8,0.9,3.6,0.0,1.8,0.9
0.9,1.8,3.6,0.0,1.8,0.9
1.8,1.8,3.6,0.0,1.8,0.9
0.9,0.9,4.5,0.0,1.8,0.9
1.8,0.9,4.5,0.0,1.8,0.9
0.9,1.8,4.5,0.0,1.8,0.9
1.8,1.8,4.5,0.0,1.8,0.9
0.9,0.9,5.4,0.0,1.8,0.9
1.8,0.9,5.4,0.0,1.8,0.9
0.9,1.8,5.4,0.0,1.8,0.9
1.8,1.8,5.4,0.0,1.8,0.9
0.9,0.9,0.0,0.9,1.8,0.9
1.8,0.9,0.0,0.9,1.8,0.9
0.9,1.8,0.0,0.9,1.8,0.9
1.8,1.8,0.0,0.9,1.8,0.9
0.9,0.9,0.9,0.9,1.8,0.9
1.8,0.9,0.9,0.9,1.8,0.9
0.9,1.8,0.9,0.9,1.8,0.9
1.8,1.8,0.9,0.9,1.8,0.9
0.9,0.9,1.8,0.9,1.8,0.9
1.8,0.9,1.8,0.9,1.8,0.9
0.9,1.8,1.8,0.9,1.8,0.9
1.8,1.8,1.8,0.9,1.8,0.9
0.9,0.9,2.7,0.9,1.8,0.9
1.8,0.9,2.7,0.9,1.8,0.9
0.9,1.8,2.7,0.9,1.8,0.9
1.8,1.8,2.7,0.9,1.8,0.9
0.9,0.9,3.6,0.9,1.8,0.9
1.8,0.9,3.6,0.9,1.8,0.9
0.9,1.8,3.6,0.9,1.8,0.9
1.8,1.8,3.6,0.9,1.8,0.9
0.9,0.9,4.5,0.9,1.8,0.9
1.8,0.9,4.5,0.9,1.8,0.9
0.9,1.8,4.5,0.9,1.8,0.9
1.8,1.8,4.5,0.9,1.8,0.9
0.9,0.9,5.4,0.9,1.8,0.9
1.8,0.9,5.4,0.9,1.8,0.9
0.9,1.8,5.4,0.9,1.8,0.9
1.8,1.8,5.4,0.9,1.8,0.9
0.9,0.9,0.0,1.8,1.8,0.9
1.8,0.9,0.0,1.8,1.8,0.9
0.9,1.8,0.0,1.8,1.8,0.9
1.8,1.8,0.0,1.8,1.8,0.9
0.9,0.9,0.9,1.8,1.8,0.9
1.8,0.9,0.9,1.8,1.8,0.9
0.9,1.8,0.9,1.8,1.8,0.9
1.8,1.8,0.9,1.8,1.8,0.9
0.9,0.9,1.8,1.8,1.8,0.9
1.8,0.9,1.8,1.8,1.8,0.9
0.9,1.8,1.8,1.8,1.8,0.9
1.8,1.8,1.8,1.8,1.8,0.9
0.9,0.9,2.7,1.8,1.8,0.9
1.8,0.9,2.7,1.8,1.8,0.9
0.9,1.8,2.7,1.8,1.8,0.9
1.8,1.8,2.7,1.8,1.8,0.9
0.9,0.9,3.6,1.8,1.8,0.9
1.8,0.9,3.6,1.8,1.8,0.9
0.9,1.8,3.6,1.8,1.8,0.9
1.8,1.8,3.6,1.8,1.8,0.9
0.9,0.9,4.5,1.8,1.8,0.9
1.8,0.9,4.5,1.8,1.8,0.9
0.9,1.8,4.5,1.8,1.8,0.9
1.8,1.8,4.5,1.8,1.8,0.9
0.9,0.9,5.4,1.8,1.8,0.9
1.8,0.9,5.4,1.8,1.8,0.9
0.9,1.8,5.4,1.8,1.8,0.9
1.8,1.8,5.4,1.8,1.8,0.9
0.9,0.9,0.0,2.7,1.8,0.9
1.8,0.9,0.0,2.7,1.8,0.9
0.9,1.8,0.0,2.7,1.8,0.9
1.8,1.8,0.0,2.7,1.8,0.9
0.9,0.9,0.9,2.7,1.8,0.9
1.8,0.9,0.9,2.7,1.8,0.9
0.9,1.8,0.9,2.7,1.8,0.9
1.8,1.8,0.9,2.7,1.8,0.9
0.9,0.9,1.8,2.7,1.8,0.9
1.8,0.9,1.8,2.7,1.8,0.9
0.9,1.8,1.8,2.7,1.8,0.9
1.8,1.8,1.8,2.7,1.8,0.9
0.9,0.9,2.7,2.7,1.8,0.9
1.8,0.9,2.7,2.7,1.8,0.9
0.9,1.8,2.7,2.7,1.8,0.9
1.8,1.8,2.7,2.7,1.8,0.9
0.9,0.9,3.6,2.7,1.8,0.9
1.8,0.9,3.6,2.7,1.8,0.9
0.9,1.8,3.6,2.7,1.8,0.9
1.8,1.8,3.6,2.7,1.8,0.9
0.9,0.9,4.5,2.7,1.8,0.9
1.8,0.9,4.5,2.7,1.8,0.9
0.9,1.8,4.5,2.7,1.8,0.9
1.8,1.8,4.5,2.7,1.8,0.9
0.9,0.9,5.4,2.7,1.8,0.9
1.8,0.9,5.4,2.7,1.8,0.9
0.9,1.8,5.4,2.7,1.8,0.9
1.8,1.8,5.4,2.7,1.8,0.9
0.9,0.9,0.0,3.6,1.8,0.9
1.8,0.9,0.0,3.6,1.8,0.9
0.9,1.8,0.0,3.6,1.8,0.9
1.8,1.8,0.0,3.6,1.8,0.9
0.9,0.9,0.9,3.6,1.8,0.9
1.8,0.9,0.9,3.6,1.8,0.9
0.9,1.8,0.9,3.6,1.8,0.9
1.8,1.8,0.9,3.6,1.8,0.9
0.9,0.9,1.8,3.6,1.8,0.9
1.8,0.9,1.8,3.6,1.8,0.9
0.9,1.8,1.8,3.6,1.8,0.9
1.8,1.8,1.8,3.6,1.8,0.9
0.9,0.9,2.7,3.6,1.8,0.9
1.8,0.9,2.7,3.6,1.8,0.9
0.9,1.8,2.7,3.6,1.8,0.9
1.8,1.8,2.7,3.6,1.8,0.9
0.9,0.9,3.6,3.6,1.8,0.9
1.8,0.9,3.6,3.6,1.8,0.9
0.9,1.8,3.6,3.6,1.8,0.9
1.8,1.8,3.6,3.6,1.8,0.9
0.9,0.9,4.5,3.6,1.8,0.9
1.8,0.9,4.5,3.6,1.8,0.9
0.9,1.8,4.5,3.6,1.8,0.9
1.8,1.8,4.5,3.6,1.8,0.9
0.9,0.9,5.4,3.6,1.8,0.9
1.8,0.9,5.4,3.6,1.8,0.9
0.9,1.8,5.4,3.6,1.8,0.9
1.8,1.8,5.4,3.6,1.8,0.9
0.9,0.9,0.0,4.5,1.8,0.9
1.8,0.9,0.0,4.5,1.8,0.9
0.9,1.8,0.0,4.5,1.8,0.9
1.8,1.8,0.0,4.5,1.8,0.9
0.9,0.9,0.9,4.5,1.8,0.9
1.8,0.9,0.9,4.5,1.8,0.9
0.9,1.8,0.9,4.5,1.8,0.9
1.8,1.8,0.9,4.5,1.8,0.9
0.9,0.9,1.8,4.5,1.8,0.9
1.8,0.9,1.8,4.5,1.8,0.9
0.9,1.8,1.8,4.5,1.8,0.9
1.8,1.8,1.8,4.5,1.8,0.9
0.9,0.9,2.7,4.5,1.8,0.9
1.8,0.9,2.7,4.5,1.8,0.9
0.9,1.8,2.7,4.5,1.8,0.9
1.8,1.8,2.7,4.5,1.8,0.9
0.9,0.9,3.6,4.5,1.8,0.9
1.8,0.9,3.6,4.5,1.8,0.9
0.9,1.8,3.6,4.5,1.8,0.9
1.8,1.8,3.6,4.5,1.8,0.9
0.9,0.9,4.5,4.5,1.8,0.9
1.8,0.9,4.5,4.5,1.8,0.9
0.9,1.8,4.5,4.5,1.8,0.9
1.8,1.8,4.5,4.5,1.8,0.9
0.9,0.9,5.4,4.5,1.8,0.9
1.8,0.9,5.4,4.5,1.8,0.9
0.9,1.8,5.4,4.5,1.8,0.9
1.8,1.8,5.4,4.5,1.8,0.9
0.9,0.9,0.0,5.4,1.8,0.9
1.8,0.9,0.0,5.4,1.8,0.9
0.9,1.8,0.0,5.4,1.8,0.9
1.8,1.8,0.0,5.4,1.8,0.9
0.9,0.9,0.9,5.4,1.8,0.9
1.8,0.9,0.9,5.4,1.8,0.9
0.9,1.8,0.9,5.4,1.8,0.9
1.8,1.8,0.9,5.4,1.8,0.9
0.9,0.9,1.8,5.4,1.8,0.9
1.8,0.9,1.8,5.4,1.8,0.9
0.9,1.8,1.8,5.4,1.8,0.9
1.8,1.8,1.8,5.4,1.8,0.9
0.9,0.9,2.7,5.4,1.8,0.9
1.8,0.9,2.7,5.4,1.8,0.9
0.9,1.8,2.7,5.4,1.8,0.9
1.8,1.8,2.7,5.4,1.8,0.9
0.9,0.9,3.6,5.4,1.8,0.9
1.8,0.9,3.6,5.4,1.8,0.9
0.9,1.8,3.6,5.4,1.8,0.9
1.8,1.8,3.6,5.4,1.8,0.9
0.9,0.9,4.5,5.4,1.8,0.9
1.8,0.9,4.5,5.4,1.8,0.9
0.9,1.8,4.5,5.4,1.8,0.9
1.8,1.8,4.5,5.4,1.8,0.9
0.9,0.9,5.4,5.4,1.8,0.9
1.8,0.9,5.4,5.4,1.8,0.9
0.9,1.8,5.4,5.4,1.8,0.9
1.8,1.8,5.4,5.4,1.8,0.9
0.9,0.9,0.0,0.0,2.7,0.9
1.8,0.9,0.0,0.0,2.7,0.9
0.9,1.8,0.0,0.0,2.7,0.9
1.8,1.8,0.0,0.0,2.7,0.9
0.9,0.9,0.9,0.0,2.7,0.9
1.8,0.9,0.9,0.0,2.7,0.9
0.9,1.8,0.9,0.0,2.7,0.9
1.8,1.8,0.9,0.0,2.7,0.9
0.9,0.9,1.8,0.0,2.7,0.9
1.8,0.9,1.8,0.0,2.7,0.9
0.9,1.8,1.8,0.0,2.7,0.9
1.8,1.8,1.8,0.0,2.7,0.9
0.9,0.9,2.7,0.0,2.7,0.9
1.8,0.9,2.7,0.0,2.7,0.9
0.9,1.8,2.7,0.0,2.7,0.9
1.8,1.8,2.7,0.0,2.7,0.9
0.9,0.9,3.6,0.0,2.7,0.9
1.8,0.9,3.6,0.0,2.7,0.9
0.9,1.8,3.6,0.0,2.7,0.9
1.8,1.8,3.6,0.0,2.7,0.9
0.9,0.9,4.5,0.0,2.7,0.9
1.8,0.9,4.5,0.0,2.7,0.9
0.9,1.8,4.5,0.0,2.7,0.9
1.8,1.8,4.5,0.0,2.7,0.9
0.9,0.9,5.4,0.0,2.7,0.9
1.8,0.9,5.4,0.0,2.7,0.9
0.9,1.8,5.4,0.0,2.7,0.9
1.8,1.8,5.4,0.0,2.7,0.9
0.9,0.9,0.0,0.9,2.7,0.9
1.8,0.9,0.0,0.9,2.7,0.9
0.9,1.8,0.0,0.9,2.7,0.9
1.8,1.8,0.0,0.9,2.7,0.9
0.9,0.9,0.9,0.9,2.7,0.9
1.8,0.9,0.9,0.9,2.7,0.9
0.9,1.8,0.9,0.9,2.7,0.9
1.8,1.8,0.9,0.9,2.7,0.9
0.9,0.9,1.8,0.9,2.7,0.9
1.8,0.9,1.8,0.9,2.7,0.9
0.9,1.8,1.8,0.9,2.7,0.9
1.8,1.8,1.8,0.9,2.7,0.9
0.9,0.9,2.7,0.9,2.7,0.9
1.8,0.9,2.7,0.9,2.7,0.9
0.9,1.8,2.7,0.9,2.7,0.9
1.8,1.8,2.7,0.9,2.7,0.9
0.9,0.9,3.6,0.9,2.7,0.9
1.8,0.9,3.6,0.9,2.7,0.9
0.9,1.8,3.6,0.9,2.7,0.9
1.8,1.8,3.6,0.9,2.7,0.9
0.9,0.9,4.5,0.9,2.7,0.9
1.8,0.9,4.5,0.9,2.7,0.9
0.9,1.8,4.5,0.9,2.7,0.9
1.8,1.8,4.5,0.9,2.7,0.9
0.9,0.9,5.4,0.9,2.7,0.9
1.8,0.9,5.4,0.9,2.7,0.9
0.9,1.8,5.4,0.9,2.7,0.9
1.8,1.8,5.4,0.9,2.7,0.9
0.9,0.9,0.0,1.8,2.7,0.9
1.8,0.9,0.0,1.8,2.7,0.9
0.9,1.8,0.0,1.8,2.7,0.9
1.8,1.8,0.0,1.8,2.7,0.9
0.9,0.9,0.9,1.8,2.7,0.9
1.8,0.9,0.9,1.8,2.7,0.9
0.9,1.8,0.9,1.8,2.7,0.9
1.8,1.8,0.9,1.8,2.7,0.9
0.9,0.9,1.8,1.8,2.7,0.9
1.8,0.9,1.8,1.8,2.7,0.9
0.9,1.8,1.8,1.8,2.7,0.9
1.8,1.8,1.8,1.8,2.7,0.9
0.9,0.9,2.7,1.8,2.7,0.9
1.8,0.9,2.7,1.8,2.7,0.9
0.9,1.8,2.7,1.8,2.7,0.9
1.8,1.8,2.7,1.8,2.7,0.9
0.9,0.9,3.6,1.8,2.7,0.9
1.8,0.9,3.6,1.8,2.7,0.9
0.9,1.8,3.6,1.8,2.7,0.9
1.8,1.8,3.6,1.8,2.7,0.9
0.9,0.9,4.5,1.8,2.7,0.9
1.8,0.9,4.5,1.8,2.7,0.9
0.9,1.8,4.5,1.8,2.7,0.9
1.8,1.8,4.5,1.8,2.7,0.9
0.9,0.9,5.4,1.8,2.7,0.9
1.8,0.9,5.4,1.8,2.7,0.9
0.9,1.8,5.4,1.8,2.7,0.9
1.8,1.8,5.4,1.8,2.7,0.9
0.9,0.9,0.0,2.7,2.7,0.9
1.8,0.9,0.0,2.7,2.7,0.9
0.9,1.8,0.0,2.7,2.7,0.9
1.8,1.8,0.0,2.7,2.7,0.9
0.9,0.9,0.9,2.7,2.7,0.9
1.8,0.9,0.9,2.7,2.7,0.9
0.9,1.8,0.9,2.7,2.7,0.9
1.8,1.8,0.9,2.7,2.7,0.9
0.9,0.9,1.8,2.7,2.7,0.9
1.8,0.9,1.8,2.7,2.7,0.9
0.9,1.8,1.8,2.7,2.7,0.9
1.8,1.8,1.8,2.7,2.7,0.9
0.9,0.9,2.7,2.7,2.7,0.9
1.8,0.9,2.7,2.7,2.7,0.9
0.9,1.8,2.7,2.7,2.7,0.9
1.8,1.8,2.7,2.7,2.7,0.9
0.9,0.9,3.6,2.7,2.7,0.9
1.8,0.9,3.6,2.7,2.7,0.9
0.9,1.8,3.6,2.7,2.7,0.9
1.8,1.8,3.6,2.7,2.7,0.9
0.9,0.9,4.5,2.7,2.7,0.9
1.8,0.9,4.5,2.7,2.7,0.9
0.9,1.8,4.5,2.7,2.7,0.9
1.8,1.8,4.5,2.7,2.7,0.9
0.9,0.9,5.4,2.7,2.7,0.9
1.8,0.9,5.4,2.7,2.7,0.9
0.9,1.8,5.4,2.7,2.7,0.9
1.8,1.8,5.4,2.7,2.7,0.9
0.9,0.9,0.0,3.6,2.7,0.9
1.8,0.9,0.0,3.6,2.7,0.9
0.9,1.8,0.0,3.6,2.7,0.9
1.8,1.8,0.0,3.6,2.7,0.9
0.9,0.9,0.9,3.6,2.7,0.9
1.8,0.9,0.9,3.6,2.7,0.9
0.9,1.8,0.9,3.6,2.7,0.9
1.8,1.8,0.9,3.6,2.7,0.9
0.9,0.9,1.8,3.6,2.7,0.9
1.8,0.9,1.8,3.6,2.7,0.9
0.9,1.8,1.8,3.6,2.7,0.9
1.8,1.8,1.8,3.6,2.7,0.9
0.9,0.9,2.7,3.6,2.7,0.9
1.8,0.9,2.7,3.6,2.7,0.9
0.9,1.8,2.7,3.6,2.7,0.9
1.8,1.8,2.7,3.6,2.7,0.9
0.9,0.9,3.6,3.6,2.7,0.9
1.8,0.9,3.6,3.6,2.7,0.9
0.9,1.8,3.6,3.6,2.7,0.9
1.8,1.8,3.6,3.6,2.7,0.9
0.9,0.9,4.5,3.6,2.7,0.9
1.8,0.9,4.5,3.6,2.7,0.9
0.9,1.8,4.5,3.6,2.7,0.9
1.8,1.8,4.5,3.6,2.7,0.9
0.9,0.9,5.4,3.6,2.7,0.9
1.8,0.9,5.4,3.6,2.7,0.9
0.9,1.8,5.4,3.6,2.7,0.9
1.8,1.8,5.4,3.6,2.7,0.9
0.9,0.9,0.0,4.5,2.7,0.9
1.8,0.9,0.0,4.5,2.7,0.9
0.9,1.8,0.0,4.5,2.7,0.9
1.8,1.8,0.0,4.5,2.7,0.9
0.9,0.9,0.9,4.5,2.7,0.9
1.8,0.9,0.9,4.5,2.7,0.9
0.9,1.8,0.9,4.5,2.7,0.9
1.8,1.8,0.9,4.5,2.7,0.9
0.9,0.9,1.8,4.5,2.7,0.9
1.8,0.9,1.8,4.5,2.7,0.9
0.9,1.8,1.8,4.5,2.7,0.9
1.8,1.8,1.8,4.5,2.7,0.9
0.9,0.9,2.7,4.5,2.7,0.9
1.8,0.9,2.7,4.5,2.7,0.9
0.9,1.8,2.7,4.5,2.7,0.9
1.8,1.8,2.7,4.5,2.7,0.9
0.9,0.9,3.6,4.5,2.7,0.9
1.8,0.9,3.6,4.5,2.7,0.9
0.9,1.8,3.6,4.5,2.7,0.9
1.8,1.8,3.6,4.5,2.7,0.9
0.9,0.9,4.5,4.5,2.7,0.9
1.8,0.9,4.5,4.5,2.7,0.9
0.9,1.8,4.5,4.5,2.7,0.9
1.8,1.8,4.5,4.5,2.7,0.9
0.9,0.9,5.4,4.5,2.7,0.9
1.8,0.9,5.4,4.5,2.7,0.9
0.9,1.8,5.4,4.5,2.7,0.9
1.8,1.8,5.4,4.5,2.7,0.9
0.9,0.9,0.0,5.4,2.7,0.9
1.8,0.9,0.0,5.4,2.7,0.9
0.9,1.8,0.0,5.4,2.7,0.9
1.8,1.8,0.0,5.4,2.7,0.9
0.9,0.9,0.9,5.4,2.7,0.9
1.8,0.9,0.9,5.4,2.7,0.9
0.9,1.8,0.9,5.4,2.7,0.9
1.8,1.8,0.9,5.4,2.7,0.9
0.9,0.9,1.8,5.4,2.7,0.9
1.8,0.9,1.8,5.4,2.7,0.9
0.9,1.8,1.8,5.4,2.7,0.9
1.8,1.8,1.8,5.4,2.7,0.9
0.9,0.9,2.7,5.4,2.7,0.9
1.8,0.9,2.7,5.4,2.7,0.9
0.9,1.8,2.7,5.4,2.7,0.9
1.8,1.8,2.7,5.4,2.7,0.9
0.9,0.9,3.6,5.4,2.7,0.9
1.8,0.9,3.6,5.4,2.7,0.9
0.9,1.8,3.6,5.4,2.7,0.9
1.8,1.8,3.6,5.4,2.7,0.9
0.9,0.9,4.5,5.4,2.7,0.9
1.8,0.9,4.5,5.4,2.7,0.9
0.9,1.8,4.5,5.4,2.7,0.9
1.8,1.8,4.5,5.4,2.7,0.9
0.9,0.9,5.4,5.4,2.7,0.9
1.8,0.9,5.4,5.4,2.7,0.9
0.9,1.8,5.4,5.4,2.7,0.9
1.8,1.8,5.4,5.4,2.7,0.9
0.9,0.9,0.0,0.0,3.6,0.9
1.8,0.9,0.0,0.0,3.6,0.9
0.9,1.8,0.0,0.0,3.6,0.9
1.8,1.8,0.0,0.0,3.6,0.9
0.9,0.9,0.9,0.0,3.6,0.9
1.8,0.9,0.9,0.0,3.6,0.9
0.9,1.8,0.9,0.0,3.6,0.9
1.8,1.8,0.9,0.0,3.6,0.9
0.9,0.9,1.8,0.0,3.6,0.9
1.8,0.9,1.8,0.0,3.6,0.9
0.9,1.8,1.8,0.0,3.6,0.9
1.8,1.8,1.8,0.0,3.6,0.9
0.9,0.9,2.7,0.0,3.6,0.9
1.8,0.9,2.7,0.0,3.6,0.9
0.9,1.8,2.7,0.0,3.6,0.9
1.8,1.8,2.7,0.0,3.6,0.9
0.9,0.9,3.6,0.0,3.6,0.9
1.8,0.9,3.6,0.0,3.6,0.9
0.9,1.8,3.6,0.0,3.6,0.9
1.8,1.8,3.6,0.0,3.6,0.9
0.9,0.9,4.5,0.0,3.6,0.9
1.8,0.9,4.5,0.0,3.6,0.9
0.9,1.8,4.5,0.0,3.6,0.9
1.8,1.8,4.5,0.0,3.6,0.9
0.9,0.9,5.4,0.0,3.6,0.9
1.8,0.9,5.4,0.0,3.6,0.9
0.9,1.8,5.4,0.0,3.6,0.9
1.8,1.8,5.4,0.0,3.6,0.9
0.9,0.9,0.0,0.9,3.6,0.9
1.8,0.9,0.0,0.9,3.6,0.9
0.9,1.8,0.0,0.9,3.6,0.9
1.8,1.8,0.0,0.9,3.6,0.9
0.9,0.9,0.9,0.9,3.6,0.9
1.8,0.9,0.9,0.9,3.6,0.9
0.9,1.8,0.9,0.9,3.6,0.9
1.8,1.8,0.9,0.9,3.6,0.9
0.9,0.9,1.8,0.9,3.6,0.9
1.8,0.9,1.8,0.9,3.6,0.9
0.9,1.8,1.8,0.9,3.6,0.9
1.8,1.8,1.8,0.9,3.6,0.9
0.9,0.9,2.7,0.9,3.6,0.9
1.8,0.9,2.7,0.9,3.6,0.9
0.9,1.8,2.7,0.9,3.6,0.9
1.8,1.8,2.7,0.9,3.6,0.9
0.9,0.9,3.6,0.9,3.6,0.9
1.8,0.9,3.6,0.9,3.6,0.9
0.9,1.8,3.6,0.9,3.6,0.9
1.8,1.8,3.6,0.9,3.6,0.9
0.9,0.9,4.5,0.9,3.6,0.9
1.8,0.9,4.5,0.9,3.6,0.9
0.9,1.8,4.5,0.9,3.6,0.9
1.8,1.8,4.5,0.9,3.6,0.9
0.9,0.9,5.4,0.9,3.6,0.9
1.8,0.9,5.4,0.9,3.6,0.9
0.9,1.8,5.4,0.9,3.6,0.9
1.8,1.8,5.4,0.9,3.6,0.9
0.9,0.9,0.0,1.8,3.6,0.9
1.8,0.9,0.0,1.8,3.6,0.9
0.9,1.8,0.0,1.8,3.6,0.9
1.8,1.8,0.0,1.8,3.6,0.9
0.9,0.9,0.9,1.8,3.6,0.9
1.8,0.9,0.9,1.8,3.6,0.9
0.9,1.8,0.9,1.8,3.6,0.9
1.8,1.8,0.9,1.8,3.6,0.9
0.9,0.9,1.8,1.8,3.6,0.9
1.8,0.9,1.8,1.8,3.6,0.9
0.9,1.8,1.8,1.8,3.6,0.9
1.8,1.8,1.8,1.8,3.6,0.9
0.9,0.9,2.7,1.8,3.6,0.9
1.8,0.9,2.7,1.8,3.6,0.9
0.9,1.8,2.7,1.8,3.6,0.9
1.8,1.8,2.7,1.8,3.6,0.9
0.9,0.9,3.6,1.8,3.6,0.9
1.8,0.9,3.6,1.8,3.6,0.9
0.9,1.8,3.6,1.8,3.6,0.9
1.8,1.8,3.6,1.8,3.6,0.9
0.9,0.9,4.5,1.8,3.6,0.9
1.8,0.9,4.5,1.8,3.6,0.9
0.9,1.8,4.5,1.8,3.6,0.9
1.8,1.8,4.5,1.8,3.6,0.9
0.9,0.9,5.4,1.8,3.6,0.9
1.8,0.9,5.4,1.8,3.6,0.9
0.9,1.8,5.4,1.8,3.6,0.9
1.8,1.8,5.4,1.8,3.6,0.9
0.9,0.9,0.0,2.7,3.6,0.9
1.8,0.9,0.0,2.7,3.6,0.9
0.9,1.8,0.0,2.7,3.6,0.9
1.8,1.8,0.0,2.7,3.6,0.9
0.9,0.9,0.9,2.7,3.6,0.9
1.8,0.9,0.9,2.7,3.6,0.9
0.9,1.8,0.9,2.7,3.6,0.9
1.8,1.8,0.9,2.7,3.6,0.9
0.9,0.9,1.8,2.7,3.6,0.9
1.8,0.9,1.8,2.7,3.6,0.9
0.9,1.8,1.8,2.7,3.6,0.9
1.8,1.8,1.8,2.7,3.6,0.9
0.9,0.9,2.7,2.7,3.6,0.9
1.8,0.9,2.7,2.7,3.6,0.9
0.9,1.8,2.7,2.7,3.6,0.9
1.8,1.8,2.7,2.7,3.6,0.9
0.9,0.9,3.6,2.7,3.6,0.9
1.8,0.9,3.6,2.7,3.6,0.9
0.9,1.8,3.6,2.7,3.6,0.9
1.8,1.8,3.6,2.7,3.6,0.9
0.9,0.9,4.5,2.7,3.6,0.9
1.8,0.9,4.5,2.7,3.6,0.9
0.9,1.8,4.5,2.7,3.6,0.9
1.8,1.8,4.5,2.7,3.6,0.9
0.9,0.9,5.4,2.7,3.6,0.9
1.8,0.9,5.4,2.7,3.6,0.9
0.9,1.8,5.4,2.7,3.6,0.9
1.8,1.8,5.4,2.7,3.6,0.9
0.9,0.9,0.0,3.6,3.6,0.9
1.8,0.9,0.0,3.6,3.6,0.9
0.9,1.8,0.0,3.6,3.6,0.9
1.8,1.8,0.0,3.6,3.6,0.9
0.9,0.9,0.9,3.6,3.6,0.9
1.8,0.9,0.9,3.6,3.6,0.9
0.9,1.8,0.9,3.6,3.6,0.9
1.8,1.8,0.9,3.6,3.6,0.9
0.9,0.9,1.8,3.6,3.6,0.9
1.8,0.9,1.8,3.6,3.6,0.9
0.9,1.8,1.8,3.6,3.6,0.9
1.8,1.8,1.8,3.6,3.6,0.9
0.9,0.9,2.7,3.6,3.6,0.9
1.8,0.9,2.7,3.6,3.6,0.9
0.9,1.8,2.7,3.6,3.6,0.9
1.8,1.8,2.7,3.6,3.6,0.9
0.9,0.9,3.6,3.6,3.6,0.9
1.8,0.9,3.6,3.6,3.6,0.9
0.9,1.8,3.6,3.6,3.6,0.9
1.8,1.8,3.6,3.6,3.6,0.9
0.9,0.9,4.5,3.6,3.6,0.9
1.8,0.9,4.5,3.6,3.6,0.9
0.9,1.8,4.5,3.6,3.6,0.9
1.8,1.8,4.5,3.6,3.6,0.9
0.9,0.9,5.4,3.6,3.6,0.9
1.8,0.9,5.4,3.6,3.6,0.9
0.9,1.8,5.4,3.6,3.6,0.9
1.8,1.8,5.4,3.6,3.6,0.9
0.9,0.9,0.0,4.5,3.6,0.9
1.8,0.9,0.0,4.5,3.6,0.9
0.9,1.8,0.0,4.5,3.6,0.9
1.8,1.8,0.0,4.5,3.6,0.9
0.9,0.9,0.9,4.5,3.6,0.9
1.8,0.9,0.9,4.5,3.6,0.9
0.9,1.8,0.9,4.5,3.6,0.9
1.8,1.8,0.9,4.5,3.6,0.9
0.9,0.9,1.8,4.5,3.6,0.9
1.8,0.9,1.8,4.5,3.6,0.9
0.9,1.8,1.8,4.5,3.6,0.9
1.8,1.8,1.8,4.5,3.6,0.9
0.9,0.9,2.7,4.5,3.6,0.9
1.8,0.9,2.7,4.5,3.6,0.9
0.9,1.8,2.7,4.5,3.6,0.9
1.8,1.8,2.7,4.5,3.6,0.9
0.9,0.9,3.6,4.5,3.6,0.9
1.8,0.9,3.6,4.5,3.6,0.9
0.9,1.8,3.6,4.5,3.6,0.9
1.8,1.8,3.6,4.5,3.6,0.9
0.9,0.9,4.5,4.5,3.6,0.9
1.8,0.9,4.5,4.5,3.6,0.9
0.9,1.8,4.5,4.5,3.6,0.9
1.8,1.8,4.5,4.5,3.6,0.9
0.9,0.9,5.4,4.5,3.6,0.9
1.8,0.9,5.4,4.5,3.6,0.9
0.9,1.8,5.4,4.5,3.6,0.9
1.8,1.8,5.4,4.5,3.6,0.9
0.9,0.9,0.0,5.4,3.6,0.9
1.8,0.9,0.0,5.4,3.6,0.9
0.9,1.8,0.0,5.4,3.6,0.9
1.8,1.8,0.0,5.4,3.6,0.9
0.9,0.9,0.9,5.4,3.6,0.9
1.8,0.9,0.9,5.4,3.6,0.9
0.9,1.8,0.9,5.4,3.6,0.9
1.8,1.8,0.9,5.4,3.6,0.9
0.9,0.9,1.8,5.4,3.6,0.9
1.8,0.9,1.8,5.4,3.6,0.9
0.9,1.8,1.8,5.4,3.6,0.9
1.8,1.8,1.8,5.4,3.6,0.9
0.9,0.9,2.7,5.4,3.6,0.9
1.8,0.9,2.7,5.4,3.6,0.9
0.9,1.8,2.7,5.4,3.6,0.9
1.8,1.8,2.7,5.4,3.6,0.9
0.9,0.9,3.6,5.4,3.6,0.9
1.8,0.9,3.6,5.4,3.6,0.9
0.9,1.8,3.6,5.4,3.6,0.9
1.8,1.8,3.6,5.4,3.6,0.9
0.9,0.9,4.5,5.4,3.6,0.9
1.8,0.9,4.5,5.4,3.6,0.9
0.9,1.8,4.5,5.4,3.6,0.9
1.8,1.8,4.5,5.4,3.6,0.9
0.9,0.9,5.4,5.4,3.6,0.9
1.8,0.9,5.4,5.4,3.6,0.9
0.9,1.8,5.4,5.4,3.6,0.9
1.8,1.8,5.4,5.4,3.6,0.9
0.9,0.9,0.0,0.0,4.5,0.9
1.8,0.9,0.0,0.0,4.5,0.9
0.9,1.8,0.0,0.0,4.5,0.9
1.8,1.8,0.0,0.0,4.5,0.9
0.9,0.9,0.9,0.0,4.5,0.9
1.8,0.9,0.9,0.0,4.5,0.9
0.9,1.8,0.9,0.0,4.5,0.9
1.8,1.8,0.9,0.0,4.5,0.9
0.9,0.9,1.8,0.0,4.5,0.9
1.8,0.9,1.8,0.0,4.5,0.9
0.9,1.8,1.8,0.0,4.5,0.9
1.8,1.8,1.8,0.0,4.5,0.9
0.9,0.9,2.7,0.0,4.5,0.9
1.8,0.9,2.7,0.0,4.5,0.9
0.9,1.8,2.7,0.0,4.5,0.9
1.8,1.8,2.7,0.0,4.5,0.9
0.9,0.9,3.6,0.0,4.5,0.9
1.8,0.9,3.6,0.0,4.5,0.9
0.9,1.8,3.6,0.0,4.5,0.9
1.8,1.8,3.6,0.0,4.5,0.9
0.9,0.9,4.5,0.0,4.5,0.9
1.8,0.9,4.5,0.0,4.5,0.9
0.9,1.8,4.5,0.0,4.5,0.9
1.8,1.8,4.5,0.0,4.5,0.9
0.9,0.9,5.4,0.0,4.5,0.9
1.8,0.9,5.4,0.0,4.5,0.9
0.9,1.8,5.4,0.0,4.5,0.9
1.8,1.8,5.4,0.0,4.5,0.9
0.9,0.9,0.0,0.9,4.5,0.9
1.8,0.9,0.0,0.9,4.5,0.9
0.9,1.8,0.0,0.9,4.5,0.9
1.8,1.8,0.0,0.9,4.5,0.9
0.9,0.9,0.9,0.9,4.5,0.9
1.8,0.9,0.9,0.9,4.5,0.9
0.9,1.8,0.9,0.9,4.5,0.9
1.8,1.8,0.9,0.9,4.5,0.9
0.9,0.9,1.8,0.9,4.5,0.9
1.8,0.9,1.8,0.9,4.5,0.9
0.9,1.8,1.8,0.9,4.5,0.9
1.8,1.8,1.8,0.9,4.5,0.9
0.9,0.9,2.7,0.9,4.5,0.9
1.8,0.9,2.7,0.9,4.5,0.9
0.9,1.8,2.7,0.9,4.5,0.9
1.8,1.8,2.7,0.9,4.5,0.9
0.9,0.9,3.6,0.9,4.5,0.9
1.8,0.9,3.6,0.9,4.5,0.9
0.9,1.8,3.6,0.9,4.5,0.9
1.8,1.8,3.6,0.9,4.5,0.9
0.9,0.9,4.5,0.9,4.5,0.9
1.8,0.9,4.5,0.9,4.5,0.9
0.9,1.8,4.5,0.9,4.5,0.9
1.8,1.8,4.5,0.9,4.5,0.9
0.9,0.9,5.4,0.9,4.5,0.9
1.8,0.9,5.4,0.9,4.5,0.9
0.9,1.8,5.4,0.9,4.5,0.9
1.8,1.8,5.4,0.9,4.5,0.9
0.9,0.9,0.0,1.8,4.5,0.9
1.8,0.9,0.0,1.8,4.5,0.9
0.9,1.8,0.0,1.8,4.5,0.9
1.8,1.8,0.0,1.8,4.5,0.9
0.9,0.9,0.9,1.8,4.5,0.9
1.8,0.9,0.9,1.8,4.5,0.9
0.9,1.8,0.9,1.8,4.5,0.9
1.8,1.8,0.9,1.8,4.5,0.9
0.9,0.9,1.8,1.8,4.5,0.9
1.8,0.9,1.8,1.8,4.5,0.9
0.9,1.8,1.8,1.8,4.5,0.9
1.8,1.8,1.8,1.8,4.5,0.9
0.9,0.9,2.7,1.8,4.5,0.9
1.8,0.9,2.7,1.8,4.5,0.9
0.9,1.8,2.7,1.8,4.5,0.9
1.8,1.8,2.7,1.8,4.5,0.9
0.9,0.9,3.6,1.8,4.5,0.9
1.8,0.9,3.6,1.8,4.5,0.9
0.9,1.8,3.6,1.8,4.5,0.9
1.8,1.8,3.6,1.8,4.5,0.9
0.9,0.9,4.5,1.8,4.5,0.9
1.8,0.9,4.5,1.8,4.5,0.9
0.9,1.8,4.5,1.8,4.5,0.9
1.8,1.8,4.5,1.8,4.5,0.9
0.9,0.9,5.4,1.8,4.5,0.9
1.8,0.9,5.4,1.8,4.5,0.9
0.9,1.8,5.4,1.8,4.5,0.9
1.8,1.8,5.4,1.8,4.5,0.9
0.9,0.9,0.0,2.7,4.5,0.9
1.8,0.9,0.0,2.7,4.5,0.9
0.9,1.8,0.0,2.7,4.5,0.9
1.8,1.8,0.0,2.7,4.5,0.9
0.9,0.9,0.9,2.7,4.5,0.9
1.8,0.9,0.9,2.7,4.5,0.9
0.9,1.8,0.9,2.7,4.5,0.9
1.8,1.8,0.9,2.7,4.5,0.9
0.9,0.9,1.8,2.7,4.5,0.9
1.8,0.9,1.8,2.7,4.5,0.9
0.9,1.8,1.8,2.7,4.5,0.9
1.8,1.8,1.8,2.7,4.5,0.9
0.9,0.9,2.7,2.7,4.5,0.9
1.8,0.9,2.7,2.7,4.5,0.9
0.9,1.8,2.7,2.7,4.5,0.9
1.8,1.8,2.7,2.7,4.5,0.9
0.9,0.9,3.6,2.7,4.5,0.9
1.8,0.9,3.6,2.7,4.5,0.9
0.9,1.8,3.6,2.7,4.5,0.9
1.8,1.8,3.6,2.7,4.5,0.9
0.9,0.9,4.5,2.7,4.5,0.9
1.8,0.9,4.5,2.7,4.5,0.9
0.9,1.8,4.5,2.7,4.5,0.9
1.8,1.8,4.5,2.7,4.5,0.9
0.9,0.9,5.4,2.7,4.5,0.9
1.8,0.9,5.4,2.7,4.5,0.9
0.9,1.8,5.4,2.7,4.5,0.9
1.8,1.8,5.4,2.7,4.5,0.9
0.9,0.9,0.0,3.6,4.5,0.9
1.8,0.9,0.0,3.6,4.5,0.9
0.9,1.8,0.0,3.6,4.5,0.9
1.8,1.8,0.0,3.6,4.5,0.9
0.9,0.9,0.9,3.6,4.5,0.9
1.8,0.9,0.9,3.6,4.5,0.9
0.9,1.8,0.9,3.6,4.5,0.9
1.8,1.8,0.9,3.6,4.5,0.9
0.9,0.9,1.8,3.6,4.5,0.9
1.8,0.9,1.8,3.6,4.5,0.9
0.9,1.8,1.8,3.6,4.5,0.9
1.8,1.8,1.8,3.6,4.5,0.9
0.9,0.9,2.7,3.6,4.5,0.9
1.8,0.9,2.7,3.6,4.5,0.9
0.9,1.8,2.7,3.6,4.5,0.9
1.8,1.8,2.7,3.6,4.5,0.9
0.9,0.9,3.6,3.6,4.5,0.9
1.8,0.9,3.6,3.6,4.5,0.9
0.9,1.8,3.6,3.6,4.5,0.9
1.8,1.8,3.6,3.6,4.5,0.9
0.9,0.9,4.5,3.6,4.5,0.9
1.8,0.9,4.5,3.6,4.5,0.9
0.9,1.8,4.5,3.6,4.5,0.9
1.8,1.8,4.5,3.6,4.5,0.9
0.9,0.9,5.4,3.6,4.5,0.9
1.8,0.9,5.4,3.6,4.5,0.9
0.9,1.8,5.4,3.6,4.5,0.9
1.8,1.8,5.4,3.6,4.5,0.9
0.9,0.9,0.0,4.5,4.5,0.9
1.8,0.9,0.0,4.5,4.5,0.9
0.9,1.8,0.0,4.5,4.5,0.9
1.8,1.8,0.0,4.5,4.5,0.9
0.9,0.9,0.9,4.5,4.5,0.9
1.8,0.9,0.9,4.5,4.5,0.9
0.9,1.8,0.9,4.5,4.5,0.9
1.8,1.8,0.9,4.5,4.5,0.9
0.9,0.9,1.8,4.5,4.5,0.9
1.8,0.9,1.8,4.5,4.5,0.9
0.9,1.8,1.8,4.5,4.5,0.9
1.8,1.8,1.8,4.5,4.5,0.9
0.9,0.9,2.7,4.5,4.5,0.9
1.8,0.9,2.7,4.5,4.5,0.9
0.9,1.8,2.7,4.5,4.5,0.9
1.8,1.8,2.7,4.5,4.5,0.9
0.9,0.9,3.6,4.5,4.5,0.9
1.8,0.9,3.6,4.5,4.5,0.9
0.9,1.8,3.6,4.5,4.5,0.9
1.8,1.8,3.6,4.5,4.5,0.9
0.9,0.9,4.5,4.5,4.5,0.9
1.8,0.9,4.5,4.5,4.5,0.9
0.9,1.8,4.5,4.5,4.5,0.9
1.8,1.8,4.5,4.5,4.5,0.9
0.9,0.9,5.4,4.5,4.5,0.9
1.8,0.9,5.4,4.5,4.5,0.9
0.9,1.8,5.4,4.5,4.5,0.9
1.8,1.8,5.4,4.5,4.5,0.9
0.9,0.9,0.0,5.4,4.5,0.9
1.8,0.9,0.0,5.4,4.5,0.9
0.9,1.8,0.0,5.4,4.5,0.9
1.8,1.8,0.0,5.4,4.5,0.9
0.9,0.9,0.9,5.4,4.5,0.9
1.8,0.9,0.9,5.4,4.5,0.9
0.9,1.8,0.9,5.4,4.5,0.9
1.8,1.8,0.9,5.4,4.5,0.9
0.9,0.9,1.8,5.4,4.5,0.9
1.8,0.9,1.8,5.4,4.5,0.9
0.9,1.8,1.8,5.4,4.5,0.9
1.8,1.8,1.8,5.4,4.5,0.9
0.9,0.9,2.7,5.4,4.5,0.9
1.8,0.9,2.7,5.4,4.5,0.9
0.9,1.8,2.7,5.4,4.5,0.9
1.8,1.8,2.7,5.4,4.5,0.9
0.9,0.9,3.6,5.4,4.5,0.9
1.8,0.9,3.6,5.4,4.5,0.9
0.9,1.8,3.6,5.4,4.5,0.9
1.8,1.8,3.6,5.4,4.5,0.9
0.9,0.9,4.5,5.4,4.5,0.9
1.8,0.9,4.5,5.4,4.5,0.9
0.9,1.8,4.5,5.4,4.5,0.9
1.8,1.8,4.5,5.4,4.5,0.9
0.9,0.9,5.4,5.4,4.5,0.9
1.8,0.9,5.4,5.4,4.5,0.9
0.9,1.8,5.4,5.4,4.5,0.9
1.8,1.8,5.4,5.4,4.5,0.9
0.9,0.9,0.0,0.0,5.4,0.9
1.8,0.9,0.0,0.0,5.4,0.9
0.9,1.8,0.0,0.0,5.4,0.9
1.8,1.8,0.0,0.0,5.4,0.9
0.9,0.9,0.9,0.0,5.4,0.9
1.8,0.9,0.9,0.0,5.4,0.9
0.9,1.8,0.9,0.0,5.4,0.9
1.8,1.8,0.9,0.0,5.4,0.9
0.9,0.9,1.8,0.0,5.4,0.9
1.8,0.9,1.8,0.0,5.4,0.9
0.9,1.8,1.8,0.0,5.4,0.9
1.8,1.8,1.8,0.0,5.4,0.9
0.9,0.9,2.7,0.0,5.4,0.9
1.8,0.9,2.7,0.0,5.4,0.9
0.9,1.8,2.7,0.0,5.4,0.9
1.8,1.8,2.7,0.0,5.4,0.9
0.9,0.9,3.6,0.0,5.4,0.9
1.8,0.9,3.6,0.0,5.4,0.9
0.9,1.8,3.6,0.0,5.4,0.9
1.8,1.8,3.6,0.0,5.4,0.9
0.9,0.9,4.5,0.0,5.4,0.9
1.8,0.9,4.5,0.0,5.4,0.9
0.9,1.8,4.5,0.0,5.4,0.9
1.8,1.8,4.5,0.0,5.4,0.9
0.9,0.9,5.4,0.0,5.4,0.9
1.8,0.9,5.4,0.0,5.4,0.9
0.9,1.8,5.4,0.0,5.4,0.9
1.8,1.8,5.4,0.0,5.4,0.9
0.9,0.9,0.0,0.9,5.4,0.9
1.8,0.9,0.0,0.9,5.4,0.9
0.9,1.8,0.0,0.9,5.4,0.9
1.8,1.8,0.0,0.9,5.4,0.9
0.9,0.9,0.9,0.9,5.4,0.9
1.8,0.9,0.9,0.9,5.4,0.9
0.9,1.8,0.9,0.9,5.4,0.9
1.8,1.8,0.9,0.9,5.4,0.9
0.9,0.9,1.8,0.9,5.4,0.9
1.8,0.9,1.8,0.9,5.4,0.9
0.9,1.8,1.8,0.9,5.4,0.9
1.8,1.8,1.8,0.9,5.4,0.9
0.9,0.9,2.7,0.9,5.4,0.9
1.8,0.9,2.7,0.9,5.4,0.9
0.9,1.8,2.7,0.9,5.4,0.9
1.8,1.8,2.7,0.9,5.4,0.9
0.9,0.9,3.6,0.9,5.4,0.9
1.8,0.9,3.6,0.9,5.4,0.9
0.9,1.8,3.6,0.9,5.4,0.9
1.8,1.8,3.6,0.9,5.4,0.9
0.9,0.9,4.5,0.9,5.4,0.9
1.8,0.9,4.5,0.9,5.4,0.9
0.9,1.8,4.5,0.9,5.4,0.9
1.8,1.8,4.5,0.9,5.4,0.9
0.9,0.9,5.4,0.9,5.4,0.9
1.8,0.9,5.4,0.9,5.4,0.9
0.9,1.8,5.4,0.9,5.4,0.9
1.8,1.8,5.4,0.9,5.4,0.9
0.9,0.9,0.0,1.8,5.4,0.9
1.8,0.9,0.0,1.8,5.4,0.9
0.9,1.8,0.0,1.8,5.4,0.9
1.8,1.8,0.0,1.8,5.4,0.9
0.9,0.9,0.9,1.8,5.4,0.9
1.8,0.9,0.9,1.8,5.4,0.9
0.9,1.8,0.9,1.8,5.4,0.9
1.8,1.8,0.9,1.8,5.4,0.9
0.9,0.9,1.8,1.8,5.4,0.9
1.8,0.9,1.8,1.8,5.4,0.9
0.9,1.8,1.8,1.8,5.4,0.9
1.8,1.8,1.8,1.8,5.4,0.9
0.9,0.9,2.7,1.8,5.4,0.9
1.8,0.9,2.7,1.8,5.4,0.9
0.9,1.8,2.7,1.8,5.4,0.9
1.8,1.8,2.7,1.8,5.4,0.9
0.9,0.9,3.6,1.8,5.4,0.9
1.8,0.9,3.6,1.8,5.4,0.9
0.9,1.8,3.6,1.8,5.4,0.9
1.8,1.8,3.6,1.8,5.4,0.9
0.9,0.9,4.5,1.8,5.4,0.9
1.8,0.9,4.5,1.8,5.4,0.9
0.9,1.8,4.5,1.8,5.4,0.9
1.8,1.8,4.5,1.8,5.4,0.9
0.9,0.9,5.4,1.8,5.4,0.9
1.8,0.9,5.4,1.8,5.4,0.9
0.9,1.8,5.4,1.8,5.4,0.9
1.8,1.8,5.4,1.8,5.4,0.9
0.9,0.9,0.0,2.7,5.4,0.9
1.8,0.9,0.0,2.7,5.4,0.9
0.9,1.8,0.0,2.7,5.4,0.9
1.8,1.8,0.0,2.7,5.4,0.9
0.9,0.9,0.9,2.7,5.4,0.9
1.8,0.9,0.9,2.7,5.4,0.9
0.9,1.8,0.9,2.7,5.4,0.9
1.8,1.8,0.9,2.7,5.4,0.9
0.9,0.9,1.8,2.7,5.4,0.9
1.8,0.9,1.8,2.7,5.4,0.9
0.9,1.8,1.8,2.7,5.4,0.9
1.8,1.8,1.8,2.7,5.4,0.9
0.9,0.9,2.7,2.7,5.4,0.9
1.8,0.9,2.7,2.7,5.4,0.9
0.9,1.8,2.7,2.7,5.4,0.9
1.8,1.8,2.7,2.7,5.4,0.9
0.9,0.9,3.6,2.7,5.4,0.9
1.8,0.9,3.6,2.7,5.4,0.9
0.9,1.8,3.6,2.7,5.4,0.9
1.8,1.8,3.6,2.7,5.4,0.9
0.9,0.9,4.5,2.7,5.4,0.9
1.8,0.9,4.5,2.7,5.4,0.9
0.9,1.8,4.5,2.7,5.4,0.9
1.8,1.8,4.5,2.7,5.4,0.9
0.9,0.9,5.4,2.7,5.4,0.9
1.8,0.9,5.4,2.7,5.4,0.9
0.9,1.8,5.4,2.7,5.4,0.9
1.8,1.8,5.4,2.7,5.4,0.9
0.9,0.9,0.0,3.6,5.4,0.9
1.8,0.9,0.0,3.6,5.4,0.9
0.9,1.8,0.0,3.6,5.4,0.9
1.8,1.8,0.0,3.6,5.4,0.9
0.9,0.9,0.9,3.6,5.4,0.9
1.8,0.9,0.9,3.6,5.4,0.9
0.9,1.8,0.9,3.6,5.4,0.9
1.8,1.8,0.9,3.6,5.4,0.9
0.9,0.9,1.8,3.6,5.4,0.9
1.8,0.9,1.8,3.6,5.4,0.9
0.9,1.8,1.8,3.6,5.4,0.9
1.8,1.8,1.8,3.6,5.4,0.9
0.9,0.9,2.7,3.6,5.4,0.9
1.8,0.9,2.7,3.6,5.4,0.9
0.9,1.8,2.7,3.6,5.4,0.9
1.8,1.8,2.7,3.6,5.4,0.9
0.9,0.9,3.6,3.6,5.4,0.9
1.8,0.9,3.6,3.6,5.4,0.9
0.9,1.8,3.6,3.6,5.4,0.9
1.8,1.8,3.6,3.6,5.4,0.9
0.9,0.9,4.5,3.6,5.4,0.9
1.8,0.9,4.5,3.6,5.4,0.9
0.9,1.8,4.5,3.6,5.4,0.9
1.8,1.8,4.5,3.6,5.4,0.9
0.9,0.9,5.4,3.6,5.4,0.9
1.8,0.9,5.4,3.6,5.4,0.9
0.9,1.8,5.4,3.6,5.4,0.9
1.8,1.8,5.4,3.6,5.4,0.9
0.9,0.9,0.0,4.5,5.4,0.9
1.8,0.9,0.0,4.5,5.4,0.9
0.9,1.8,0.0,4.5,5.4,0.9
1.8,1.8,0.0,4.5,5.4,0.9
0.9,0.9,0.9,4.5,5.4,0.9
1.8,0.9,0.9,4.5,5.4,0.9
0.9,1.8,0.9,4.5,5.4,0.9
1.8,1.8,0.9,4.5,5.4,0.9
0.9,0.9,1.8,4.5,5.4,0.9
1.8,0.9,1.8,4.5,5.4,0.9
0.9,1.8,1.8,4.5,5.4,0.9
1.8,1.8,1.8,4.5,5.4,0.9
0.9,0.9,2.7,4.5,5.4,0.9
1.8,0.9,2.7,4.5,5.4,0.9
0.9,1.8,2.7,4.5,5.4,0.9
1.8,1.8,2.7,4.5,5.4,0.9
0.9,0.9,3.6,4.5,5.4,0.9
1.8,0.9,3.6,4.5,5.4,0.9
0.9,1.8,3.6,4.5,5.4,0.9
1.8,1.8,3.6,4.5,5.4,0.9
0.9,0.9,4.5,4.5,5.4,0.9
1.8,0.9,4.5,4.5,5.4,0.9
0.9,1.8,4.5,4.5,5.4,0.9
1.8,1.8,4.5,4.5,5.4,0.9
0.9,0.9,5.4,4.5,5.4,0.9
1.8,0.9,5.4,4.5,5.4,0.9
0.9,1.8,5.4,4.5,5.4,0.9
1.8,1.8,5.4,4.5,5.4,0.9
0.9,0.9,0.0,5.4,5.4,0.9
1.8,0.9,0.0,5.4,5.4,0.9
0.9,1.8,0.0,5.4,5.4,0.9
1.8,1.8,0.0,5.4,5.4,0.9
0.9,0.9,0.9,5.4,5.4,0.9
1.8,0.9,0.9,5.4,5.4,0.9
0.9,1.8,0.9,5.4,5.4,0.9
1.8,1.8,0.9,5.4,5.4,0.9
0.9,0.9,1.8,5.4,5.4,0.9
1.8,0.9,1.8,5.4,5.4,0.9
0.9,1.8,1.8,5.4,5.4,0.9
1.8,1.8,1.8,5.4,5.4,0.9
0.9,0.9,2.7,5.4,5.4,0.9
1.8,0.9,2.7,5.4,5.4,0.9
0.9,1.8,2.7,5.4,5.4,0.9
1.8,1.8,2.7,5.4,5.4,0.9
0.9,0.9,3.6,5.4,5.4,0.9
1.8,0.9,3.6,5.4,5.4,0.9
0.9,1.8,3.6,5.4,5.4,0.9
1.8,1.8,3.6,5.4,5.4,0.9
0.9,0.9,4.5,5.4,5.4,0.9
1.8,0.9,4.5,5.4,5.4,0.9
0.9,1.8,4.5,5.4,5.4,0.9
1.8,1.8,4.5,5.4,5.4,0.9
0.9,0.9,5.4,5.4,5.4,0.9
1.8,0.9,5.4,5.4,5.4,0.9
0.9,1.8,5.4,5.4,5.4,0.9
1.8,1.8,5.4,5.4,5.4,0.9
0.9,0.9,0.0,0.0,0.0,1.8
1.8,0.9,0.0,0.0,0.0,1.8
0.9,1.8,0.0,0.0,0.0,1.8
1.8,1.8,0.0,0.0,0.0,1.8
0.9,0.9,0.9,0.0,0.0,1.8
1.8,0.9,0.9,0.0,0.0,1.8
0.9,1.8,0.9,0.0,0.0,1.8
1.8,1.8,0.9,0.0,0.0,1.8
0.9,0.9,1.8,0.0,0.0,1.8
1.8,0.9,1.8,0.0,0.0,1.8
0.9,1.8,1.8,0.0,0.0,1.8
1.8,1.8,1.8,0.0,0.0,1.8
0.9,0.9,2.7,0.0,0.0,1.8
1.8,0.9,2.7,0.0,0.0,1.8
0.9,1.8,2.7,0.0,0.0,1.8
1.8,1.8,2.7,0.0,0.0,1.8
0.9,0.9,3.6,0.0,0.0,1.8
1.8,0.9,3.6,0.0,0.0,1.8
0.9,1.8,3.6,0.0,0.0,1.8
1.8,1.8,3.6,0.0,0.0,1.8
0.9,0.9,4.5,0.0,0.0,1.8
1.8,0.9,4.5,0.0,0.0,1.8
0.9,1.8,4.5,0.0,0.0,1.8
1.8,1.8,4.5,0.0,0.0,1.8
0.9,0.9,5.4,0.0,0.0,1.8
1.8,0.9,5.4,0.0,0.0,1.8
0.9,1.8,5.4,0.0,0.0,1.8
1.8,1.8,5.4,0.0,0.0,1.8
0.9,0.9,0.0,0.9,0.0,1.8
1.8,0.9,0.0,0.9,0.0,1.8
0.9,1.8,0.0,0.9,0.0,1.8
1.8,1.8,0.0,0.9,0.0,1.8
0.9,0.9,0.9,0.9,0.0,1.8
1.8,0.9,0.9,0.9,0.0,1.8
0.9,1.8,0.9,0.9,0.0,1.8
1.8,1.8,0.9,0.9,0.0,1.8
0.9,0.9,1.8,0.9,0.0,1.8
1.8,0.9,1.8,0.9,0.0,1.8
0.9,1.8,1.8,0.9,0.0,1.8
1.8,1.8,1.8,0.9,0.0,1.8
0.9,0.9,2.7,0.9,0.0,1.8
1.8,0.9,2.7,0.9,0.0,1.8
0.9,1.8,2.7,0.9,0.0,1.8
1.8,1.8,2.7,0.9,0.0,1.8
0.9,0.9,3.6,0.9,0.0,1.8
1.8,0.9,3.6,0.9,0.0,1.8
0.9,1.8,3.6,0.9,0.0,1.8
1.8,1.8,3.6,0.9,0.0,1.8
0.9,0.9,4.5,0.9,0.0,1.8
1.8,0.9,4.5,0.9,0.0,1.8
0.9,1.8,4.5,0.9,0.0,1.8
1.8,1.8,4.5,0.9,0.0,1.8
0.9,0.9,5.4,0.9,0.0,1.8
1.8,0.9,5.4,0.9,0.0,1.8
0.9,1.8,5.4,0.9,0.0,1.8
1.8,1.8,5.4,0.9,0.0,1.8
0.9,0.9,0.0,1.8,0.0,1.8
1.8,0.9,0.0,1.8,0.0,1.8
0.9,1.8,0.0,1.8,0.0,1.8
1.8,1.8,0.0,1.8,0.0,1.8
0.9,0.9,0.9,1.8,0.0,1.8
1.8,0.9,0.9,1.8,0.0,1.8
0.9,1.8,0.9,1.8,0.0,1.8
1.8,1.8,0.9,1.8,0.0,1.8
0.9,0.9,1.8,1.8,0.0,1.8
1.8,0.9,1.8,1.8,0.0,1.8
0.9,1.8,1.8,1.8,0.0,1.8
1.8,1.8,1.8,1.8,0.0,1.8
0.9,0.9,2.7,1.8,0.0,1.8
1.8,0.9,2.7,1.8,0.0,1.8
0.9,1.8,2.7,1.8,0.0,1.8
1.8,1.8,2.7,1.8,0.0,1.8
0.9,0.9,3.6,1.8,0.0,1.8
1.8,0.9,3.6,1.8,0.0,1.8
0.9,1.8,3.6,1.8,0.0,1.8
1.8,1.8,3.6,1.8,0.0,1.8
0.9,0.9,4.5,1.8,0.0,1.8
1.8,0.9,4.5,1.8,0.0,1.8
0.9,1.8,4.5,1.8,0.0,1.8
1.8,1.8,4.5,1.8,0.0,1.8
0.9,0.9,5.4,1.8,0.0,1.8
1.8,0.9,5.4,1.8,0.0,1.8
0.9,1.8,5.4,1.8,0.0,1.8
1.8,1.8,5.4,1.8,0.0,1.8
0.9,0.9,0.0,2.7,0.0,1.8
1.8,0.9,0.0,2.7,0.0,1.8
0.9,1.8,0.0,2.7,0.0,1.8
1.8,1.8,0.0,2.7,0.0,1.8
0.9,0.9,0.9,2.7,0.0,1.8
1.8,0.9,0.9,2.7,0.0,1.8
0.9,1.8,0.9,2.7,0.0,1.8
1.8,1.8,0.9,2.7,0.0,1.8
0.9,0.9,1.8,2.7,0.0,1.8
1.8,0.9,1.8,2.7,0.0,1.8
0.9,1.8,1.8,2.7,0.0,1.8
1.8,1.8,1.8,2.7,0.0,1.8
0.9,0.9,2.7,2.7,0.0,1.8
1.8,0.9,2.7,2.7,0.0,1.8
0.9,1.8,2.7,2.7,0.0,1.8
1.8,1.8,2.7,2.7,0.0,1.8
0.9,0.9,3.6,2.7,0.0,1.8
1.8,0.9,3.6,2.7,0.0,1.8
0.9,1.8,3.6,2.7,0.0,1.8
1.8,1.8,3.6,2.7,0.0,1.8
0.9,0.9,4.5,2.7,0.0,1.8
1.8,0.9,4.5,2.7,0.0,1.8
0.9,1.8,4.5,2.7,0.0,1.8
1.8,1.8,4.5,2.7,0.0,1.8
0.9,0.9,5.4,2.7,0.0,1.8
1.8,0.9,5.4,2.7,0.0,1.8
0.9,1.8,5.4,2.7,0.0,1.8
1.8,1.8,5.4,2.7,0.0,1.8
0.9,0.9,0.0,3.6,0.0,1.8
1.8,0.9,0.0,3.6,0.0,1.8
0.9,1.8,0.0,3.6,0.0,1.8
1.8,1.8,0.0,3.6,0.0,1.8
0.9,0.9,0.9,3.6,0.0,1.8
1.8,0.9,0.9,3.6,0.0,1.8
0.9,1.8,0.9,3.6,0.0,1.8
1.8,1.8,0.9,3.6,0.0,1.8
0.9,0.9,1.8,3.6,0.0,1.8
1.8,0.9,1.8,3.6,0.0,1.8
0.9,1.8,1.8,3.6,0.0,1.8
1.8,1.8,1.8,3.6,0.0,1.8
0.9,0.9,2.7,3.6,0.0,1.8
1.8,0.9,2.7,3.6,0.0,1.8
0.9,1.8,2.7,3.6,0.0,1.8
1.8,1.8,2.7,3.6,0.0,1.8
0.9,0.9,3.6,3.6,0.0,1.8
1.8,0.9,3.6,3.6,0.0,1.8
0.9,1.8,3.6,3.6,0.0,1.8
1.8,1.8,3.6,3.6,0.0,1.8
0.9,0.9,4.5,3.6,0.0,1.8
1.8,0.9,4.5,3.6,0.0,1.8
0.9,1.8,4.5,3.6,0.0,1.8
1.8,1.8,4.5,3.6,0.0,1.8
0.9,0.9,5.4,3.6,0.0,1.8
1.8,0.9,5.4,3.6,0.0,1.8
0.9,1.8,5.4,3.6,0.0,1.8
1.8,1.8,5.4,3.6,0.0,1.8
0.9,0.9,0.0,4.5,0.0,1.8
1.8,0.9,0.0,4.5,0.0,1.8
0.9,1.8,0.0,4.5,0.0,1.8
1.8,1.8,0.0,4.5,0.0,1.8
0.9,0.9,0.9,4.5,0.0,1.8
1.8,0.9,0.9,4.5,0.0,1.8
0.9,1.8,0.9,4.5,0.0,1.8
1.8,1.8,0.9,4.5,0.0,1.8
0.9,0.9,1.8,4.5,0.0,1.8
1.8,0.9,1.8,4.5,0.0,1.8
0.9,1.8,1.8,4.5,0.0,1.8
1.8,1.8,1.8,4.5,0.0,1.8
0.9,0.9,2.7,4.5,0.0,1.8
1.8,0.9,2.7,4.5,0.0,1.8
0.9,1.8,2.7,4.5,0.0,1.8
1.8,1.8,2.7,4.5,0.0,1.8
0.9,0.9,3.6,4.5,0.0,1.8
1.8,0.9,3.6,4.5,0.0,1.8
0.9,1.8,3.6,4.5,0.0,1.8
1.8,1.8,3.6,4.5,0.0,1.8
0.9,0.9,4.5,4.5,0.0,1.8
1.8,0.9,4.5,4.5,0.0,1.8
0.9,1.8,4.5,4.5,0.0,1.8
1.8,1.8,4.5,4.5,0.0,1.8
0.9,0.9,5.4,4.5,0.0,1.8
1.8,0.9,5.4,4.5,0.0,1.8
0.9,1.8,5.4,4.5,0.0,1.8
1.8,1.8,5.4,4.5,0.0,1.8
0.9,0.9,0.0,5.4,0.0,1.8
1.8,0.9,0.0,5.4,0.0,1.8
0.9,1.8,0.0,5.4,0.0,1.8
1.8,1.8,0.0,5.4,0.0,1.8
0.9,0.9,0.9,5.4,0.0,1.8
1.8,0.9,0.9,5.4,0.0,1.8
0.9,1.8,0.9,5.4,0.0,1.8
1.8,1.8,0.9,5.4,0.0,1.8
0.9,0.9,1.8,5.4,0.0,1.8
1.8,0.9,1.8,5.4,0.0,1.8
0.9,1.8,1.8,5.4,0.0,1.8
1.8,1.8,1.8,5.4,0.0,1.8
0.9,0.9,2.7,5.4,0.0,1.8
1.8,0.9,2.7,5.4,0.0,1.8
0.9,1.8,2.7,5.4,0.0,1.8
1.8,1.8,2.7,5.4,0.0,1.8
0.9,0.9,3.6,5.4,0.0,1.8
1.8,0.9,3.6,5.4,0.0,1.8
0.9,1.8,3.6,5.4,0.0,1.8
1.8,1.8,3.6,5.4,0.0,1.8
0.9,0.9,4.5,5.4,0.0,1.8
1.8,0.9,4.5,5.4,0.0,1.8
0.9,1.8,4.5,5.4,0.0,1.8
1.8,1.8,4.5,5.4,0.0,1.8
0.9,0.9,5.4,5.4,0.0,1.8
1.8,0.9,5.4,5.4,0.0,1.8
0.9,1.8,5.4,5.4,0.0,1.8
1.8,1.8,5.4,5.4,0.0,1.8
0.9,0.9,0.0,0.0,0.9,1.8
1.8,0.9,0.0,0.0,0.9,1.8
0.9,1.8,0.0,0.0,0.9,1.8
1.8,1.8,0.0,0.0,0.9,1.8
0.9,0.9,0.9,0.0,0.9,1.8
1.8,0.9,0.9,0.0,0.9,1.8
0.9,1.8,0.9,0.0,0.9,1.8
1.8,1.8,0.9,0.0,0.9,1.8
0.9,0.9,1.8,0.0,0.9,1.8
1.8,0.9,1.8,0.0,0.9,1.8
0.9,1.8,1.8,0.0,0.9,1.8
1.8,1.8,1.8,0.0,0.9,1.8
0.9,0.9,2.7,0.0,0.9,1.8
1.8,0.9,2.7,0.0,0.9,1.8
0.9,1.8,2.7,0.0,0.9,1.8
1.8,1.8,2.7,0.0,0.9,1.8
0.9,0.9,3.6,0.0,0.9,1.8
1.8,0.9,3.6,0.0,0.9,1.8
0.9,1.8,3.6,0.0,0.9,1.8
1.8,1.8,3.6,0.0,0.9,1.8
0.9,0.9,4.5,0.0,0.9,1.8
1.8,0.9,4.5,0.0,0.9,1.8
0.9,1.8,4.5,0.0,0.9,1.8
1.8,1.8,4.5,0.0,0.9,1.8
0.9,0.9,5.4,0.0,0.9,1.8
1.8,0.9,5.4,0.0,0.9,1.8
0.9,1.8,5.4,0.0,0.9,1.8
1.8,1.8,5.4,0.0,0.9,1.8
0.9,0.9,0.0,0.9,0.9,1.8
1.8,0.9,0.0,0.9,0.9,1.8
0.9,1.8,0.0,0.9,0.9,1.8
1.8,1.8,0.0,0.9,0.9,1.8
0.9,0.9,0.9,0.9,0.9,1.8
1.8,0.9,0.9,0.9,0.9,1.8
0.9,1.8,0.9,0.9,0.9,1.8
1.8,1.8,0.9,0.9,0.9,1.8
0.9,0.9,1.8,0.9,0.9,1.8
1.8,0.9,1.8,0.9,0.9,1.8
0.9,1.8,1.8,0.9,0.9,1.8
1.8,1.8,1.8,0.9,0.9,1.8
0.9,0.9,2.7,0.9,0.9,1.8
1.8,0.9,2.7,0.9,0.9,1.8
0.9,1.8,2.7,0.9,0.9,1.8
1.8,1.8,2.7,0.9,0.9,1.8
0.9,0.9,3.6,0.9,0.9,1.8
1.8,0.9,3.6,0.9,0.9,1.8
0.9,1.8,3.6,0.9,0.9,1.8
1.8,1.8,3.6,0.9,0.9,1.8
0.9,0.9,4.5,0.9,0.9,1.8
1.8,0.9,4.5,0.9,0.9,1.8
0.9,1.8,4.5,0.9,0.9,1.8
1.8,1.8,4.5,0.9,0.9,1.8
0.9,0.9,5.4,0.9,0.9,1.8
1.8,0.9,5.4,0.9,0.9,1.8
0.9,1.8,5.4,0.9,0.9,1.8
1.8,1.8,5.4,0.9,0.9,1.8
0.9,0.9,0.0,1.8,0.9,1.8
1.8,0.9,0.0,1.8,0.9,1.8
0.9,1.8,0.0,1.8,0.9,1.8
1.8,1.8,0.0,1.8,0.9,1.8
0.9,0.9,0.9,1.8,0.9,1.8
1.8,0.9,0.9,1.8,0.9,1.8
0.9,1.8,0.9,1.8,0.9,1.8
1.8,1.8,0.9,1.8,0.9,1.8
0.9,0.9,1.8,1.8,0.9,1.8
1.8,0.9,1.8,1.8,0.9,1.8
0.9,1.8,1.8,1.8,0.9,1.8
1.8,1.8,1.8,1.8,0.9,1.8
0.9,0.9,2.7,1.8,0.9,1.8
1.8,0.9,2.7,1.8,0.9,1.8
0.9,1.8,2.7,1.8,0.9,1.8
1.8,1.8,2.7,1.8,0.9,1.8
0.9,0.9,3.6,1.8,0.9,1.8
1.8,0.9,3.6,1.8,0.9,1.8
0.9,1.8,3.6,1.8,0.9,1.8
1.8,1.8,3.6,1.8,0.9,1.8
0.9,0.9,4.5,1.8,0.9,1.8
1.8,0.9,4.5,1.8,0.9,1.8
0.9,1.8,4.5,1.8,0.9,1.8
1.8,1.8,4.5,1.8,0.9,1.8
0.9,0.9,5.4,1.8,0.9,1.8
1.8,0.9,5.4,1.8,0.9,1.8
0.9,1.8,5.4,1.8,0.9,1.8
1.8,1.8,5.4,1.8,0.9,1.8
0.9,0.9,0.0,2.7,0.9,1.8
1.8,0.9,0.0,2.7,0.9,1.8
0.9,1.8,0.0,2.7,0.9,1.8
1.8,1.8,0.0,2.7,0.9,1.8
0.9,0.9,0.9,2.7,0.9,1.8
1.8,0.9,0.9,2.7,0.9,1.8
0.9,1.8,0.9,2.7,0.9,1.8
1.8,1.8,0.9,2.7,0.9,1.8
0.9,0.9,1.8,2.7,0.9,1.8
1.8,0.9,1.8,2.7,0.9,1.8
0.9,1.8,1.8,2.7,0.9,1.8
1.8,1.8,1.8,2.7,0.9,1.8
0.9,0.9,2.7,2.7,0.9,1.8
1.8,0.9,2.7,2.7,0.9,1.8
0.9,1.8,2.7,2.7,0.9,1.8
1.8,1.8,2.7,2.7,0.9,1.8
0.9,0.9,3.6,2.7,0.9,1.8
1.8,0.9,3.6,2.7,0.9,1.8
0.9,1.8,3.6,2.7,0.9,1.8
1.8,1.8,3.6,2.7,0.9,1.8
0.9,0.9,4.5,2.7,0.9,1.8
1.8,0.9,4.5,2.7,0.9,1.8
0.9,1.8,4.5,2.7,0.9,1.8
1.8,1.8,4.5,2.7,0.9,1.8
0.9,0.9,5.4,2.7,0.9,1.8
1.8,0.9,5.4,2.7,0.9,1.8
0.9,1.8,5.4,2.7,0.9,1.8
1.8,1.8,5.4,2.7,0.9,1.8
0.9,0.9,0.0,3.6,0.9,1.8
1.8,0.9,0.0,3.6,0.9,1.8
0.9,1.8,0.0,3.6,0.9,1.8
1.8,1.8,0.0,3.6,0.9,1.8
0.9,0.9,0.9,3.6,0.9,1.8
1.8,0.9,0.9,3.6,0.9,1.8
0.9,1.8,0.9,3.6,0.9,1.8
1.8,1.8,0.9,3.6,0.9,1.8
0.9,0.9,1.8,3.6,0.9,1.8
1.8,0.9,1.8,3.6,0.9,1.8
0.9,1.8,1.8,3.6,0.9,1.8
1.8,1.8,1.8,3.6,0.9,1.8
0.9,0.9,2.7,3.6,0.9,1.8
1.8,0.9,2.7,3.6,0.9,1.8
0.9,1.8,2.7,3.6,0.9,1.8
1.8,1.8,2.7,3.6,0.9,1.8
0.9,0.9,3.6,3.6,0.9,1.8
1.8,0.9,3.6,3.6,0.9,1.8
0.9,1.8,3.6,3.6,0.9,1.8
1.8,1.8,3.6,3.6,0.9,1.8
0.9,0.9,4.5,3.6,0.9,1.8
1.8,0.9,4.5,3.6,0.9,1.8
0.9,1.8,4.5,3.6,0.9,1.8
1.8,1.8,4.5,3.6,0.9,1.8
0.9,0.9,5.4,3.6,0.9,1.8
1.8,0.9,5.4,3.6,0.9,1.8
0.9,1.8,5.4,3.6,0.9,1.8
1.8,1.8,5.4,3.6,0.9,1.8
0.9,0.9,0.0,4.5,0.9,1.8
1.8,0.9,0.0,4.5,0.9,1.8
0.9,1.8,0.0,4.5,0.9,1.8
1.8,1.8,0.0,4.5,0.9,1.8
0.9,0.9,0.9,4.5,0.9,1.8
1.8,0.9,0.9,4.5,0.9,1.8
0.9,1.8,0.9,4.5,0.9,1.8
1.8,1.8,0.9,4.5,0.9,1.8
0.9,0.9,1.8,4.5,0.9,1.8
1.8,0.9,1.8,4.5,0.9,1.8
0.9,1.8,1.8,4.5,0.9,1.8
1.8,1.8,1.8,4.5,0.9,1.8
0.9,0.9,2.7,4.5,0.9,1.8
1.8,0.9,2.7,4.5,0.9,1.8
0.9,1.8,2.7,4.5,0.9,1.8
1.8,1.8,2.7,4.5,0.9,1.8
0.9,0.9,3.6,4.5,0.9,1.8
1.8,0.9,3.6,4.5,0.9,1.8
0.9,1.8,3.6,4.5,0.9,1.8
1.8,1.8,3.6,4.5,0.9,1.8
0.9,0.9,4.5,4.5,0.9,1.8
1.8,0.9,4.5,4.5,0.9,1.8
0.9,1.8,4.5,4.5,0.9,1.8
1.8,1.8,4.5,4.5,0.9,1.8
0.9,0.9,5.4,4.5,0.9,1.8
1.8,0.9,5.4,4.5,0.9,1.8
0.9,1.8,5.4,4.5,0.9,1.8
1.8,1.8,5.4,4.5,0.9,1.8
0.9,0.9,0.0,5.4,0.9,1.8
1.8,0.9,0.0,5.4,0.9,1.8
0.9,1.8,0.0,5.4,0.9,1.8
1.8,1.8,0.0,5.4,0.9,1.8
0.9,0.9,0.9,5.4,0.9,1.8
1.8,0.9,0.9,5.4,0.9,1.8
0.9,1.8,0.9,5.4,0.9,1.8
1.8,1.8,0.9,5.4,0.9,1.8
0.9,0.9,1.8,5.4,0.9,1.8
1.8,0.9,1.8,5.4,0.9,1.8
0.9,1.8,1.8,5.4,0.9,1.8
1.8,1.8,1.8,5.4,0.9,1.8
0.9,0.9,2.7,5.4,0.9,1.8
1.8,0.9,2.7,5.4,0.9,1.8
0.9,1.8,2.7,5.4,0.9,1.8
1.8,1.8,2.7,5.4,0.9,1.8
0.9,0.9,3.6,5.4,0.9,1.8
1.8,0.9,3.6,5.4,0.9,1.8
0.9,1.8,3.6,5.4,0.9,1.8
1.8,1.8,3.6,5.4,0.9,1.8
0.9,0.9,4.5,5.4,0.9,1.8
1.8,0.9,4.5,5.4,0.9,1.8
0.9,1.8,4.5,5.4,0.9,1.8
1.8,1.8,4.5,5.4,0.9,1.8
0.9,0.9,5.4,5.4,0.9,1.8
1.8,0.9,5.4,5.4,0.9,1.8
0.9,1.8,5.4,5.4,0.9,1.8
1.8,1.8,5.4,5.4,0.9,1.8
0.9,0.9,0.0,0.0,1.8,1.8
1.8,0.9,0.0,0.0,1.8,1.8
0.9,1.8,0.0,0.0,1.8,1.8
1.8,1.8,0.0,0.0,1.8,1.8
0.9,0.9,0.9,0.0,1.8,1.8
1.8,0.9,0.9,0.0,1.8,1.8
0.9,1.8,0.9,0.0,1.8,1.8
1.8,1.8,0.9,0.0,1.8,1.8
0.9,0.9,1.8,0.0,1.8,1.8
1.8,0.9,1.8,0.0,1.8,1.8
0.9,1.8,1.8,0.0,1.8,1.8
1.8,1.8,1.8,0.0,1.8,1.8
0.9,0.9,2.7,0.0,1.8,1.8
1.8,0.9,2.7,0.0,1.8,1.8
0.9,1.8,2.7,0.0,1.8,1.8
1.8,1.8,2.7,0.0,1.8,1.8
0.9,0.9,3.6,0.0,1.8,1.8
1.8,0.9,3.6,0.0,1.8,1.8
0.9,1.8,3.6,0.0,1.8,1.8
1.8,1.8,3.6,0.0,1.8,1.8
0.9,0.9,4.5,0.0,1.8,1.8
1.8,0.9,4.5,0.0,1.8,1.8
0.9,1.8,4.5,0.0,1.8,1.8
1.8,1.8,4.5,0.0,1.8,1.8
0.9,0.9,5.4,0.0,1.8,1.8
1.8,0.9,5.4,0.0,1.8,1.8
0.9,1.8,5.4,0.0,1.8,1.8
1.8,1.8,5.4,0.0,1.8,1.8
0.9,0.9,0.0,0.9,1.8,1.8
1.8,0.9,0.0,0.9,1.8,1.8
0.9,1.8,0.0,0.9,1.8,1.8
1.8,1.8,0.0,0.9,1.8,1.8
0.9,0.9,0.9,0.9,1.8,1.8
1.8,0.9,0.9,0.9,1.8,1.8
0.9,1.8,0.9,0.9,1.8,1.8
1.8,1.8,0.9,0.9,1.8,1.8
0.9,0.9,1.8,0.9,1.8,1.8
1.8,0.9,1.8,0.9,1.8,1.8
0.9,1.8,1.8,0.9,1.8,1.8
1.8,1.8,1.8,0.9,1.8,1.8
0.9,0.9,2.7,0.9,1.8,1.8
1.8,0.9,2.7,0.9,1.8,1.8
0.9,1.8,2.7,0.9,1.8,1.8
1.8,1.8,2.7,0.9,1.8,1.8
0.9,0.9,3.6,0.9,1.8,1.8
1.8,0.9,3.6,0.9,1.8,1.8
0.9,1.8,3.6,0.9,1.8,1.8
1.8,1.8,3.6,0.9,1.8,1.8
0.9,0.9,4.5,0.9,1.8,1.8
1.8,0.9,4.5,0.9,1.8,1.8
0.9,1.8,4.5,0.9,1.8,1.8
1.8,1.8,4.5,0.9,1.8,1.8
0.9,0.9,5.4,0.9,1.8,1.8
1.8,0.9,5.4,0.9,1.8,1.8
0.9,1.8,5.4,0.9,1.8,1.8
1.8,1.8,5.4,0.9,1.8,1.8
0.9,0.9,0.0,1.8,1.8,1.8
1.8,0.9,0.0,1.8,1.8,1.8
0.9,1.8,0.0,1.8,1.8,1.8
1.8,1.8,0.0,1.8,1.8,1.8
0.9,0.9,0.9,1.8,1.8,1.8
1.8,0.9,0.9,1.8,1.8,1.8
0.9,1.8,0.9,1.8,1.8,1.8
1.8,1.8,0.9,1.8,1.8,1.8
0.9,0.9,1.8,1.8,1.8,1.8
1.8,0.9,1.8,1.8,1.8,1.8
0.9,1.8,1.8,1.8,1.8,1.8
1.8,1.8,1.8,1.8,1.8,1.8
0.9,0.9,2.7,1.8,1.8,1.8
1.8,0.9,2.7,1.8,1.8,1.8
0.9,1.8,2.7,1.8,1.8,1.8
1.8,1.8,2.7,1.8,1.8,1.8
0.9,0.9,3.6,1.8,1.8,1.8
1.8,0.9,3.6,1.8,1.8,1.8
0.9,1.8,3.6,1.8,1.8,1.8
1.8,1.8,3.6,1.8,1.8,1.8
0.9,0.9,4.5,1.8,1.8,1.8
1.8,0.9,4.5,1.8,1.8,1.8
0.9,1.8,4.5,1.8,1.8,1.8
1.8,1.8,4.5,1.8,1.8,1.8
0.9,0.9,5.4,1.8,1.8,1.8
1.8,0.9,5.4,1.8,1.8,1.8
0.9,1.8,5.4,1.8,1.8,1.8
1.8,1.8,5.4,1.8,1.8,1.8
0.9,0.9,0.0,2.7,1.8,1.8
1.8,0.9,0.0,2.7,1.8,1.8
0.9,1.8,0.0,2.7,1.8,1.8
1.8,1.8,0.0,2.7,1.8,1.8
0.9,0.9,0.9,2.7,1.8,1.8
1.8,0.9,0.9,2.7,1.8,1.8
0.9,1.8,0.9,2.7,1.8,1.8
1.8,1.8,0.9,2.7,1.8,1.8
0.9,0.9,1.8,2.7,1.8,1.8
1.8,0.9,1.8,2.7,1.8,1.8
0.9,1.8,1.8,2.7,1.8,1.8
1.8,1.8,1.8,2.7,1.8,1.8
0.9,0.9,2.7,2.7,1.8,1.8
1.8,0.9,2.7,2.7,1.8,1.8
0.9,1.8,2.7,2.7,1.8,1.8
1.8,1.8,2.7,2.7,1.8,1.8
0.9,0.9,3.6,2.7,1.8,1.8
1.8,0.9,3.6,2.7,1.8,1.8
0.9,1.8,3.6,2.7,1.8,1.8
1.8,1.8,3.6,2.7,1.8,1.8
0.9,0.9,4.5,2.7,1.8,1.8
1.8,0.9,4.5,2.7,1.8,1.8
0.9,1.8,4.5,2.7,1.8,1.8
1.8,1.8,4.5,2.7,1.8,1.8
0.9,0.9,5.4,2.7,1.8,1.8
1.8,0.9,5.4,2.7,1.8,1.8
0.9,1.8,5.4,2.7,1.8,1.8
1.8,1.8,5.4,2.7,1.8,1.8
0.9,0.9,0.0,3.6,1.8,1.8
1.8,0.9,0.0,3.6,1.8,1.8
0.9,1.8,0.0,3.6,1.8,1.8
1.8,1.8,0.0,3.6,1.8,1.8
0.9,0.9,0.9,3.6,1.8,1.8
1.8,0.9,0.9,3.6,1.8,1.8
0.9,1.8,0.9,3.6,1.8,1.8
1.8,1.8,0.9,3.6,1.8,1.8
0.9,0.9,1.8,3.6,1.8,1.8
1.8,0.9,1.8,3.6,1.8,1.8
0.9,1.8,1.8,3.6,1.8,1.8
1.8,1.8,1.8,3.6,1.8,1.8
0.9,0.9,2.7,3.6,1.8,1.8
1.8,0.9,2.7,3.6,1.8,1.8
0.9,1.8,2.7,3.6,1.8,1.8
1.8,1.8,2.7,3.6,1.8,1.8
0.9,0.9,3.6,3.6,1.8,1.8
1.8,0.9,3.6,3.6,1.8,1.8
0.9,1.8,3.6,3.6,1.8,1.8
1.8,1.8,3.6,3.6,1.8,1.8
0.9,0.9,4.5,3.6,1.8,1.8
1.8,0.9,4.5,3.6,1.8,1.8
0.9,1.8,4.5,3.6,1.8,1.8
1.8,1.8,4.5,3.6,1.8,1.8
0.9,0.9,5.4,3.6,1.8,1.8
1.8,0.9,5.4,3.6,1.8,1.8
0.9,1.8,5.4,3.6,1.8,1.8
1.8,1.8,5.4,3.6,1.8,1.8
0.9,0.9,0.0,4.5,1.8,1.8
1.8,0.9,0.0,4.5,1.8,1.8
0.9,1.8,0.0,4.5,1.8,1.8
1.8,1.8,0.0,4.5,1.8,1.8
0.9,0.9,0.9,4.5,1.8,1.8
1.8,0.9,0.9,4.5,1.8,1.8
0.9,1.8,0.9,4.5,1.8,1.8
1.8,1.8,0.9,4.5,1.8,1.8
0.9,0.9,1.8,4.5,1.8,1.8
1.8,0.9,1.8,4.5,1.8,1.8
0.9,1.8,1.8,4.5,1.8,1.8
1.8,1.8,1.8,4.5,1.8,1.8
0.9,0.9,2.7,4.5,1.8,1.8
1.8,0.9,2.7,4.5,1.8,1.8
0.9,1.8,2.7,4.5,1.8,1.8
1.8,1.8,2.7,4.5,1.8,1.8
0.9,0.9,3.6,4.5,1.8,1.8
1.8,0.9,3.6,4.5,1.8,1.8
0.9,1.8,3.6,4.5,1.8,1.8
1.8,1.8,3.6,4.5,1.8,1.8
0.9,0.9,4.5,4.5,1.8,1.8
1.8,0.9,4.5,4.5,1.8,1.8
0.9,1.8,4.5,4.5,1.8,1.8
1.8,1.8,4.5,4.5,1.8,1.8
0.9,0.9,5.4,4.5,1.8,1.8
1.8,0.9,5.4,4.5,1.8,1.8
0.9,1.8,5.4,4.5,1.8,1.8
1.8,1.8,5.4,4.5,1.8,1.8
0.9,0.9,0.0,5.4,1.8,1.8
1.8,0.9,0.0,5.4,1.8,1.8
0.9,1.8,0.0,5.4,1.8,1.8
1.8,1.8,0.0,5.4,1.8,1.8
0.9,0.9,0.9,5.4,1.8,1.8
1.8,0.9,0.9,5.4,1.8,1.8
0.9,1.8,0.9,5.4,1.8,1.8
1.8,1.8,0.9,5.4,1.8,1.8
0.9,0.9,1.8,5.4,1.8,1.8
1.8,0.9,1.8,5.4,1.8,1.8
0.9,1.8,1.8,5.4,1.8,1.8
1.8,1.8,1.8,5.4,1.8,1.8
0.9,0.9,2.7,5.4,1.8,1.8
1.8,0.9,2.7,5.4,1.8,1.8
0.9,1.8,2.7,5.4,1.8,1.8
1.8,1.8,2.7,5.4,1.8,1.8
0.9,0.9,3.6,5.4,1.8,1.8
1.8,0.9,3.6,5.4,1.8,1.8
0.9,1.8,3.6,5.4,1.8,1.8
1.8,1.8,3.6,5.4,1.8,1.8
0.9,0.9,4.5,5.4,1.8,1.8
1.8,0.9,4.5,5.4,1.8,1.8
0.9,1.8,4.5,5.4,1.8,1.8
1.8,1.8,4.5,5.4,1.8,1.8
0.9,0.9,5.4,5.4,1.8,1.8
1.8,0.9,5.4,5.4,1.8,1.8
0.9,1.8,5.4,5.4,1.8,1.8
1.8,1.8,5.4,5.4,1.8,1.8
0.9,0.9,0.0,0.0,2.7,1.8
1.8,0.9,0.0,0.0,2.7,1.8
0.9,1.8,0.0,0.0,2.7,1.8
1.8,1.8,0.0,0.0,2.7,1.8
0.9,0.9,0.9,0.0,2.7,1.8
1.8,0.9,0.9,0.0,2.7,1.8
0.9,1.8,0.9,0.0,2.7,1.8
1.8,1.8,0.9,0.0,2.7,1.8
0.9,0.9,1.8,0.0,2.7,1.8
1.8,0.9,1.8,0.0,2.7,1.8
0.9,1.8,1.8,0.0,2.7,1.8
1.8,1.8,1.8,0.0,2.7,1.8
0.9,0.9,2.7,0.0,2.7,1.8
1.8,0.9,2.7,0.0,2.7,1.8
0.9,1.8,2.7,0.0,2.7,1.8
1.8,1.8,2.7,0.0,2.7,1.8
0.9,0.9,3.6,0.0,2.7,1.8
1.8,0.9,3.6,0.0,2.7,1.8
0.9,1.8,3.6,0.0,2.7,1.8
1.8,1.8,3.6,0.0,2.7,1.8
0.9,0.9,4.5,0.0,2.7,1.8
1.8,0.9,4.5,0.0,2.7,1.8
0.9,1.8,4.5,0.0,2.7,1.8
1.8,1.8,4.5,0.0,2.7,1.8
0.9,0.9,5.4,0.0,2.7,1.8
1.8,0.9,5.4,0.0,2.7,1.8
0.9,1.8,5.4,0.0,2.7,1.8
1.8,1.8,5.4,0.0,2.7,1.8
0.9,0.9,0.0,0.9,2.7,1.8
1.8,0.9,0.0,0.9,2.7,1.8
0.9,1.8,0.0,0.9,2.7,1.8
1.8,1.8,0.0,0.9,2.7,1.8
0.9,0.9,0.9,0.9,2.7,1.8
1.8,0.9,0.9,0.9,2.7,1.8
0.9,1.8,0.9,0.9,2.7,1.8
1.8,1.8,0.9,0.9,2.7,1.8
0.9,0.9,1.8,0.9,2.7,1.8
1.8,0.9,1.8,0.9,2.7,1.8
0.9,1.8,1.8,0.9,2.7,1.8
1.8,1.8,1.8,0.9,2.7,1.8
0.9,0.9,2.7,0.9,2.7,1.8
1.8,0.9,2.7,0.9,2.7,1.8
0.9,1.8,2.7,0.9,2.7,1.8
1.8,1.8,2.7,0.9,2.7,1.8
0.9,0.9,3.6,0.9,2.7,1.8
1.8,0.9,3.6,0.9,2.7,1.8
0.9,1.8,3.6,0.9,2.7,1.8
1.8,1.8,3.6,0.9,2.7,1.8
0.9,0.9,4.5,0.9,2.7,1.8
1.8,0.9,4.5,0.9,2.7,1.8
0.9,1.8,4.5,0.9,2.7,1.8
1.8,1.8,4.5,0.9,2.7,1.8
0.9,0.9,5.4,0.9,2.7,1.8
1.8,0.9,5.4,0.9,2.7,1.8
0.9,1.8,5.4,0.9,2.7,1.8
1.8,1.8,5.4,0.9,2.7,1.8
0.9,0.9,0.0,1.8,2.7,1.8
1.8,0.9,0.0,1.8,2.7,1.8
0.9,1.8,0.0,1.8,2.7,1.8
1.8,1.8,0.0,1.8,2.7,1.8
0.9,0.9,0.9,1.8,2.7,1.8
1.8,0.9,0.9,1.8,2.7,1.8
0.9,1.8,0.9,1.8,2.7,1.8
1.8,1.8,0.9,1.8,2.7,1.8
0.9,0.9,1.8,1.8,2.7,1.8
1.8,0.9,1.8,1.8,2.7,1.8
0.9,1.8,1.8,1.8,2.7,1.8
1.8,1.8,1.8,1.8,2.7,1.8
0.9,0.9,2.7,1.8,2.7,1.8
1.8,0.9,2.7,1.8,2.7,1.8
0.9,1.8,2.7,1.8,2.7,1.8
1.8,1.8,2.7,1.8,2.7,1.8
0.9,0.9,3.6,1.8,2.7,1.8
1.8,0.9,3.6,1.8,2.7,1.8
0.9,1.8,3.6,1.8,2.7,1.8
1.8,1.8,3.6,1.8,2.7,1.8
0.9,0.9,4.5,1.8,2.7,1.8
1.8,0.9,4.5,1.8,2.7,1.8
0.9,1.8,4.5,1.8,2.7,1.8
1.8,1.8,4.5,1.8,2.7,1.8
0.9,0.9,5.4,1.8,2.7,1.8
1.8,0.9,5.4,1.8,2.7,1.8
0.9,1.8,5.4,1.8,2.7,1.8
1.8,1.8,5.4,1.8,2.7,1.8
0.9,0.9,0.0,2.7,2.7,1.8
1.8,0.9,0.0,2.7,2.7,1.8
0.9,1.8,0.0,2.7,2.7,1.8
1.8,1.8,0.0,2.7,2.7,1.8
0.9,0.9,0.9,2.7,2.7,1.8
1.8,0.9,0.9,2.7,2.7,1.8
0.9,1.8,0.9,2.7,2.7,1.8
1.8,1.8,0.9,2.7,2.7,1.8
0.9,0.9,1.8,2.7,2.7,1.8
1.8,0.9,1.8,2.7,2.7,1.8
0.9,1.8,1.8,2.7,2.7,1.8
1.8,1.8,1.8,2.7,2.7,1.8
0.9,0.9,2.7,2.7,2.7,1.8
1.8,0.9,2.7,2.7,2.7,1.8
0.9,1.8,2.7,2.7,2.7,1.8
1.8,1.8,2.7,2.7,2.7,1.8
0.9,0.9,3.6,2.7,2.7,1.8
1.8,0.9,3.6,2.7,2.7,1.8
0.9,1.8,3.6,2.7,2.7,1.8
1.8,1.8,3.6,2.7,2.7,1.8
0.9,0.9,4.5,2.7,2.7,1.8
1.8,0.9,4.5,2.7,2.7,1.8
0.9,1.8,4.5,2.7,2.7,1.8
1.8,1.8,4.5,2.7,2.7,1.8
0.9,0.9,5.4,2.7,2.7,1.8
1.8,0.9,5.4,2.7,2.7,1.8
0.9,1.8,5.4,2.7,2.7,1.8
1.8,1.8,5.4,2.7,2.7,1.8
0.9,0.9,0.0,3.6,2.7,1.8
1.8,0.9,0.0,3.6,2.7,1.8
0.9,1.8,0.0,3.6,2.7,1.8
1.8,1.8,0.0,3.6,2.7,1.8
0.9,0.9,0.9,3.6,2.7,1.8
1.8,0.9,0.9,3.6,2.7,1.8
0.9,1.8,0.9,3.6,2.7,1.8
1.8,1.8,0.9,3.6,2.7,1.8
0.9,0.9,1.8,3.6,2.7,1.8
1.8,0.9,1.8,3.6,2.7,1.8
0.9,1.8,1.8,3.6,2.7,1.8
1.8,1.8,1.8,3.6,2.7,1.8
0.9,0.9,2.7,3.6,2.7,1.8
1.8,0.9,2.7,3.6,2.7,1.8
0.9,1.8,2.7,3.6,2.7,1.8
1.8,1.8,2.7,3.6,2.7,1.8
0.9,0.9,3.6,3.6,2.7,1.8
1.8,0.9,3.6,3.6,2.7,1.8
0.9,1.8,3.6,3.6,2.7,1.8
1.8,1.8,3.6,3.6,2.7,1.8
0.9,0.9,4.5,3.6,2.7,1.8
1.8,0.9,4.5,3.6,2.7,1.8
0.9,1.8,4.5,3.6,2.7,1.8
1.8,1.8,4.5,3.6,2.7,1.8
0.9,0.9,5.4,3.6,2.7,1.8
1.8,0.9,5.4,3.6,2.7,1.8
0.9,1.8,5.4,3.6,2.7,1.8
1.8,1.8,5.4,3.6,2.7,1.8
0.9,0.9,0.0,4.5,2.7,1.8
1.8,0.9,0.0,4.5,2.7,1.8
0.9,1.8,0.0,4.5,2.7,1.8
1.8,1.8,0.0,4.5,2.7,1.8
0.9,0.9,0.9,4.5,2.7,1.8
1.8,0.9,0.9,4.5,2.7,1.8
0.9,1.8,0.9,4.5,2.7,1.8
1.8,1.8,0.9,4.5,2.7,1.8
0.9,0.9,1.8,4.5,2.7,1.8
1.8,0.9,1.8,4.5,2.7,1.8
0.9,1.8,1.8,4.5,2.7,1.8
1.8,1.8,1.8,4.5,2.7,1.8
0.9,0.9,2.7,4.5,2.7,1.8
1.8,0.9,2.7,4.5,2.7,1.8
0.9,1.8,2.7,4.5,2.7,1.8
1.8,1.8,2.7,4.5,2.7,1.8
0.9,0.9,3.6,4.5,2.7,1.8
1.8,0.9,3.6,4.5,2.7,1.8
0.9,1.8,3.6,4.5,2.7,1.8
1.8,1.8,3.6,4.5,2.7,1.8
0.9,0.9,4.5,4.5,2.7,1.8
1.8,0.9,4.5,4.5,2.7,1.8
0.9,1.8,4.5,4.5,2.7,1.8
1.8,1.8,4.5,4.5,2.7,1.8
0.9,0.9,5.4,4.5,2.7,1.8
1.8,0.9,5.4,4.5,2.7,1.8
0.9,1.8,5.4,4.5,2.7,1.8
1.8,1.8,5.4,4.5,2.7,1.8
0.9,0.9,0.0,5.4,2.7,1.8
1.8,0.9,0.0,5.4,2.7,1.8
0.9,1.8,0.0,5.4,2.7,1.8
1.8,1.8,0.0,5.4,2.7,1.8
0.9,0.9,0.9,5.4,2.7,1.8
1.8,0.9,0.9,5.4,2.7,1.8
0.9,1.8,0.9,5.4,2.7,1.8
1.8,1.8,0.9,5.4,2.7,1.8
0.9,0.9,1.8,5.4,2.7,1.8
1.8,0.9,1.8,5.4,2.7,1.8
0.9,1.8,1.8,5.4,2.7,1.8
1.8,1.8,1.8,5.4,2.7,1.8
0.9,0.9,2.7,5.4,2.7,1.8
1.8,0.9,2.7,5.4,2.7,1.8
0.9,1.8,2.7,5.4,2.7,1.8
1.8,1.8,2.7,5.4,2.7,1.8
0.9,0.9,3.6,5.4,2.7,1.8
1.8,0.9,3.6,5.4,2.7,1.8
0.9,1.8,3.6,5.4,2.7,1.8
1.8,1.8,3.6,5.4,2.7,1.8
0.9,0.9,4.5,5.4,2.7,1.8
1.8,0.9,4.5,5.4,2.7,1.8
0.9,1.8,4.5,5.4,2.7,1.8
1.8,1.8,4.5,5.4,2.7,1.8
0.9,0.9,5.4,5.4,2.7,1.8
1.8,0.9,5.4,5.4,2.7,1.8
0.9,1.8,5.4,5.4,2.7,1.8
1.8,1.8,5.4,5.4,2.7,1.8
0.9,0.9,0.0,0.0,3.6,1.8
1.8,0.9,0.0,0.0,3.6,1.8
0.9,1.8,0.0,0.0,3.6,1.8
1.8,1.8,0.0,0.0,3.6,1.8
0.9,0.9,0.9,0.0,3.6,1.8
1.8,0.9,0.9,0.0,3.6,1.8
0.9,1.8,0.9,0.0,3.6,1.8
1.8,1.8,0.9,0.0,3.6,1.8
0.9,0.9,1.8,0.0,3.6,1.8
1.8,0.9,1.8,0.0,3.6,1.8
0.9,1.8,1.8,0.0,3.6,1.8
1.8,1.8,1.8,0.0,3.6,1.8
0.9,0.9,2.7,0.0,3.6,1.8
1.8,0.9,2.7,0.0,3.6,1.8
0.9,1.8,2.7,0.0,3.6,1.8
1.8,1.8,2.7,0.0,3.6,1.8
0.9,0.9,3.6,0.0,3.6,1.8
1.8,0.9,3.6,0.0,3.6,1.8
0.9,1.8,3.6,0.0,3.6,1.8
1.8,1.8,3.6,0.0,3.6,1.8
0.9,0.9,4.5,0.0,3.6,1.8
1.8,0.9,4.5,0.0,3.6,1.8
0.9,1.8,4.5,0.0,3.6,1.8
1.8,1.8,4.5,0.0,3.6,1.8
0.9,0.9,5.4,0.0,3.6,1.8
1.8,0.9,5.4,0.0,3.6,1.8
0.9,1.8,5.4,0.0,3.6,1.8
1.8,1.8,5.4,0.0,3.6,1.8
0.9,0.9,0.0,0.9,3.6,1.8
1.8,0.9,0.0,0.9,3.6,1.8
0.9,1.8,0.0,0.9,3.6,1.8
1.8,1.8,0.0,0.9,3.6,1.8
0.9,0.9,0.9,0.9,3.6,1.8
1.8,0.9,0.9,0.9,3.6,1.8
0.9,1.8,0.9,0.9,3.6,1.8
1.8,1.8,0.9,0.9,3.6,1.8
0.9,0.9,1.8,0.9,3.6,1.8
1.8,0.9,1.8,0.9,3.6,1.8
0.9,1.8,1.8,0.9,3.6,1.8
1.8,1.8,1.8,0.9,3.6,1.8
0.9,0.9,2.7,0.9,3.6,1.8
1.8,0.9,2.7,0.9,3.6,1.8
0.9,1.8,2.7,0.9,3.6,1.8
1.8,1.8,2.7,0.9,3.6,1.8
0.9,0.9,3.6,0.9,3.6,1.8
1.8,0.9,3.6,0.9,3.6,1.8
0.9,1.8,3.6,0.9,3.6,1.8
1.8,1.8,3.6,0.9,3.6,1.8
0.9,0.9,4.5,0.9,3.6,1.8
1.8,0.9,4.5,0.9,3.6,1.8
0.9,1.8,4.5,0.9,3.6,1.8
1.8,1.8,4.5,0.9,3.6,1.8
0.9,0.9,5.4,0.9,3.6,1.8
1.8,0.9,5.4,0.9,3.6,1.8
0.9,1.8,5.4,0.9,3.6,1.8
1.8,1.8,5.4,0.9,3.6,1.8
0.9,0.9,0.0,1.8,3.6,1.8
1.8,0.9,0.0,1.8,3.6,1.8
0.9,1.8,0.0,1.8,3.6,1.8
1.8,1.8,0.0,1.8,3.6,1.8
0.9,0.9,0.9,1.8,3.6,1.8
1.8,0.9,0.9,1.8,3.6,1.8
0.9,1.8,0.9,1.8,3.6,1.8
1.8,1.8,0.9,1.8,3.6,1.8
0.9,0.9,1.8,1.8,3.6,1.8
1.8,0.9,1.8,1.8,3.6,1.8
0.9,1.8,1.8,1.8,3.6,1.8
1.8,1.8,1.8,1.8,3.6,1.8
0.9,0.9,2.7,1.8,3.6,1.8
1.8,0.9,2.7,1.8,3.6,1.8
0.9,1.8,2.7,1.8,3.6,1.8
1.8,1.8,2.7,1.8,3.6,1.8
0.9,0.9,3.6,1.8,3.6,1.8
1.8,0.9,3.6,1.8,3.6,1.8
0.9,1.8,3.6,1.8,3.6,1.8
1.8,1.8,3.6,1.8,3.6,1.8
0.9,0.9,4.5,1.8,3.6,1.8
1.8,0.9,4.5,1.8,3.6,1.8
0.9,1.8,4.5,1.8,3.6,1.8
1.8,1.8,4.5,1.8,3.6,1.8
0.9,0.9,5.4,1.8,3.6,1.8
1.8,0.9,5.4,1.8,3.6,1.8
0.9,1.8,5.4,1.8,3.6,1.8
1.8,1.8,5.4,1.8,3.6,1.8
0.9,0.9,0.0,2.7,3.6,1.8
1.8,0.9,0.0,2.7,3.6,1.8
0.9,1.8,0.0,2.7,3.6,1.8
1.8,1.8,0.0,2.7,3.6,1.8
0.9,0.9,0.9,2.7,3.6,1.8
1.8,0.9,0.9,2.7,3.6,1.8
0.9,1.8,0.9,2.7,3.6,1.8
1.8,1.8,0.9,2.7,3.6,1.8
0.9,0.9,1.8,2.7,3.6,1.8
1.8,0.9,1.8,2.7,3.6,1.8
0.9,1.8,1.8,2.7,3.6,1.8
1.8,1.8,1.8,2.7,3.6,1.8
0.9,0.9,2.7,2.7,3.6,1.8
1.8,0.9,2.7,2.7,3.6,1.8
0.9,1.8,2.7,2.7,3.6,1.8
1.8,1.8,2.7,2.7,3.6,1.8
0.9,0.9,3.6,2.7,3.6,1.8
1.8,0.9,3.6,2.7,3.6,1.8
0.9,1.8,3.6,2.7,3.6,1.8
1.8,1.8,3.6,2.7,3.6,1.8
0.9,0.9,4.5,2.7,3.6,1.8
1.8,0.9,4.5,2.7,3.6,1.8
0.9,1.8,4.5,2.7,3.6,1.8
1.8,1.8,4.5,2.7,3.6,1.8
0.9,0.9,5.4,2.7,3.6,1.8
1.8,0.9,5.4,2.7,3.6,1.8
0.9,1.8,5.4,2.7,3.6,1.8
1.8,1.8,5.4,2.7,3.6,1.8
0.9,0.9,0.0,3.6,3.6,1.8
1.8,0.9,0.0,3.6,3.6,1.8
0.9,1.8,0.0,3.6,3.6,1.8
1.8,1.8,0.0,3.6,3.6,1.8
0.9,0.9,0.9,3.6,3.6,1.8
1.8,0.9,0.9,3.6,3.6,1.8
0.9,1.8,0.9,3.6,3.6,1.8
1.8,1.8,0.9,3.6,3.6,1.8
0.9,0.9,1.8,3.6,3.6,1.8
1.8,0.9,1.8,3.6,3.6,1.8
0.9,1.8,1.8,3.6,3.6,1.8
1.8,1.8,1.8,3.6,3.6,1.8
0.9,0.9,2.7,3.6,3.6,1.8
1.8,0.9,2.7,3.6,3.6,1.8
0.9,1.8,2.7,3.6,3.6,1.8
1.8,1.8,2.7,3.6,3.6,1.8
0.9,0.9,3.6,3.6,3.6,1.8
1.8,0.9,3.6,3.6,3.6,1.8
0.9,1.8,3.6,3.6,3.6,1.8
1.8,1.8,3.6,3.6,3.6,1.8
0.9,0.9,4.5,3.6,3.6,1.8
1.8,0.9,4.5,3.6,3.6,1.8
0.9,1.8,4.5,3.6,3.6,1.8
1.8,1.8,4.5,3.6,3.6,1.8
0.9,0.9,5.4,3.6,3.6,1.8
1.8,0.9,5.4,3.6,3.6,1.8
0.9,1.8,5.4,3.6,3.6,1.8
1.8,1.8,5.4,3.6,3.6,1.8
0.9,0.9,0.0,4.5,3.6,1.8
1.8,0.9,0.0,4.5,3.6,1.8
0.9,1.8,0.0,4.5,3.6,1.8
1.8,1.8,0.0,4.5,3.6,1.8
0.9,0.9,0.9,4.5,3.6,1.8
1.8,0.9,0.9,4.5,3.6,1.8
0.9,1.8,0.9,4.5,3.6,1.8
1.8,1.8,0.9,4.5,3.6,1.8
0.9,0.9,1.8,4.5,3.6,1.8
1.8,0.9,1.8,4.5,3.6,1.8
0.9,1.8,1.8,4.5,3.6,1.8
1.8,1.8,1.8,4.5,3.6,1.8
0.9,0.9,2.7,4.5,3.6,1.8
1.8,0.9,2.7,4.5,3.6,1.8
0.9,1.8,2.7,4.5,3.6,1.8
1.8,1.8,2.7,4.5,3.6,1.8
0.9,0.9,3.6,4.5,3.6,1.8
1.8,0.9,3.6,4.5,3.6,1.8
0.9,1.8,3.6,4.5,3.6,1.8
1.8,1.8,3.6,4.5,3.6,1.8
0.9,0.9,4.5,4.5,3.6,1.8
1.8,0.9,4.5,4.5,3.6,1.8
0.9,1.8,4.5,4.5,3.6,1.8
1.8,1.8,4.5,4.5,3.6,1.8
0.9,0.9,5.4,4.5,3.6,1.8
1.8,0.9,5.4,4.5,3.6,1.8
0.9,1.8,5.4,4.5,3.6,1.8
1.8,1.8,5.4,4.5,3.6,1.8
0.9,0.9,0.0,5.4,3.6,1.8
1.8,0.9,0.0,5.4,3.6,1.8
0.9,1.8,0.0,5.4,3.6,1.8
1.8,1.8,0.0,5.4,3.6,1.8
0.9,0.9,0.9,5.4,3.6,1.8
1.8,0.9,0.9,5.4,3.6,1.8
0.9,1.8,0.9,5.4,3.6,1.8
1.8,1.8,0.9,5.4,3.6,1.8
0.9,0.9,1.8,5.4,3.6,1.8
1.8,0.9,1.8,5.4,3.6,1.8
0.9,1.8,1.8,5.4,3.6,1.8
1.8,1.8,1.8,5.4,3.6,1.8
0.9,0.9,2.7,5.4,3.6,1.8
1.8,0.9,2.7,5.4,3.6,1.8
0.9,1.8,2.7,5.4,3.6,1.8
1.8,1.8,2.7,5.4,3.6,1.8
0.9,0.9,3.6,5.4,3.6,1.8
1.8,0.9,3.6,5.4,3.6,1.8
0.9,1.8,3.6,5.4,3.6,1.8
1.8,1.8,3.6,5.4,3.6,1.8
0.9,0.9,4.5,5.4,3.6,1.8
1.8,0.9,4.5,5.4,3.6,1.8
0.9,1.8,4.5,5.4,3.6,1.8
1.8,1.8,4.5,5.4,3.6,1.8
0.9,0.9,5.4,5.4,3.6,1.8
1.8,0.9,5.4,5.4,3.6,1.8
0.9,1.8,5.4,5.4,3.6,1.8
1.8,1.8,5.4,5.4,3.6,1.8
0.9,0.9,0.0,0.0,4.5,1.8
1.8,0.9,0.0,0.0,4.5,1.8
0.9,1.8,0.0,0.0,4.5,1.8
1.8,1.8,0.0,0.0,4.5,1.8
0.9,0.9,0.9,0.0,4.5,1.8
1.8,0.9,0.9,0.0,4.5,1.8
0.9,1.8,0.9,0.0,4.5,1.8
1.8,1.8,0.9,0.0,4.5,1.8
0.9,0.9,1.8,0.0,4.5,1.8
1.8,0.9,1.8,0.0,4.5,1.8
0.9,1.8,1.8,0.0,4.5,1.8
1.8,1.8,1.8,0.0,4.5,1.8
0.9,0.9,2.7,0.0,4.5,1.8
1.8,0.9,2.7,0.0,4.5,1.8
0.9,1.8,2.7,0.0,4.5,1.8
1.8,1.8,2.7,0.0,4.5,1.8
0.9,0.9,3.6,0.0,4.5,1.8
1.8,0.9,3.6,0.0,4.5,1.8
0.9,1.8,3.6,0.0,4.5,1.8
1.8,1.8,3.6,0.0,4.5,1.8
0.9,0.9,4.5,0.0,4.5,1.8
1.8,0.9,4.5,0.0,4.5,1.8
0.9,1.8,4.5,0.0,4.5,1.8
1.8,1.8,4.5,0.0,4.5,1.8
0.9,0.9,5.4,0.0,4.5,1.8
1.8,0.9,5.4,0.0,4.5,1.8
0.9,1.8,5.4,0.0,4.5,1.8
1.8,1.8,5.4,0.0,4.5,1.8
0.9,0.9,0.0,0.9,4.5,1.8
1.8,0.9,0.0,0.9,4.5,1.8
0.9,1.8,0.0,0.9,4.5,1.8
1.8,1.8,0.0,0.9,4.5,1.8
0.9,0.9,0.9,0.9,4.5,1.8
1.8,0.9,0.9,0.9,4.5,1.8
0.9,1.8,0.9,0.9,4.5,1.8
1.8,1.8,0.9,0.9,4.5,1.8
0.9,0.9,1.8,0.9,4.5,1.8
1.8,0.9,1.8,0.9,4.5,1.8
0.9,1.8,1.8,0.9,4.5,1.8
1.8,1.8,1.8,0.9,4.5,1.8
0.9,0.9,2.7,0.9,4.5,1.8
1.8,0.9,2.7,0.9,4.5,1.8
0.9,1.8,2.7,0.9,4.5,1.8
1.8,1.8,2.7,0.9,4.5,1.8
0.9,0.9,3.6,0.9,4.5,1.8
1.8,0.9,3.6,0.9,4.5,1.8
0.9,1.8,3.6,0.9,4.5,1.8
1.8,1.8,3.6,0.9,4.5,1.8
0.9,0.9,4.5,0.9,4.5,1.8
1.8,0.9,4.5,0.9,4.5,1.8
0.9,1.8,4.5,0.9,4.5,1.8
1.8,1.8,4.5,0.9,4.5,1.8
0.9,0.9,5.4,0.9,4.5,1.8
1.8,0.9,5.4,0.9,4.5,1.8
0.9,1.8,5.4,0.9,4.5,1.8
1.8,1.8,5.4,0.9,4.5,1.8
0.9,0.9,0.0,1.8,4.5,1.8
1.8,0.9,0.0,1.8,4.5,1.8
0.9,1.8,0.0,1.8,4.5,1.8
1.8,1.8,0.0,1.8,4.5,1.8
0.9,0.9,0.9,1.8,4.5,1.8
1.8,0.9,0.9,1.8,4.5,1.8
0.9,1.8,0.9,1.8,4.5,1.8
1.8,1.8,0.9,1.8,4.5,1.8
0.9,0.9,1.8,1.8,4.5,1.8
1.8,0.9,1.8,1.8,4.5,1.8
0.9,1.8,1.8,1.8,4.5,1.8
1.8,1.8,1.8,1.8,4.5,1.8
0.9,0.9,2.7,1.8,4.5,1.8
1.8,0.9,2.7,1.8,4.5,1.8
0.9,1.8,2.7,1.8,4.5,1.8
1.8,1.8,2.7,1.8,4.5,1.8
0.9,0.9,3.6,1.8,4.5,1.8
1.8,0.9,3.6,1.8,4.5,1.8
0.9,1.8,3.6,1.8,4.5,1.8
1.8,1.8,3.6,1.8,4.5,1.8
0.9,0.9,4.5,1.8,4.5,1.8
1.8,0.9,4.5,1.8,4.5,1.8
0.9,1.8,4.5,1.8,4.5,1.8
1.8,1.8,4.5,1.8,4.5,1.8
0.9,0.9,5.4,1.8,4.5,1.8
1.8,0.9,5.4,1.8,4.5,1.8
0.9,1.8,5.4,1.8,4.5,1.8
1.8,1.8,5.4,1.8,4.5,1.8
0.9,0.9,0.0,2.7,4.5,1.8
1.8,0.9,0.0,2.7,4.5,1.8
0.9,1.8,0.0,2.7,4.5,1.8
1.8,1.8,0.0,2.7,4.5,1.8
0.9,0.9,0.9,2.7,4.5,1.8
1.8,0.9,0.9,2.7,4.5,1.8
0.9,1.8,0.9,2.7,4.5,1.8
1.8,1.8,0.9,2.7,4.5,1.8
0.9,0.9,1.8,2.7,4.5,1.8
1.8,0.9,1.8,2.7,4.5,1.8
0.9,1.8,1.8,2.7,4.5,1.8
1.8,1.8,1.8,2.7,4.5,1.8
0.9,0.9,2.7,2.7,4.5,1.8
1.8,0.9,2.7,2.7,4.5,1.8
0.9,1.8,2.7,2.7,4.5,1.8
1.8,1.8,2.7,2.7,4.5,1.8
0.9,0.9,3.6,2.7,4.5,1.8
1.8,0.9,3.6,2.7,4.5,1.8
0.9,1.8,3.6,2.7,4.5,1.8
1.8,1.8,3.6,2.7,4.5,1.8
0.9,0.9,4.5,2.7,4.5,1.8
1.8,0.9,4.5,2.7,4.5,1.8
0.9,1.8,4.5,2.7,4.5,1.8
1.8,1.8,4.5,2.7,4.5,1.8
0.9,0.9,5.4,2.7,4.5,1.8
1.8,0.9,5.4,2.7,4.5,1.8
0.9,1.8,5.4,2.7,4.5,1.8
1.8,1.8,5.4,2.7,4.5,1.8
0.9,0.9,0.0,3.6,4.5,1.8
1.8,0.9,0.0,3.6,4.5,1.8
0.9,1.8,0.0,3.6,4.5,1.8
1.8,1.8,0.0,3.6,4.5,1.8
0.9,0.9,0.9,3.6,4.5,1.8
1.8,0.9,0.9,3.6,4.5,1.8
0.9,1.8,0.9,3.6,4.5,1.8
1.8,1.8,0.9,3.6,4.5,1.8
0.9,0.9,1.8,3.6,4.5,1.8
1.8,0.9,1.8,3.6,4.5,1.8
0.9,1.8,1.8,3.6,4.5,1.8
1.8,1.8,1.8,3.6,4.5,1.8
0.9,0.9,2.7,3.6,4.5,1.8
1.8,0.9,2.7,3.6,4.5,1.8
0.9,1.8,2.7,3.6,4.5,1.8
1.8,1.8,2.7,3.6,4.5,1.8
0.9,0.9,3.6,3.6,4.5,1.8
1.8,0.9,3.6,3.6,4.5,1.8
0.9,1.8,3.6,3.6,4.5,1.8
1.8,1.8,3.6,3.6,4.5,1.8
0.9,0.9,4.5,3.6,4.5,1.8
1.8,0.9,4.5,3.6,4.5,1.8
0.9,1.8,4.5,3.6,4.5,1.8
1.8,1.8,4.5,3.6,4.5,1.8
0.9,0.9,5.4,3.6,4.5,1.8
1.8,0.9,5.4,3.6,4.5,1.8
0.9,1.8,5.4,3.6,4.5,1.8
1.8,1.8,5.4,3.6,4.5,1.8
0.9,0.9,0.0,4.5,4.5,1.8
1.8,0.9,0.0,4.5,4.5,1.8
0.9,1.8,0.0,4.5,4.5,1.8
1.8,1.8,0.0,4.5,4.5,1.8
0.9,0.9,0.9,4.5,4.5,1.8
1.8,0.9,0.9,4.5,4.5,1.8
0.9,1.8,0.9,4.5,4.5,1.8
1.8,1.8,0.9,4.5,4.5,1.8
0.9,0.9,1.8,4.5,4.5,1.8
1.8,0.9,1.8,4.5,4.5,1.8
0.9,1.8,1.8,4.5,4.5,1.8
1.8,1.8,1.8,4.5,4.5,1.8
0.9,0.9,2.7,4.5,4.5,1.8
1.8,0.9,2.7,4.5,4.5,1.8
0.9,1.8,2.7,4.5,4.5,1.8
1.8,1.8,2.7,4.5,4.5,1.8
0.9,0.9,3.6,4.5,4.5,1.8
1.8,0.9,3.6,4.5,4.5,1.8
0.9,1.8,3.6,4.5,4.5,1.8
1.8,1.8,3.6,4.5,4.5,1.8
0.9,0.9,4.5,4.5,4.5,1.8
1.8,0.9,4.5,4.5,4.5,1.8
0.9,1.8,4.5,4.5,4.5,1.8
1.8,1.8,4.5,4.5,4.5,1.8
0.9,0.9,5.4,4.5,4.5,1.8
1.8,0.9,5.4,4.5,4.5,1.8
0.9,1.8,5.4,4.5,4.5,1.8
1.8,1.8,5.4,4.5,4.5,1.8
0.9,0.9,0.0,5.4,4.5,1.8
1.8,0.9,0.0,5.4,4.5,1.8
0.9,1.8,0.0,5.4,4.5,1.8
1.8,1.8,0.0,5.4,4.5,1.8
0.9,0.9,0.9,5.4,4.5,1.8
1.8,0.9,0.9,5.4,4.5,1.8
0.9,1.8,0.9,5.4,4.5,1.8
1.8,1.8,0.9,5.4,4.5,1.8
0.9,0.9,1.8,5.4,4.5,1.8
1.8,0.9,1.8,5.4,4.5,1.8
0.9,1.8,1.8,5.4,4.5,1.8
1.8,1.8,1.8,5.4,4.5,1.8
0.9,0.9,2.7,5.4,4.5,1.8
1.8,0.9,2.7,5.4,4.5,1.8
0.9,1.8,2.7,5.4,4.5,1.8
1.8,1.8,2.7,5.4,4.5,1.8
0.9,0.9,3.6,5.4,4.5,1.8
1.8,0.9,3.6,5.4,4.5,1.8
0.9,1.8,3.6,5.4,4.5,1.8
1.8,1.8,3.6,5.4,4.5,1.8
0.9,0.9,4.5,5.4,4.5,1.8
1.8,0.9,4.5,5.4,4.5,1.8
0.9,1.8,4.5,5.4,4.5,1.8
1.8,1.8,4.5,5.4,4.5,1.8
0.9,0.9,5.4,5.4,4.5,1.8
1.8,0.9,5.4,5.4,4.5,1.8
0.9,1.8,5.4,5.4,4.5,1.8
1.8,1.8,5.4,5.4,4.5,1.8
0.9,0.9,0.0,0.0,5.4,1.8
1.8,0.9,0.0,0.0,5.4,1.8
0.9,1.8,0.0,0.0,5.4,1.8
1.8,1.8,0.0,0.0,5.4,1.8
0.9,0.9,0.9,0.0,5.4,1.8
1.8,0.9,0.9,0.0,5.4,1.8
0.9,1.8,0.9,0.0,5.4,1.8
1.8,1.8,0.9,0.0,5.4,1.8
0.9,0.9,1.8,0.0,5.4,1.8
1.8,0.9,1.8,0.0,5.4,1.8
0.9,1.8,1.8,0.0,5.4,1.8
1.8,1.8,1.8,0.0,5.4,1.8
0.9,0.9,2.7,0.0,5.4,1.8
1.8,0.9,2.7,0.0,5.4,1.8
0.9,1.8,2.7,0.0,5.4,1.8
1.8,1.8,2.7,0.0,5.4,1.8
0.9,0.9,3.6,0.0,5.4,1.8
1.8,0.9,3.6,0.0,5.4,1.8
0.9,1.8,3.6,0.0,5.4,1.8
1.8,1.8,3.6,0.0,5.4,1.8
0.9,0.9,4.5,0.0,5.4,1.8
1.8,0.9,4.5,0.0,5.4,1.8
0.9,1.8,4.5,0.0,5.4,1.8
1.8,1.8,4.5,0.0,5.4,1.8
0.9,0.9,5.4,0.0,5.4,1.8
1.8,0.9,5.4,0.0,5.4,1.8
0.9,1.8,5.4,0.0,5.4,1.8
1.8,1.8,5.4,0.0,5.4,1.8
0.9,0.9,0.0,0.9,5.4,1.8
1.8,0.9,0.0,0.9,5.4,1.8
0.9,1.8,0.0,0.9,5.4,1.8
1.8,1.8,0.0,0.9,5.4,1.8
0.9,0.9,0.9,0.9,5.4,1.8
1.8,0.9,0.9,0.9,5.4,1.8
0.9,1.8,0.9,0.9,5.4,1.8
1.8,1.8,0.9,0.9,5.4,1.8
0.9,0.9,1.8,0.9,5.4,1.8
1.8,0.9,1.8,0.9,5.4,1.8
0.9,1.8,1.8,0.9,5.4,1.8
1.8,1.8,1.8,0.9,5.4,1.8
0.9,0.9,2.7,0.9,5.4,1.8
1.8,0.9,2.7,0.9,5.4,1.8
0.9,1.8,2.7,0.9,5.4,1.8
1.8,1.8,2.7,0.9,5.4,1.8
0.9,0.9,3.6,0.9,5.4,1.8
1.8,0.9,3.6,0.9,5.4,1.8
0.9,1.8,3.6,0.9,5.4,1.8
1.8,1.8,3.6,0.9,5.4,1.8
0.9,0.9,4.5,0.9,5.4,1.8
1.8,0.9,4.5,0.9,5.4,1.8
0.9,1.8,4.5,0.9,5.4,1.8
1.8,1.8,4.5,0.9,5.4,1.8
0.9,0.9,5.4,0.9,5.4,1.8
1.8,0.9,5.4,0.9,5.4,1.8
0.9,1.8,5.4,0.9,5.4,1.8
1.8,1.8,5.4,0.9,5.4,1.8
0.9,0.9,0.0,1.8,5.4,1.8
1.8,0.9,0.0,1.8,5.4,1.8
0.9,1.8,0.0,1.8,5.4,1.8
1.8,1.8,0.0,1.8,5.4,1.8
0.9,0.9,0.9,1.8,5.4,1.8
1.8,0.9,0.9,1.8,5.4,1.8
0.9,1.8,0.9,1.8,5.4,1.8
1.8,1.8,0.9,1.8,5.4,1.8
0.9,0.9,1.8,1.8,5.4,1.8
1.8,0.9,1.8,1.8,5.4,1.8
0.9,1.8,1.8,1.8,5.4,1.8
1.8,1.8,1.8,1.8,5.4,1.8
0.9,0.9,2.7,1.8,5.4,1.8
1.8,0.9,2.7,1.8,5.4,1.8
0.9,1.8,2.7,1.8,5.4,1.8
1.8,1.8,2.7,1.8,5.4,1.8
0.9,0.9,3.6,1.8,5.4,1.8
1.8,0.9,3.6,1.8,5.4,1.8
0.9,1.8,3.6,1.8,5.4,1.8
1.8,1.8,3.6,1.8,5.4,1.8
0.9,0.9,4.5,1.8,5.4,1.8
1.8,0.9,4.5,1.8,5.4,1.8
0.9,1.8,4.5,1.8,5.4,1.8
1.8,1.8,4.5,1.8,5.4,1.8
0.9,0.9,5.4,1.8,5.4,1.8
1.8,0.9,5.4,1.8,5.4,1.8
0.9,1.8,5.4,1.8,5.4,1.8
1.8,1.8,5.4,1.8,5.4,1.8
0.9,0.9,0.0,2.7,5.4,1.8
1.8,0.9,0.0,2.7,5.4,1.8
0.9,1.8,0.0,2.7,5.4,1.8
1.8,1.8,0.0,2.7,5.4,1.8
0.9,0.9,0.9,2.7,5.4,1.8
1.8,0.9,0.9,2.7,5.4,1.8
0.9,1.8,0.9,2.7,5.4,1.8
1.8,1.8,0.9,2.7,5.4,1.8
0.9,0.9,1.8,2.7,5.4,1.8
1.8,0.9,1.8,2.7,5.4,1.8
0.9,1.8,1.8,2.7,5.4,1.8
1.8,1.8,1.8,2.7,5.4,1.8
0.9,0.9,2.7,2.7,5.4,1.8
1.8,0.9,2.7,2.7,5.4,1.8
0.9,1.8,2.7,2.7,5.4,1.8
1.8,1.8,2.7,2.7,5.4,1.8
0.9,0.9,3.6,2.7,5.4,1.8
1.8,0.9,3.6,2.7,5.4,1.8
0.9,1.8,3.6,2.7,5.4,1.8
1.8,1.8,3.6,2.7,5.4,1.8
0.9,0.9,4.5,2.7,5.4,1.8
1.8,0.9,4.5,2.7,5.4,1.8
0.9,1.8,4.5,2.7,5.4,1.8
1.8,1.8,4.5,2.7,5.4,1.8
0.9,0.9,5.4,2.7,5.4,1.8
1.8,0.9,5.4,2.7,5.4,1.8
0.9,1.8,5.4,2.7,5.4,1.8
1.8,1.8,5.4,2.7,5.4,1.8
0.9,0.9,0.0,3.6,5.4,1.8
1.8,0.9,0.0,3.6,5.4,1.8
0.9,1.8,0.0,3.6,5.4,1.8
1.8,1.8,0.0,3.6,5.4,1.8
0.9,0.9,0.9,3.6,5.4,1.8
1.8,0.9,0.9,3.6,5.4,1.8
0.9,1.8,0.9,3.6,5.4,1.8
1.8,1.8,0.9,3.6,5.4,1.8
0.9,0.9,1.8,3.6,5.4,1.8
1.8,0.9,1.8,3.6,5.4,1.8
0.9,1.8,1.8,3.6,5.4,1.8
1.8,1.8,1.8,3.6,5.4,1.8
0.9,0.9,2.7,3.6,5.4,1.8
1.8,0.9,2.7,3.6,5.4,1.8
0.9,1.8,2.7,3.6,5.4,1.8
1.8,1.8,2.7,3.6,5.4,1.8
0.9,0.9,3.6,3.6,5.4,1.8
1.8,0.9,3.6,3.6,5.4,1.8
0.9,1.8,3.6,3.6,5.4,1.8
1.8,1.8,3.6,3.6,5.4,1.8
0.9,0.9,4.5,3.6,5.4,1.8
1.8,0.9,4.5,3.6,5.4,1.8
0.9,1.8,4.5,3.6,5.4,1.8
1.8,1.8,4.5,3.6,5.4,1.8
0.9,0.9,5.4,3.6,5.4,1.8
1.8,0.9,5.4,3.6,5.4,1.8
0.9,1.8,5.4,3.6,5.4,1.8
1.8,1.8,5.4,3.6,5.4,1.8
0.9,0.9,0.0,4.5,5.4,1.8
1.8,0.9,0.0,4.5,5.4,1.8
0.9,1.8,0.0,4.5,5.4,1.8
1.8,1.8,0.0,4.5,5.4,1.8
0.9,0.9,0.9,4.5,5.4,1.8
1.8,0.9,0.9,4.5,5.4,1.8
0.9,1.8,0.9,4.5,5.4,1.8
1.8,1.8,0.9,4.5,5.4,1.8
0.9,0.9,1.8,4.5,5.4,1.8
1.8,0.9,1.8,4.5,5.4,1.8
0.9,1.8,1.8,4.5,5.4,1.8
1.8,1.8,1.8,4.5,5.4,1.8
0.9,0.9,2.7,4.5,5.4,1.8
1.8,0.9,2.7,4.5,5.4,1.8
0.9,1.8,2.7,4.5,5.4,1.8
1.8,1.8,2.7,4.5,5.4,1.8
0.9,0.9,3.6,4.5,5.4,1.8
1.8,0.9,3.6,4.5,5.4,1.8
0.9,1.8,3.6,4.5,5.4,1.8
1.8,1.8,3.6,4.5,5.4,1.8
0.9,0.9,4.5,4.5,5.4,1.8
1.8,0.9,4.5,4.5,5.4,1.8
0.9,1.8,4.5,4.5,5.4,1.8
1.8,1.8,4.5,4.5,5.4,1.8
0.9,0.9,5.4,4.5,5.4,1.8
1.8,0.9,5.4,4.5,5.4,1.8
0.9,1.8,5.4,4.5,5.4,1.8
1.8,1.8,5.4,4.5,5.4,1.8
0.9,0.9,0.0,5.4,5.4,1.8
1.8,0.9,0.0,5.4,5.4,1.8
0.9,1.8,0.0,5.4,5.4,1.8
1.8,1.8,0.0,5.4,5.4,1.8
0.9,0.9,0.9,5.4,5.4,1.8
1.8,0.9,0.9,5.4,5.4,1.8
0.9,1.8,0.9,5.4,5.4,1.8
1.8,1.8,0.9,5.4,5.4,1.8
0.9,0.9,1.8,5.4,5.4,1.8
1.8,0.9,1.8,5.4,5.4,1.8
0.9,1.8,1.8,5.4,5.4,1.8
1.8,1.8,1.8,5.4,5.4,1.8
0.9,0.9,2.7,5.4,5.4,1.8
1.8,0.9,2.7,5.4,5.4,1.8
0.9,1.8,2.7,5.4,5.4,1.8
1.8,1.8,2.7,5.4,5.4,1.8
0.9,0.9,3.6,5.4,5.4,1.8
1.8,0.9,3.6,5.4,5.4,1.8
0.9,1.8,3.6,5.4,5.4,1.8
1.8,1.8,3.6,5.4,5.4,1.8
0.9,0.9,4.5,5.4,5.4,1.8
1.8,0.9,4.5,5.4,5.4,1.8
0.9,1.8,4.5,5.4,5.4,1.8
1.8,1.8,4.5,5.4,5.4,1.8
0.9,0.9,5.4,5.4,5.4,1.8
1.8,0.9,5.4,5.4,5.4,1.8
0.9,1.8,5.4,5.4,5.4,1.8
1.8,1.8,5.4,5.4,5.4,1.8
0.9,0.9,0.0,0.0,0.0,2.7
1.8,0.9,0.0,0.0,0.0,2.7
0.9,1.8,0.0,0.0,0.0,2.7
1.8,1.8,0.0,0.0,0.0,2.7
0.9,0.9,0.9,0.0,0.0,2.7
1.8,0.9,0.9,0.0,0.0,2.7
0.9,1.8,0.9,0.0,0.0,2.7
1.8,1.8,0.9,0.0,0.0,2.7
0.9,0.9,1.8,0.0,0.0,2.7
1.8,0.9,1.8,0.0,0.0,2.7
0.9,1.8,1.8,0.0,0.0,2.7
1.8,1.8,1.8,0.0,0.0,2.7
0.9,0.9,2.7,0.0,0.0,2.7
1.8,0.9,2.7,0.0,0.0,2.7
0.9,1.8,2.7,0.0,0.0,2.7
1.8,1.8,2.7,0.0,0.0,2.7
0.9,0.9,3.6,0.0,0.0,2.7
1.8,0.9,3.6,0.0,0.0,2.7
0.9,1.8,3.6,0.0,0.0,2.7
1.8,1.8,3.6,0.0,0.0,2.7
0.9,0.9,4.5,0.0,0.0,2.7
1.8,0.9,4.5,0.0,0.0,2.7
0.9,1.8,4.5,0.0,0.0,2.7
1.8,1.8,4.5,0.0,0.0,2.7
0.9,0.9,5.4,0.0,0.0,2.7
1.8,0.9,5.4,0.0,0.0,2.7
0.9,1.8,5.4,0.0,0.0,2.7
1.8,1.8,5.4,0.0,0.0,2.7
0.9,0.9,0.0,0.9,0.0,2.7
1.8,0.9,0.0,0.9,0.0,2.7
0.9,1.8,0.0,0.9,0.0,2.7
1.8,1.8,0.0,0.9,0.0,2.7
0.9,0.9,0.9,0.9,0.0,2.7
1.8,0.9,0.9,0.9,0.0,2.7
0.9,1.8,0.9,0.9,0.0,2.7
1.8,1.8,0.9,0.9,0.0,2.7
0.9,0.9,1.8,0.9,0.0,2.7
1.8,0.9,1.8,0.9,0.0,2.7
0.9,1.8,1.8,0.9,0.0,2.7
1.8,1.8,1.8,0.9,0.0,2.7
0.9,0.9,2.7,0.9,0.0,2.7
1.8,0.9,2.7,0.9,0.0,2.7
0.9,1.8,2.7,0.9,0.0,2.7
1.8,1.8,2.7,0.9,0.0,2.7
0.9,0.9,3.6,0.9,0.0,2.7
1.8,0.9,3.6,0.9,0.0,2.7
0.9,1.8,3.6,0.9,0.0,2.7
1.8,1.8,3.6,0.9,0.0,2.7
0.9,0.9,4.5,0.9,0.0,2.7
1.8,0.9,4.5,0.9,0.0,2.7
0.9,1.8,4.5,0.9,0.0,2.7
1.8,1.8,4.5,0.9,0.0,2.7
0.9,0.9,5.4,0.9,0.0,2.7
1.8,0.9,5.4,0.9,0.0,2.7
0.9,1.8,5.4,0.9,0.0,2.7
1.8,1.8,5.4,0.9,0.0,2.7
0.9,0.9,0.0,1.8,0.0,2.7
1.8,0.9,0.0,1.8,0.0,2.7
0.9,1.8,0.0,1.8,0.0,2.7
1.8,1.8,0.0,1.8,0.0,2.7
0.9,0.9,0.9,1.8,0.0,2.7
1.8,0.9,0.9,1.8,0.0,2.7
0.9,1.8,0.9,1.8,0.0,2.7
1.8,1.8,0.9,1.8,0.0,2.7
0.9,0.9,1.8,1.8,0.0,2.7
1.8,0.9,1.8,1.8,0.0,2.7
0.9,1.8,1.8,1.8,0.0,2.7
1.8,1.8,1.8,1.8,0.0,2.7
0.9,0.9,2.7,1.8,0.0,2.7
1.8,0.9,2.7,1.8,0.0,2.7
0.9,1.8,2.7,1.8,0.0,2.7
1.8,1.8,2.7,1.8,0.0,2.7
0.9,0.9,3.6,1.8,0.0,2.7
1.8,0.9,3.6,1.8,0.0,2.7
0.9,1.8,3.6,1.8,0.0,2.7
1.8,1.8,3.6,1.8,0.0,2.7
0.9,0.9,4.5,1.8,0.0,2.7
1.8,0.9,4.5,1.8,0.0,2.7
0.9,1.8,4.5,1.8,0.0,2.7
1.8,1.8,4.5,1.8,0.0,2.7
0.9,0.9,5.4,1.8,0.0,2.7
1.8,0.9,5.4,1.8,0.0,2.7
0.9,1.8,5.4,1.8,0.0,2.7
1.8,1.8,5.4,1.8,0.0,2.7
0.9,0.9,0.0,2.7,0.0,2.7
1.8,0.9,0.0,2.7,0.0,2.7
0.9,1.8,0.0,2.7,0.0,2.7
1.8,1.8,0.0,2.7,0.0,2.7
0.9,0.9,0.9,2.7,0.0,2.7
1.8,0.9,0.9,2.7,0.0,2.7
0.9,1.8,0.9,2.7,0.0,2.7
1.8,1.8,0.9,2.7,0.0,2.7
0.9,0.9,1.8,2.7,0.0,2.7
1.8,0.9,1.8,2.7,0.0,2.7
0.9,1.8,1.8,2.7,0.0,2.7
1.8,1.8,1.8,2.7,0.0,2.7
0.9,0.9,2.7,2.7,0.0,2.7
1.8,0.9,2.7,2.7,0.0,2.7
0.9,1.8,2.7,2.7,0.0,2.7
1.8,1.8,2.7,2.7,0.0,2.7
0.9,0.9,3.6,2.7,0.0,2.7
1.8,0.9,3.6,2.7,0.0,2.7
0.9,1.8,3.6,2.7,0.0,2.7
1.8,1.8,3.6,2.7,0.0,2.7
0.9,0.9,4.5,2.7,0.0,2.7
1.8,0.9,4.5,2.7,0.0,2.7
0.9,1.8,4.5,2.7,0.0,2.7
1.8,1.8,4.5,2.7,0.0,2.7
0.9,0.9,5.4,2.7,0.0,2.7
1.8,0.9,5.4,2.7,0.0,2.7
0.9,1.8,5.4,2.7,0.0,2.7
1.8,1.8,5.4,2.7,0.0,2.7
0.9,0.9,0.0,3.6,0.0,2.7
1.8,0.9,0.0,3.6,0.0,2.7
0.9,1.8,0.0,3.6,0.0,2.7
1.8,1.8,0.0,3.6,0.0,2.7
0.9,0.9,0.9,3.6,0.0,2.7
1.8,0.9,0.9,3.6,0.0,2.7
0.9,1.8,0.9,3.6,0.0,2.7
1.8,1.8,0.9,3.6,0.0,2.7
0.9,0.9,1.8,3.6,0.0,2.7
1.8,0.9,1.8,3.6,0.0,2.7
0.9,1.8,1.8,3.6,0.0,2.7
1.8,1.8,1.8,3.6,0.0,2.7
0.9,0.9,2.7,3.6,0.0,2.7
1.8,0.9,2.7,3.6,0.0,2.7
0.9,1.8,2.7,3.6,0.0,2.7
1.8,1.8,2.7,3.6,0.0,2.7
0.9,0.9,3.6,3.6,0.0,2.7
1.8,0.9,3.6,3.6,0.0,2.7
0.9,1.8,3.6,3.6,0.0,2.7
1.8,1.8,3.6,3.6,0.0,2.7
0.9,0.9,4.5,3.6,0.0,2.7
1.8,0.9,4.5,3.6,0.0,2.7
0.9,1.8,4.5,3.6,0.0,2.7
1.8,1.8,4.5,3.6,0.0,2.7
0.9,0.9,5.4,3.6,0.0,2.7
1.8,0.9,5.4,3.6,0.0,2.7
0.9,1.8,5.4,3.6,0.0,2.7
1.8,1.8,5.4,3.6,0.0,2.7
0.9,0.9,0.0,4.5,0.0,2.7
1.8,0.9,0.0,4.5,0.0,2.7
0.9,1.8,0.0,4.5,0.0,2.7
1.8,1.8,0.0,4.5,0.0,2.7
0.9,0.9,0.9,4.5,0.0,2.7
1.8,0.9,0.9,4.5,0.0,2.7
0.9,1.8,0.9,4.5,0.0,2.7
1.8,1.8,0.9,4.5,0.0,2.7
0.9,0.9,1.8,4.5,0.0,2.7
1.8,0.9,1.8,4.5,0.0,2.7
0.9,1.8,1.8,4.5,0.0,2.7
1.8,1.8,1.8,4.5,0.0,2.7
0.9,0.9,2.7,4.5,0.0,2.7
1.8,0.9,2.7,4.5,0.0,2.7
0.9,1.8,2.7,4.5,0.0,2.7
1.8,1.8,2.7,4.5,0.0,2.7
0.9,0.9,3.6,4.5,0.0,2.7
1.8,0.9,3.6,4.5,0.0,2.7
0.9,1.8,3.6,4.5,0.0,2.7
1.8,1.8,3.6,4.5,0.0,2.7
0.9,0.9,4.5,4.5,0.0,2.7
1.8,0.9,4.5,4.5,0.0,2.7
0.9,1.8,4.5,4.5,0.0,2.7
1.8,1.8,4.5,4.5,0.0,2.7
0.9,0.9,5.4,4.5,0.0,2.7
1.8,0.9,5.4,4.5,0.0,2.7
0.9,1.8,5.4,4.5,0.0,2.7
1.8,1.8,5.4,4.5,0.0,2.7
0.9,0.9,0.0,5.4,0.0,2.7
1.8,0.9,0.0,5.4,0.0,2.7
0.9,1.8,0.0,5.4,0.0,2.7
1.8,1.8,0.0,5.4,0.0,2.7
0.9,0.9,0.9,5.4,0.0,2.7
1.8,0.9,0.9,5.4,0.0,2.7
0.9,1.8,0.9,5.4,0.0,2.7
1.8,1.8,0.9,5.4,0.0,2.7
0.9,0.9,1.8,5.4,0.0,2.7
1.8,0.9,1.8,5.4,0.0,2.7
0.9,1.8,1.8,5.4,0.0,2.7
1.8,1.8,1.8,5.4,0.0,2.7
0.9,0.9,2.7,5.4,0.0,2.7
1.8,0.9,2.7,5.4,0.0,2.7
0.9,1.8,2.7,5.4,0.0,2.7
1.8,1.8,2.7,5.4,0.0,2.7
0.9,0.9,3.6,5.4,0.0,2.7
1.8,0.9,3.6,5.4,0.0,2.7
0.9,1.8,3.6,5.4,0.0,2.7
1.8,1.8,3.6,5.4,0.0,2.7
0.9,0.9,4.5,5.4,0.0,2.7
1.8,0.9,4.5,5.4,0.0,2.7
0.9,1.8,4.5,5.4,0.0,2.7
1.8,1.8,4.5,5.4,0.0,2.7
0.9,0.9,5.4,5.4,0.0,2.7
1.8,0.9,5.4,5.4,0.0,2.7
0.9,1.8,5.4,5.4,0.0,2.7
1.8,1.8,5.4,5.4,0.0,2.7
0.9,0.9,0.0,0.0,0.9,2.7
1.8,0.9,0.0,0.0,0.9,2.7
0.9,1.8,0.0,0.0,0.9,2.7
1.8,1.8,0.0,0.0,0.9,2.7
0.9,0.9,0.9,0.0,0.9,2.7
1.8,0.9,0.9,0.0,0.9,2.7
0.9,1.8,0.9,0.0,0.9,2.7
1.8,1.8,0.9,0.0,0.9,2.7
0.9,0.9,1.8,0.0,0.9,2.7
1.8,0.9,1.8,0.0,0.9,2.7
0.9,1.8,1.8,0.0,0.9,2.7
1.8,1.8,1.8,0.0,0.9,2.7
0.9,0.9,2.7,0.0,0.9,2.7
1.8,0.9,2.7,0.0,0.9,2.7
0.9,1.8,2.7,0.0,0.9,2.7
1.8,1.8,2.7,0.0,0.9,2.7
0.9,0.9,3.6,0.0,0.9,2.7
1.8,0.9,3.6,0.0,0.9,2.7
0.9,1.8,3.6,0.0,0.9,2.7
1.8,1.8,3.6,0.0,0.9,2.7
0.9,0.9,4.5,0.0,0.9,2.7
1.8,0.9,4.5,0.0,0.9,2.7
0.9,1.8,4.5,0.0,0.9,2.7
1.8,1.8,4.5,0.0,0.9,2.7
0.9,0.9,5.4,0.0,0.9,2.7
1.8,0.9,5.4,0.0,0.9,2.7
0.9,1.8,5.4,0.0,0.9,2.7
1.8,1.8,5.4,0.0,0.9,2.7
0.9,0.9,0.0,0.9,0.9,2.7
1.8,0.9,0.0,0.9,0.9,2.7
0.9,1.8,0.0,0.9,0.9,2.7
1.8,1.8,0.0,0.9,0.9,2.7
0.9,0.9,0.9,0.9,0.9,2.7
1.8,0.9,0.9,0.9,0.9,2.7
0.9,1.8,0.9,0.9,0.9,2.7
1.8,1.8,0.9,0.9,0.9,2.7
0.9,0.9,1.8,0.9,0.9,2.7
1.8,0.9,1.8,0.9,0.9,2.7
0.9,1.8,1.8,0.9,0.9,2.7
1.8,1.8,1.8,0.9,0.9,2.7
0.9,0.9,2.7,0.9,0.9,2.7
1.8,0.9,2.7,0.9,0.9,2.7
0.9,1.8,2.7,0.9,0.9,2.7
1.8,1.8,2.7,0.9,0.9,2.7
0.9,0.9,3.6,0.9,0.9,2.7
1.8,0.9,3.6,0.9,0.9,2.7
0.9,1.8,3.6,0.9,0.9,2.7
1.8,1.8,3.6,0.9,0.9,2.7
0.9,0.9,4.5,0.9,0.9,2.7
1.8,0.9,4.5,0.9,0.9,2.7
0.9,1.8,4.5,0.9,0.9,2.7
1.8,1.8,4.5,0.9,0.9,2.7
0.9,0.9,5.4,0.9,0.9,2.7
1.8,0.9,5.4,0.9,0.9,2.7
0.9,1.8,5.4,0.9,0.9,2.7
1.8,1.8,5.4,0.9,0.9,2.7
0.9,0.9,0.0,1.8,0.9,2.7
1.8,0.9,0.0,1.8,0.9,2.7
0.9,1.8,0.0,1.8,0.9,2.7
1.8,1.8,0.0,1.8,0.9,2.7
0.9,0.9,0.9,1.8,0.9,2.7
1.8,0.9,0.9,1.8,0.9,2.7
0.9,1.8,0.9,1.8,0.9,2.7
1.8,1.8,0.9,1.8,0.9,2.7
0.9,0.9,1.8,1.8,0.9,2.7
1.8,0.9,1.8,1.8,0.9,2.7
0.9,1.8,1.8,1.8,0.9,2.7
1.8,1.8,1.8,1.8,0.9,2.7
0.9,0.9,2.7,1.8,0.9,2.7
1.8,0.9,2.7,1.8,0.9,2.7
0.9,1.8,2.7,1.8,0.9,2.7
1.8,1.8,2.7,1.8,0.9,2.7
0.9,0.9,3.6,1.8,0.9,2.7
1.8,0.9,3.6,1.8,0.9,2.7
0.9,1.8,3.6,1.8,0.9,2.7
1.8,1.8,3.6,1.8,0.9,2.7
0.9,0.9,4.5,1.8,0.9,2.7
1.8,0.9,4.5,1.8,0.9,2.7
0.9,1.8,4.5,1.8,0.9,2.7
1.8,1.8,4.5,1.8,0.9,2.7
0.9,0.9,5.4,1.8,0.9,2.7
1.8,0.9,5.4,1.8,0.9,2.7
0.9,1.8,5.4,1.8,0.9,2.7
1.8,1.8,5.4,1.8,0.9,2.7
0.9,0.9,0.0,2.7,0.9,2.7
1.8,0.9,0.0,2.7,0.9,2.7
0.9,1.8,0.0,2.7,0.9,2.7
1.8,1.8,0.0,2.7,0.9,2.7
0.9,0.9,0.9,2.7,0.9,2.7
1.8,0.9,0.9,2.7,0.9,2.7
0.9,1.8,0.9,2.7,0.9,2.7
1.8,1.8,0.9,2.7,0.9,2.7
0.9,0.9,1.8,2.7,0.9,2.7
1.8,0.9,1.8,2.7,0.9,2.7
0.9,1.8,1.8,2.7,0.9,2.7
1.8,1.8,1.8,2.7,0.9,2.7
0.9,0.9,2.7,2.7,0.9,2.7
1.8,0.9,2.7,2.7,0.9,2.7
0.9,1.8,2.7,2.7,0.9,2.7
1.8,1.8,2.7,2.7,0.9,2.7
0.9,0.9,3.6,2.7,0.9,2.7
1.8,0.9,3.6,2.7,0.9,2.7
0.9,1.8,3.6,2.7,0.9,2.7
1.8,1.8,3.6,2.7,0.9,2.7
0.9,0.9,4.5,2.7,0.9,2.7
1.8,0.9,4.5,2.7,0.9,2.7
0.9,1.8,4.5,2.7,0.9,2.7
1.8,1.8,4.5,2.7,0.9,2.7
0.9,0.9,5.4,2.7,0.9,2.7
1.8,0.9,5.4,2.7,0.9,2.7
0.9,1.8,5.4,2.7,0.9,2.7
1.8,1.8,5.4,2.7,0.9,2.7
0.9,0.9,0.0,3.6,0.9,2.7
1.8,0.9,0.0,3.6,0.9,2.7
0.9,1.8,0.0,3.6,0.9,2.7
1.8,1.8,0.0,3.6,0.9,2.7
0.9,0.9,0.9,3.6,0.9,2.7
1.8,0.9,0.9,3.6,0.9,2.7
0.9,1.8,0.9,3.6,0.9,2.7
1.8,1.8,0.9,3.6,0.9,2.7
0.9,0.9,1.8,3.6,0.9,2.7
1.8,0.9,1.8,3.6,0.9,2.7
0.9,1.8,1.8,3.6,0.9,2.7
1.8,1.8,1.8,3.6,0.9,2.7
0.9,0.9,2.7,3.6,0.9,2.7
1.8,0.9,2.7,3.6,0.9,2.7
0.9,1.8,2.7,3.6,0.9,2.7
1.8,1.8,2.7,3.6,0.9,2.7
0.9,0.9,3.6,3.6,0.9,2.7
1.8,0.9,3.6,3.6,0.9,2.7
0.9,1.8,3.6,3.6,0.9,2.7
1.8,1.8,3.6,3.6,0.9,2.7
0.9,0.9,4.5,3.6,0.9,2.7
1.8,0.9,4.5,3.6,0.9,2.7
0.9,1.8,4.5,3.6,0.9,2.7
1.8,1.8,4.5,3.6,0.9,2.7
0.9,0.9,5.4,3.6,0.9,2.7
1.8,0.9,5.4,3.6,0.9,2.7
0.9,1.8,5.4,3.6,0.9,2.7
1.8,1.8,5.4,3.6,0.9,2.7
0.9,0.9,0.0,4.5,0.9,2.7
1.8,0.9,0.0,4.5,0.9,2.7
0.9,1.8,0.0,4.5,0.9,2.7
1.8,1.8,0.0,4.5,0.9,2.7
0.9,0.9,0.9,4.5,0.9,2.7
1.8,0.9,0.9,4.5,0.9,2.7
0.9,1.8,0.9,4.5,0.9,2.7
1.8,1.8,0.9,4.5,0.9,2.7
0.9,0.9,1.8,4.5,0.9,2.7
1.8,0.9,1.8,4.5,0.9,2.7
0.9,1.8,1.8,4.5,0.9,2.7
1.8,1.8,1.8,4.5,0.9,2.7
0.9,0.9,2.7,4.5,0.9,2.7
1.8,0.9,2.7,4.5,0.9,2.7
0.9,1.8,2.7,4.5,0.9,2.7
1.8,1.8,2.7,4.5,0.9,2.7
0.9,0.9,3.6,4.5,0.9,2.7
1.8,0.9,3.6,4.5,0.9,2.7
0.9,1.8,3.6,4.5,0.9,2.7
1.8,1.8,3.6,4.5,0.9,2.7
0.9,0.9,4.5,4.5,0.9,2.7
1.8,0.9,4.5,4.5,0.9,2.7
0.9,1.8,4.5,4.5,0.9,2.7
1.8,1.8,4.5,4.5,0.9,2.7
0.9,0.9,5.4,4.5,0.9,2.7
1.8,0.9,5.4,4.5,0.9,2.7
0.9,1.8,5.4,4.5,0.9,2.7
1.8,1.8,5.4,4.5,0.9,2.7
0.9,0.9,0.0,5.4,0.9,2.7
1.8,0.9,0.0,5.4,0.9,2.7
0.9,1.8,0.0,5.4,0.9,2.7
1.8,1.8,0.0,5.4,0.9,2.7
0.9,0.9,0.9,5.4,0.9,2.7
1.8,0.9,0.9,5.4,0.9,2.7
0.9,1.8,0.9,5.4,0.9,2.7
1.8,1.8,0.9,5.4,0.9,2.7
0.9,0.9,1.8,5.4,0.9,2.7
1.8,0.9,1.8,5.4,0.9,2.7
0.9,1.8,1.8,5.4,0.9,2.7
1.8,1.8,1.8,5.4,0.9,2.7
0.9,0.9,2.7,5.4,0.9,2.7
1.8,0.9,2.7,5.4,0.9,2.7
0.9,1.8,2.7,5.4,0.9,2.7
1.8,1.8,2.7,5.4,0.9,2.7
0.9,0.9,3.6,5.4,0.9,2.7
1.8,0.9,3.6,5.4,0.9,2.7
0.9,1.8,3.6,5.4,0.9,2.7
1.8,1.8,3.6,5.4,0.9,2.7
0.9,0.9,4.5,5.4,0.9,2.7
1.8,0.9,4.5,5.4,0.9,2.7
0.9,1.8,4.5,5.4,0.9,2.7
1.8,1.8,4.5,5.4,0.9,2.7
0.9,0.9,5.4,5.4,0.9,2.7
1.8,0.9,5.4,5.4,0.9,2.7
0.9,1.8,5.4,5.4,0.9,2.7
1.8,1.8,5.4,5.4,0.9,2.7
0.9,0.9,0.0,0.0,1.8,2.7
1.8,0.9,0.0,0.0,1.8,2.7
0.9,1.8,0.0,0.0,1.8,2.7
1.8,1.8,0.0,0.0,1.8,2.7
0.9,0.9,0.9,0.0,1.8,2.7
1.8,0.9,0.9,0.0,1.8,2.7
0.9,1.8,0.9,0.0,1.8,2.7
1.8,1.8,0.9,0.0,1.8,2.7
0.9,0.9,1.8,0.0,1.8,2.7
1.8,0.9,1.8,0.0,1.8,2.7
0.9,1.8,1.8,0.0,1.8,2.7
1.8,1.8,1.8,0.0,1.8,2.7
0.9,0.9,2.7,0.0,1.8,2.7
1.8,0.9,2.7,0.0,1.8,2.7
0.9,1.8,2.7,0.0,1.8,2.7
1.8,1.8,2.7,0.0,1.8,2.7
0.9,0.9,3.6,0.0,1.8,2.7
1.8,0.9,3.6,0.0,1.8,2.7
0.9,1.8,3.6,0.0,1.8,2.7
1.8,1.8,3.6,0.0,1.8,2.7
0.9,0.9,4.5,0.0,1.8,2.7
1.8,0.9,4.5,0.0,1.8,2.7
0.9,1.8,4.5,0.0,1.8,2.7
1.8,1.8,4.5,0.0,1.8,2.7
0.9,0.9,5.4,0.0,1.8,2.7
1.8,0.9,5.4,0.0,1.8,2.7
0.9,1.8,5.4,0.0,1.8,2.7
1.8,1.8,5.4,0.0,1.8,2.7
0.9,0.9,0.0,0.9,1.8,2.7
1.8,0.9,0.0,0.9,1.8,2.7
0.9,1.8,0.0,0.9,1.8,2.7
1.8,1.8,0.0,0.9,1.8,2.7
0.9,0.9,0.9,0.9,1.8,2.7
1.8,0.9,0.9,0.9,1.8,2.7
0.9,1.8,0.9,0.9,1.8,2.7
1.8,1.8,0.9,0.9,1.8,2.7
0.9,0.9,1.8,0.9,1.8,2.7
1.8,0.9,1.8,0.9,1.8,2.7
0.9,1.8,1.8,0.9,1.8,2.7
1.8,1.8,1.8,0.9,1.8,2.7
0.9,0.9,2.7,0.9,1.8,2.7
1.8,0.9,2.7,0.9,1.8,2.7
0.9,1.8,2.7,0.9,1.8,2.7
1.8,1.8,2.7,0.9,1.8,2.7
0.9,0.9,3.6,0.9,1.8,2.7
1.8,0.9,3.6,0.9,1.8,2.7
0.9,1.8,3.6,0.9,1.8,2.7
1.8,1.8,3.6,0.9,1.8,2.7
0.9,0.9,4.5,0.9,1.8,2.7
1.8,0.9,4.5,0.9,1.8,2.7
0.9,1.8,4.5,0.9,1.8,2.7
1.8,1.8,4.5,0.9,1.8,2.7
0.9,0.9,5.4,0.9,1.8,2.7
1.8,0.9,5.4,0.9,1.8,2.7
0.9,1.8,5.4,0.9,1.8,2.7
1.8,1.8,5.4,0.9,1.8,2.7
0.9,0.9,0.0,1.8,1.8,2.7
1.8,0.9,0.0,1.8,1.8,2.7
0.9,1.8,0.0,1.8,1.8,2.7
1.8,1.8,0.0,1.8,1.8,2.7
0.9,0.9,0.9,1.8,1.8,2.7
1.8,0.9,0.9,1.8,1.8,2.7
0.9,1.8,0.9,1.8,1.8,2.7
1.8,1.8,0.9,1.8,1.8,2.7
0.9,0.9,1.8,1.8,1.8,2.7
1.8,0.9,1.8,1.8,1.8,2.7
0.9,1.8,1.8,1.8,1.8,2.7
1.8,1.8,1.8,1.8,1.8,2.7
0.9,0.9,2.7,1.8,1.8,2.7
1.8,0.9,2.7,1.8,1.8,2.7
0.9,1.8,2.7,1.8,1.8,2.7
1.8,1.8,2.7,1.8,1.8,2.7
0.9,0.9,3.6,1.8,1.8,2.7
1.8,0.9,3.6,1.8,1.8,2.7
0.9,1.8,3.6,1.8,1.8,2.7
1.8,1.8,3.6,1.8,1.8,2.7
0.9,0.9,4.5,1.8,1.8,2.7
1.8,0.9,4.5,1.8,1.8,2.7
0.9,1.8,4.5,1.8,1.8,2.7
1.8,1.8,4.5,1.8,1.8,2.7
0.9,0.9,5.4,1.8,1.8,2.7
1.8,0.9,5.4,1.8,1.8,2.7
0.9,1.8,5.4,1.8,1.8,2.7
1.8,1.8,5.4,1.8,1.8,2.7
0.9,0.9,0.0,2.7,1.8,2.7
1.8,0.9,0.0,2.7,1.8,2.7
0.9,1.8,0.0,2.7,1.8,2.7
1.8,1.8,0.0,2.7,1.8,2.7
0.9,0.9,0.9,2.7,1.8,2.7
1.8,0.9,0.9,2.7,1.8,2.7
0.9,1.8,0.9,2.7,1.8,2.7
1.8,1.8,0.9,2.7,1.8,2.7
0.9,0.9,1.8,2.7,1.8,2.7
1.8,0.9,1.8,2.7,1.8,2.7
0.9,1.8,1.8,2.7,1.8,2.7
1.8,1.8,1.8,2.7,1.8,2.7
0.9,0.9,2.7,2.7,1.8,2.7
1.8,0.9,2.7,2.7,1.8,2.7
0.9,1.8,2.7,2.7,1.8,2.7
1.8,1.8,2.7,2.7,1.8,2.7
0.9,0.9,3.6,2.7,1.8,2.7
1.8,0.9,3.6,2.7,1.8,2.7
0.9,1.8,3.6,2.7,1.8,2.7
1.8,1.8,3.6,2.7,1.8,2.7
0.9,0.9,4.5,2.7,1.8,2.7
1.8,0.9,4.5,2.7,1.8,2.7
0.9,1.8,4.5,2.7,1.8,2.7
1.8,1.8,4.5,2.7,1.8,2.7
0.9,0.9,5.4,2.7,1.8,2.7
1.8,0.9,5.4,2.7,1.8,2.7
0.9,1.8,5.4,2.7,1.8,2.7
1.8,1.8,5.4,2.7,1.8,2.7
0.9,0.9,0.0,3.6,1.8,2.7
1.8,0.9,0.0,3.6,1.8,2.7
0.9,1.8,0.0,3.6,1.8,2.7
1.8,1.8,0.0,3.6,1.8,2.7
0.9,0.9,0.9,3.6,1.8,2.7
1.8,0.9,0.9,3.6,1.8,2.7
0.9,1.8,0.9,3.6,1.8,2.7
1.8,1.8,0.9,3.6,1.8,2.7
0.9,0.9,1.8,3.6,1.8,2.7
1.8,0.9,1.8,3.6,1.8,2.7
0.9,1.8,1.8,3.6,1.8,2.7
1.8,1.8,1.8,3.6,1.8,2.7
0.9,0.9,2.7,3.6,1.8,2.7
1.8,0.9,2.7,3.6,1.8,2.7
0.9,1.8,2.7,3.6,1.8,2.7
1.8,1.8,2.7,3.6,1.8,2.7
0.9,0.9,3.6,3.6,1.8,2.7
1.8,0.9,3.6,3.6,1.8,2.7
0.9,1.8,3.6,3.6,1.8,2.7
1.8,1.8,3.6,3.6,1.8,2.7
0.9,0.9,4.5,3.6,1.8,2.7
1.8,0.9,4.5,3.6,1.8,2.7
0.9,1.8,4.5,3.6,1.8,2.7
1.8,1.8,4.5,3.6,1.8,2.7
0.9,0.9,5.4,3.6,1.8,2.7
1.8,0.9,5.4,3.6,1.8,2.7
0.9,1.8,5.4,3.6,1.8,2.7
1.8,1.8,5.4,3.6,1.8,2.7
0.9,0.9,0.0,4.5,1.8,2.7
1.8,0.9,0.0,4.5,1.8,2.7
0.9,1.8,0.0,4.5,1.8,2.7
1.8,1.8,0.0,4.5,1.8,2.7
0.9,0.9,0.9,4.5,1.8,2.7
1.8,0.9,0.9,4.5,1.8,2.7
0.9,1.8,0.9,4.5,1.8,2.7
1.8,1.8,0.9,4.5,1.8,2.7
0.9,0.9,1.8,4.5,1.8,2.7
1.8,0.9,1.8,4.5,1.8,2.7
0.9,1.8,1.8,4.5,1.8,2.7
1.8,1.8,1.8,4.5,1.8,2.7
0.9,0.9,2.7,4.5,1.8,2.7
1.8,0.9,2.7,4.5,1.8,2.7
0.9,1.8,2.7,4.5,1.8,2.7
1.8,1.8,2.7,4.5,1.8,2.7
0.9,0.9,3.6,4.5,1.8,2.7
1.8,0.9,3.6,4.5,1.8,2.7
0.9,1.8,3.6,4.5,1.8,2.7
1.8,1.8,3.6,4.5,1.8,2.7
0.9,0.9,4.5,4.5,1.8,2.7
1.8,0.9,4.5,4.5,1.8,2.7
0.9,1.8,4.5,4.5,1.8,2.7
1.8,1.8,4.5,4.5,1.8,2.7
0.9,0.9,5.4,4.5,1.8,2.7
1.8,0.9,5.4,4.5,1.8,2.7
0.9,1.8,5.4,4.5,1.8,2.7
1.8,1.8,5.4,4.5,1.8,2.7
0.9,0.9,0.0,5.4,1.8,2.7
1.8,0.9,0.0,5.4,1.8,2.7
0.9,1.8,0.0,5.4,1.8,2.7
1.8,1.8,0.0,5.4,1.8,2.7
0.9,0.9,0.9,5.4,1.8,2.7
1.8,0.9,0.9,5.4,1.8,2.7
0.9,1.8,0.9,5.4,1.8,2.7
1.8,1.8,0.9,5.4,1.8,2.7
0.9,0.9,1.8,5.4,1.8,2.7
1.8,0.9,1.8,5.4,1.8,2.7
0.9,1.8,1.8,5.4,1.8,2.7
1.8,1.8,1.8,5.4,1.8,2.7
0.9,0.9,2.7,5.4,1.8,2.7
1.8,0.9,2.7,5.4,1.8,2.7
0.9,1.8,2.7,5.4,1.8,2.7
1.8,1.8,2.7,5.4,1.8,2.7
0.9,0.9,3.6,5.4,1.8,2.7
1.8,0.9,3.6,5.4,1.8,2.7
0.9,1.8,3.6,5.4,1.8,2.7
1.8,1.8,3.6,5.4,1.8,2.7
0.9,0.9,4.5,5.4,1.8,2.7
1.8,0.9,4.5,5.4,1.8,2.7
0.9,1.8,4.5,5.4,1.8,2.7
1.8,1.8,4.5,5.4,1.8,2.7
0.9,0.9,5.4,5.4,1.8,2.7
1.8,0.9,5.4,5.4,1.8,2.7
0.9,1.8,5.4,5.4,1.8,2.7
1.8,1.8,5.4,5.4,1.8,2.7
0.9,0.9,0.0,0.0,2.7,2.7
1.8,0.9,0.0,0.0,2.7,2.7
0.9,1.8,0.0,0.0,2.7,2.7
1.8,1.8,0.0,0.0,2.7,2.7
0.9,0.9,0.9,0.0,2.7,2.7
1.8,0.9,0.9,0.0,2.7,2.7
0.9,1.8,0.9,0.0,2.7,2.7
1.8,1.8,0.9,0.0,2.7,2.7
0.9,0.9,1.8,0.0,2.7,2.7
1.8,0.9,1.8,0.0,2.7,2.7
0.9,1.8,1.8,0.0,2.7,2.7
1.8,1.8,1.8,0.0,2.7,2.7
0.9,0.9,2.7,0.0,2.7,2.7
1.8,0.9,2.7,0.0,2.7,2.7
0.9,1.8,2.7,0.0,2.7,2.7
1.8,1.8,2.7,0.0,2.7,2.7
0.9,0.9,3.6,0.0,2.7,2.7
1.8,0.9,3.6,0.0,2.7,2.7
0.9,1.8,3.6,0.0,2.7,2.7
1.8,1.8,3.6,0.0,2.7,2.7
0.9,0.9,4.5,0.0,2.7,2.7
1.8,0.9,4.5,0.0,2.7,2.7
0.9,1.8,4.5,0.0,2.7,2.7
1.8,1.8,4.5,0.0,2.7,2.7
0.9,0.9,5.4,0.0,2.7,2.7
1.8,0.9,5.4,0.0,2.7,2.7
0.9,1.8,5.4,0.0,2.7,2.7
1.8,1.8,5.4,0.0,2.7,2.7
0.9,0.9,0.0,0.9,2.7,2.7
1.8,0.9,0.0,0.9,2.7,2.7
0.9,1.8,0.0,0.9,2.7,2.7
1.8,1.8,0.0,0.9,2.7,2.7
0.9,0.9,0.9,0.9,2.7,2.7
1.8,0.9,0.9,0.9,2.7,2.7
0.9,1.8,0.9,0.9,2.7,2.7
1.8,1.8,0.9,0.9,2.7,2.7
0.9,0.9,1.8,0.9,2.7,2.7
1.8,0.9,1.8,0.9,2.7,2.7
0.9,1.8,1.8,0.9,2.7,2.7
1.8,1.8,1.8,0.9,2.7,2.7
0.9,0.9,2.7,0.9,2.7,2.7
1.8,0.9,2.7,0.9,2.7,2.7
0.9,1.8,2.7,0.9,2.7,2.7
1.8,1.8,2.7,0.9,2.7,2.7
0.9,0.9,3.6,0.9,2.7,2.7
1.8,0.9,3.6,0.9,2.7,2.7
0.9,1.8,3.6,0.9,2.7,2.7
1.8,1.8,3.6,0.9,2.7,2.7
0.9,0.9,4.5,0.9,2.7,2.7
1.8,0.9,4.5,0.9,2.7,2.7
0.9,1.8,4.5,0.9,2.7,2.7
1.8,1.8,4.5,0.9,2.7,2.7
0.9,0.9,5.4,0.9,2.7,2.7
1.8,0.9,5.4,0.9,2.7,2.7
0.9,1.8,5.4,0.9,2.7,2.7
1.8,1.8,5.4,0.9,2.7,2.7
0.9,0.9,0.0,1.8,2.7,2.7
1.8,0.9,0.0,1.8,2.7,2.7
0.9,1.8,0.0,1.8,2.7,2.7
1.8,1.8,0.0,1.8,2.7,2.7
0.9,0.9,0.9,1.8,2.7,2.7
1.8,0.9,0.9,1.8,2.7,2.7
0.9,1.8,0.9,1.8,2.7,2.7
1.8,1.8,0.9,1.8,2.7,2.7
0.9,0.9,1.8,1.8,2.7,2.7
1.8,0.9,1.8,1.8,2.7,2.7
0.9,1.8,1.8,1.8,2.7,2.7
1.8,1.8,1.8,1.8,2.7,2.7
0.9,0.9,2.7,1.8,2.7,2.7
1.8,0.9,2.7,1.8,2.7,2.7
0.9,1.8,2.7,1.8,2.7,2.7
1.8,1.8,2.7,1.8,2.7,2.7
0.9,0.9,3.6,1.8,2.7,2.7
1.8,0.9,3.6,1.8,2.7,2.7
0.9,1.8,3.6,1.8,2.7,2.7
1.8,1.8,3.6,1.8,2.7,2.7
0.9,0.9,4.5,1.8,2.7,2.7
1.8,0.9,4.5,1.8,2.7,2.7
0.9,1.8,4.5,1.8,2.7,2.7
1.8,1.8,4.5,1.8,2.7,2.7
0.9,0.9,5.4,1.8,2.7,2.7
1.8,0.9,5.4,1.8,2.7,2.7
0.9,1.8,5.4,1.8,2.7,2.7
1.8,1.8,5.4,1.8,2.7,2.7
0.9,0.9,0.0,2.7,2.7,2.7
1.8,0.9,0.0,2.7,2.7,2.7
0.9,1.8,0.0,2.7,2.7,2.7
1.8,1.8,0.0,2.7,2.7,2.7
0.9,0.9,0.9,2.7,2.7,2.7
1.8,0.9,0.9,2.7,2.7,2.7
0.9,1.8,0.9,2.7,2.7,2.7
1.8,1.8,0.9,2.7,2.7,2.7
0.9,0.9,1.8,2.7,2.7,2.7
1.8,0.9,1.8,2.7,2.7,2.7
0.9,1.8,1.8,2.7,2.7,2.7
1.8,1.8,1.8,2.7,2.7,2.7
0.9,0.9,2.7,2.7,2.7,2.7
1.8,0.9,2.7,2.7,2.7,2.7
0.9,1.8,2.7,2.7,2.7,2.7
1.8,1.8,2.7,2.7,2.7,2.7
0.9,0.9,3.6,2.7,2.7,2.7
1.8,0.9,3.6,2.7,2.7,2.7
0.9,1.8,3.6,2.7,2.7,2.7
1.8,1.8,3.6,2.7,2.7,2.7
0.9,0.9,4.5,2.7,2.7,2.7
1.8,0.9,4.5,2.7,2.7,2.7
0.9,1.8,4.5,2.7,2.7,2.7
1.8,1.8,4.5,2.7,2.7,2.7
0.9,0.9,5.4,2.7,2.7,2.7
1.8,0.9,5.4,2.7,2.7,2.7
0.9,1.8,5.4,2.7,2.7,2.7
1.8,1.8,5.4,2.7,2.7,2.7
0.9,0.9,0.0,3.6,2.7,2.7
1.8,0.9,0.0,3.6,2.7,2.7
0.9,1.8,0.0,3.6,2.7,2.7
1.8,1.8,0.0,3.6,2.7,2.7
0.9,0.9,0.9,3.6,2.7,2.7
1.8,0.9,0.9,3.6,2.7,2.7
0.9,1.8,0.9,3.6,2.7,2.7
1.8,1.8,0.9,3.6,2.7,2.7
0.9,0.9,1.8,3.6,2.7,2.7
1.8,0.9,1.8,3.6,2.7,2.7
0.9,1.8,1.8,3.6,2.7,2.7
1.8,1.8,1.8,3.6,2.7,2.7
0.9,0.9,2.7,3.6,2.7,2.7
1.8,0.9,2.7,3.6,2.7,2.7
0.9,1.8,2.7,3.6,2.7,2.7
1.8,1.8,2.7,3.6,2.7,2.7
0.9,0.9,3.6,3.6,2.7,2.7
1.8,0.9,3.6,3.6,2.7,2.7
0.9,1.8,3.6,3.6,2.7,2.7
1.8,1.8,3.6,3.6,2.7,2.7
0.9,0.9,4.5,3.6,2.7,2.7
1.8,0.9,4.5,3.6,2.7,2.7
0.9,1.8,4.5,3.6,2.7,2.7
1.8,1.8,4.5,3.6,2.7,2.7
0.9,0.9,5.4,3.6,2.7,2.7
1.8,0.9,5.4,3.6,2.7,2.7
0.9,1.8,5.4,3.6,2.7,2.7
1.8,1.8,5.4,3.6,2.7,2.7
0.9,0.9,0.0,4.5,2.7,2.7
1.8,0.9,0.0,4.5,2.7,2.7
0.9,1.8,0.0,4.5,2.7,2.7
1.8,1.8,0.0,4.5,2.7,2.7
0.9,0.9,0.9,4.5,2.7,2.7
1.8,0.9,0.9,4.5,2.7,2.7
0.9,1.8,0.9,4.5,2.7,2.7
1.8,1.8,0.9,4.5,2.7,2.7
0.9,0.9,1.8,4.5,2.7,2.7
1.8,0.9,1.8,4.5,2.7,2.7
0.9,1.8,1.8,4.5,2.7,2.7
1.8,1.8,1.8,4.5,2.7,2.7
0.9,0.9,2.7,4.5,2.7,2.7
1.8,0.9,2.7,4.5,2.7,2.7
0.9,1.8,2.7,4.5,2.7,2.7
1.8,1.8,2.7,4.5,2.7,2.7
0.9,0.9,3.6,4.5,2.7,2.7
1.8,0.9,3.6,4.5,2.7,2.7
0.9,1.8,3.6,4.5,2.7,2.7
1.8,1.8,3.6,4.5,2.7,2.7
0.9,0.9,4.5,4.5,2.7,2.7
1.8,0.9,4.5,4.5,2.7,2.7
0.9,1.8,4.5,4.5,2.7,2.7
1.8,1.8,4.5,4.5,2.7,2.7
0.9,0.9,5.4,4.5,2.7,2.7
1.8,0.9,5.4,4.5,2.7,2.7
0.9,1.8,5.4,4.5,2.7,2.7
1.8,1.8,5.4,4.5,2.7,2.7
0.9,0.9,0.0,5.4,2.7,2.7
1.8,0.9,0.0,5.4,2.7,2.7
0.9,1.8,0.0,5.4,2.7,2.7
1.8,1.8,0.0,5.4,2.7,2.7
0.9,0.9,0.9,5.4,2.7,2.7
1.8,0.9,0.9,5.4,2.7,2.7
0.9,1.8,0.9,5.4,2.7,2.7
1.8,1.8,0.9,5.4,2.7,2.7
0.9,0.9,1.8,5.4,2.7,2.7
1.8,0.9,1.8,5.4,2.7,2.7
0.9,1.8,1.8,5.4,2.7,2.7
1.8,1.8,1.8,5.4,2.7,2.7
0.9,0.9,2.7,5.4,2.7,2.7
1.8,0.9,2.7,5.4,2.7,2.7
0.9,1.8,2.7,5.4,2.7,2.7
1.8,1.8,2.7,5.4,2.7,2.7
0.9,0.9,3.6,5.4,2.7,2.7
1.8,0.9,3.6,5.4,2.7,2.7
0.9,1.8,3.6,5.4,2.7,2.7
1.8,1.8,3.6,5.4,2.7,2.7
0.9,0.9,4.5,5.4,2.7,2.7
1.8,0.9,4.5,5.4,2.7,2.7
0.9,1.8,4.5,5.4,2.7,2.7
1.8,1.8,4.5,5.4,2.7,2.7
0.9,0.9,5.4,5.4,2.7,2.7
1.8,0.9,5.4,5.4,2.7,2.7
0.9,1.8,5.4,5.4,2.7,2.7
1.8,1.8,5.4,5.4,2.7,2.7
0.9,0.9,0.0,0.0,3.6,2.7
1.8,0.9,0.0,0.0,3.6,2.7
0.9,1.8,0.0,0.0,3.6,2.7
1.8,1.8,0.0,0.0,3.6,2.7
0.9,0.9,0.9,0.0,3.6,2.7
1.8,0.9,0.9,0.0,3.6,2.7
0.9,1.8,0.9,0.0,3.6,2.7
1.8,1.8,0.9,0.0,3.6,2.7
0.9,0.9,1.8,0.0,3.6,2.7
1.8,0.9,1.8,0.0,3.6,2.7
0.9,1.8,1.8,0.0,3.6,2.7
1.8,1.8,1.8,0.0,3.6,2.7
0.9,0.9,2.7,0.0,3.6,2.7
1.8,0.9,2.7,0.0,3.6,2.7
0.9,1.8,2.7,0.0,3.6,2.7
1.8,1.8,2.7,0.0,3.6,2.7
0.9,0.9,3.6,0.0,3.6,2.7
1.8,0.9,3.6,0.0,3.6,2.7
0.9,1.8,3.6,0.0,3.6,2.7
1.8,1.8,3.6,0.0,3.6,2.7
0.9,0.9,4.5,0.0,3.6,2.7
1.8,0.9,4.5,0.0,3.6,2.7
0.9,1.8,4.5,0.0,3.6,2.7
1.8,1.8,4.5,0.0,3.6,2.7
0.9,0.9,5.4,0.0,3.6,2.7
1.8,0.9,5.4,0.0,3.6,2.7
0.9,1.8,5.4,0.0,3.6,2.7
1.8,1.8,5.4,0.0,3.6,2.7
0.9,0.9,0.0,0.9,3.6,2.7
1.8,0.9,0.0,0.9,3.6,2.7
0.9,1.8,0.0,0.9,3.6,2.7
1.8,1.8,0.0,0.9,3.6,2.7
0.9,0.9,0.9,0.9,3.6,2.7
1.8,0.9,0.9,0.9,3.6,2.7
0.9,1.8,0.9,0.9,3.6,2.7
1.8,1.8,0.9,0.9,3.6,2.7
0.9,0.9,1.8,0.9,3.6,2.7
1.8,0.9,1.8,0.9,3.6,2.7
0.9,1.8,1.8,0.9,3.6,2.7
1.8,1.8,1.8,0.9,3.6,2.7
0.9,0.9,2.7,0.9,3.6,2.7
1.8,0.9,2.7,0.9,3.6,2.7
0.9,1.8,2.7,0.9,3.6,2.7
1.8,1.8,2.7,0.9,3.6,2.7
0.9,0.9,3.6,0.9,3.6,2.7
1.8,0.9,3.6,0.9,3.6,2.7
0.9,1.8,3.6,0.9,3.6,2.7
1.8,1.8,3.6,0.9,3.6,2.7
0.9,0.9,4.5,0.9,3.6,2.7
1.8,0.9,4.5,0.9,3.6,2.7
0.9,1.8,4.5,0.9,3.6,2.7
1.8,1.8,4.5,0.9,3.6,2.7
0.9,0.9,5.4,0.9,3.6,2.7
1.8,0.9,5.4,0.9,3.6,2.7
0.9,1.8,5.4,0.9,3.6,2.7
1.8,1.8,5.4,0.9,3.6,2.7
0.9,0.9,0.0,1.8,3.6,2.7
1.8,0.9,0.0,1.8,3.6,2.7
0.9,1.8,0.0,1.8,3.6,2.7
1.8,1.8,0.0,1.8,3.6,2.7
0.9,0.9,0.9,1.8,3.6,2.7
1.8,0.9,0.9,1.8,3.6,2.7
0.9,1.8,0.9,1.8,3.6,2.7
1.8,1.8,0.9,1.8,3.6,2.7
0.9,0.9,1.8,1.8,3.6,2.7
1.8,0.9,1.8,1.8,3.6,2.7
0.9,1.8,1.8,1.8,3.6,2.7
1.8,1.8,1.8,1.8,3.6,2.7
0.9,0.9,2.7,1.8,3.6,2.7
1.8,0.9,2.7,1.8,3.6,2.7
0.9,1.8,2.7,1.8,3.6,2.7
1.8,1.8,2.7,1.8,3.6,2.7
0.9,0.9,3.6,1.8,3.6,2.7
1.8,0.9,3.6,1.8,3.6,2.7
0.9,1.8,3.6,1.8,3.6,2.7
1.8,1.8,3.6,1.8,3.6,2.7
0.9,0.9,4.5,1.8,3.6,2.7
1.8,0.9,4.5,1.8,3.6,2.7
0.9,1.8,4.5,1.8,3.6,2.7
1.8,1.8,4.5,1.8,3.6,2.7
0.9,0.9,5.4,1.8,3.6,2.7
1.8,0.9,5.4,1.8,3.6,2.7
0.9,1.8,5.4,1.8,3.6,2.7
1.8,1.8,5.4,1.8,3.6,2.7
0.9,0.9,0.0,2.7,3.6,2.7
1.8,0.9,0.0,2.7,3.6,2.7
0.9,1.8,0.0,2.7,3.6,2.7
1.8,1.8,0.0,2.7,3.6,2.7
0.9,0.9,0.9,2.7,3.6,2.7
1.8,0.9,0.9,2.7,3.6,2.7
0.9,1.8,0.9,2.7,3.6,2.7
1.8,1.8,0.9,2.7,3.6,2.7
0.9,0.9,1.8,2.7,3.6,2.7
1.8,0.9,1.8,2.7,3.6,2.7
0.9,1.8,1.8,2.7,3.6,2.7
1.8,1.8,1.8,2.7,3.6,2.7
0.9,0.9,2.7,2.7,3.6,2.7
1.8,0.9,2.7,2.7,3.6,2.7
0.9,1.8,2.7,2.7,3.6,2.7
1.8,1.8,2.7,2.7,3.6,2.7
0.9,0.9,3.6,2.7,3.6,2.7
1.8,0.9,3.6,2.7,3.6,2.7
0.9,1.8,3.6,2.7,3.6,2.7
1.8,1.8,3.6,2.7,3.6,2.7
0.9,0.9,4.5,2.7,3.6,2.7
1.8,0.9,4.5,2.7,3.6,2.7
0.9,1.8,4.5,2.7,3.6,2.7
1.8,1.8,4.5,2.7,3.6,2.7
0.9,0.9,5.4,2.7,3.6,2.7
1.8,0.9,5.4,2.7,3.6,2.7
0.9,1.8,5.4,2.7,3.6,2.7
1.8,1.8,5.4,2.7,3.6,2.7
0.9,0.9,0.0,3.6,3.6,2.7
1.8,0.9,0.0,3.6,3.6,2.7
0.9,1.8,0.0,3.6,3.6,2.7
1.8,1.8,0.0,3.6,3.6,2.7
0.9,0.9,0.9,3.6,3.6,2.7
1.8,0.9,0.9,3.6,3.6,2.7
0.9,1.8,0.9,3.6,3.6,2.7
1.8,1.8,0.9,3.6,3.6,2.7
0.9,0.9,1.8,3.6,3.6,2.7
1.8,0.9,1.8,3.6,3.6,2.7
0.9,1.8,1.8,3.6,3.6,2.7
1.8,1.8,1.8,3.6,3.6,2.7
0.9,0.9,2.7,3.6,3.6,2.7
1.8,0.9,2.7,3.6,3.6,2.7
0.9,1.8,2.7,3.6,3.6,2.7
1.8,1.8,2.7,3.6,3.6,2.7
0.9,0.9,3.6,3.6,3.6,2.7
1.8,0.9,3.6,3.6,3.6,2.7
0.9,1.8,3.6,3.6,3.6,2.7
1.8,1.8,3.6,3.6,3.6,2.7
0.9,0.9,4.5,3.6,3.6,2.7
1.8,0.9,4.5,3.6,3.6,2.7
0.9,1.8,4.5,3.6,3.6,2.7
1.8,1.8,4.5,3.6,3.6,2.7
0.9,0.9,5.4,3.6,3.6,2.7
1.8,0.9,5.4,3.6,3.6,2.7
0.9,1.8,5.4,3.6,3.6,2.7
1.8,1.8,5.4,3.6,3.6,2.7
0.9,0.9,0.0,4.5,3.6,2.7
1.8,0.9,0.0,4.5,3.6,2.7
0.9,1.8,0.0,4.5,3.6,2.7
1.8,1.8,0.0,4.5,3.6,2.7
0.9,0.9,0.9,4.5,3.6,2.7
1.8,0.9,0.9,4.5,3.6,2.7
0.9,1.8,0.9,4.5,3.6,2.7
1.8,1.8,0.9,4.5,3.6,2.7
0.9,0.9,1.8,4.5,3.6,2.7
1.8,0.9,1.8,4.5,3.6,2.7
0.9,1.8,1.8,4.5,3.6,2.7
1.8,1.8,1.8,4.5,3.6,2.7
0.9,0.9,2.7,4.5,3.6,2.7
1.8,0.9,2.7,4.5,3.6,2.7
0.9,1.8,2.7,4.5,3.6,2.7
1.8,1.8,2.7,4.5,3.6,2.7
0.9,0.9,3.6,4.5,3.6,2.7
1.8,0.9,3.6,4.5,3.6,2.7
0.9,1.8,3.6,4.5,3.6,2.7
1.8,1.8,3.6,4.5,3.6,2.7
0.9,0.9,4.5,4.5,3.6,2.7
1.8,0.9,4.5,4.5,3.6,2.7
0.9,1.8,4.5,4.5,3.6,2.7
1.8,1.8,4.5,4.5,3.6,2.7
0.9,0.9,5.4,4.5,3.6,2.7
1.8,0.9,5.4,4.5,3.6,2.7
0.9,1.8,5.4,4.5,3.6,2.7
1.8,1.8,5.4,4.5,3.6,2.7
0.9,0.9,0.0,5.4,3.6,2.7
1.8,0.9,0.0,5.4,3.6,2.7
0.9,1.8,0.0,5.4,3.6,2.7
1.8,1.8,0.0,5.4,3.6,2.7
0.9,0.9,0.9,5.4,3.6,2.7
1.8,0.9,0.9,5.4,3.6,2.7
0.9,1.8,0.9,5.4,3.6,2.7
1.8,1.8,0.9,5.4,3.6,2.7
0.9,0.9,1.8,5.4,3.6,2.7
1.8,0.9,1.8,5.4,3.6,2.7
0.9,1.8,1.8,5.4,3.6,2.7
1.8,1.8,1.8,5.4,3.6,2.7
0.9,0.9,2.7,5.4,3.6,2.7
1.8,0.9,2.7,5.4,3.6,2.7
0.9,1.8,2.7,5.4,3.6,2.7
1.8,1.8,2.7,5.4,3.6,2.7
0.9,0.9,3.6,5.4,3.6,2.7
1.8,0.9,3.6,5.4,3.6,2.7
0.9,1.8,3.6,5.4,3.6,2.7
1.8,1.8,3.6,5.4,3.6,2.7
0.9,0.9,4.5,5.4,3.6,2.7
1.8,0.9,4.5,5.4,3.6,2.7
0.9,1.8,4.5,5.4,3.6,2.7
1.8,1.8,4.5,5.4,3.6,2.7
0.9,0.9,5.4,5.4,3.6,2.7
1.8,0.9,5.4,5.4,3.6,2.7
0.9,1.8,5.4,5.4,3.6,2.7
1.8,1.8,5.4,5.4,3.6,2.7
0.9,0.9,0.0,0.0,4.5,2.7
1.8,0.9,0.0,0.0,4.5,2.7
0.9,1.8,0.0,0.0,4.5,2.7
1.8,1.8,0.0,0.0,4.5,2.7
0.9,0.9,0.9,0.0,4.5,2.7
1.8,0.9,0.9,0.0,4.5,2.7
0.9,1.8,0.9,0.0,4.5,2.7
1.8,1.8,0.9,0.0,4.5,2.7
0.9,0.9,1.8,0.0,4.5,2.7
1.8,0.9,1.8,0.0,4.5,2.7
0.9,1.8,1.8,0.0,4.5,2.7
1.8,1.8,1.8,0.0,4.5,2.7
0.9,0.9,2.7,0.0,4.5,2.7
1.8,0.9,2.7,0.0,4.5,2.7
0.9,1.8,2.7,0.0,4.5,2.7
1.8,1.8,2.7,0.0,4.5,2.7
0.9,0.9,3.6,0.0,4.5,2.7
1.8,0.9,3.6,0.0,4.5,2.7
0.9,1.8,3.6,0.0,4.5,2.7
1.8,1.8,3.6,0.0,4.5,2.7
0.9,0.9,4.5,0.0,4.5,2.7
1.8,0.9,4.5,0.0,4.5,2.7
0.9,1.8,4.5,0.0,4.5,2.7
1.8,1.8,4.5,0.0,4.5,2.7
0.9,0.9,5.4,0.0,4.5,2.7
1.8,0.9,5.4,0.0,4.5,2.7
0.9,1.8,5.4,0.0,4.5,2.7
1.8,1.8,5.4,0.0,4.5,2.7
0.9,0.9,0.0,0.9,4.5,2.7
1.8,0.9,0.0,0.9,4.5,2.7
0.9,1.8,0.0,0.9,4.5,2.7
1.8,1.8,0.0,0.9,4.5,2.7
0.9,0.9,0.9,0.9,4.5,2.7
1.8,0.9,0.9,0.9,4.5,2.7
0.9,1.8,0.9,0.9,4.5,2.7
1.8,1.8,0.9,0.9,4.5,2.7
0.9,0.9,1.8,0.9,4.5,2.7
1.8,0.9,1.8,0.9,4.5,2.7
0.9,1.8,1.8,0.9,4.5,2.7
1.8,1.8,1.8,0.9,4.5,2.7
0.9,0.9,2.7,0.9,4.5,2.7
1.8,0.9,2.7,0.9,4.5,2.7
0.9,1.8,2.7,0.9,4.5,2.7
1.8,1.8,2.7,0.9,4.5,2.7
0.9,0.9,3.6,0.9,4.5,2.7
1.8,0.9,3.6,0.9,4.5,2.7
0.9,1.8,3.6,0.9,4.5,2.7
1.8,1.8,3.6,0.9,4.5,2.7
0.9,0.9,4.5,0.9,4.5,2.7
1.8,0.9,4.5,0.9,4.5,2.7
0.9,1.8,4.5,0.9,4.5,2.7
1.8,1.8,4.5,0.9,4.5,2.7
0.9,0.9,5.4,0.9,4.5,2.7
1.8,0.9,5.4,0.9,4.5,2.7
0.9,1.8,5.4,0.9,4.5,2.7
1.8,1.8,5.4,0.9,4.5,2.7
0.9,0.9,0.0,1.8,4.5,2.7
1.8,0.9,0.0,1.8,4.5,2.7
0.9,1.8,0.0,1.8,4.5,2.7
1.8,1.8,0.0,1.8,4.5,2.7
0.9,0.9,0.9,1.8,4.5,2.7
1.8,0.9,0.9,1.8,4.5,2.7
0.9,1.8,0.9,1.8,4.5,2.7
1.8,1.8,0.9,1.8,4.5,2.7
0.9,0.9,1.8,1.8,4.5,2.7
1.8,0.9,1.8,1.8,4.5,2.7
0.9,1.8,1.8,1.8,4.5,2.7
1.8,1.8,1.8,1.8,4.5,2.7
0.9,0.9,2.7,1.8,4.5,2.7
1.8,0.9,2.7,1.8,4.5,2.7
0.9,1.8,2.7,1.8,4.5,2.7
1.8,1.8,2.7,1.8,4.5,2.7
0.9,0.9,3.6,1.8,4.5,2.7
1.8,0.9,3.6,1.8,4.5,2.7
0.9,1.8,3.6,1.8,4.5,2.7
1.8,1.8,3.6,1.8,4.5,2.7
0.9,0.9,4.5,1.8,4.5,2.7
1.8,0.9,4.5,1.8,4.5,2.7
0.9,1.8,4.5,1.8,4.5,2.7
1.8,1.8,4.5,1.8,4.5,2.7
0.9,0.9,5.4,1.8,4.5,2.7
1.8,0.9,5.4,1.8,4.5,2.7
0.9,1.8,5.4,1.8,4.5,2.7
1.8,1.8,5.4,1.8,4.5,2.7
0.9,0.9,0.0,2.7,4.5,2.7
1.8,0.9,0.0,2.7,4.5,2.7
0.9,1.8,0.0,2.7,4.5,2.7
1.8,1.8,0.0,2.7,4.5,2.7
0.9,0.9,0.9,2.7,4.5,2.7
1.8,0.9,0.9,2.7,4.5,2.7
0.9,1.8,0.9,2.7,4.5,2.7
1.8,1.8,0.9,2.7,4.5,2.7
0.9,0.9,1.8,2.7,4.5,2.7
1.8,0.9,1.8,2.7,4.5,2.7
0.9,1.8,1.8,2.7,4.5,2.7
1.8,1.8,1.8,2.7,4.5,2.7
0.9,0.9,2.7,2.7,4.5,2.7
1.8,0.9,2.7,2.7,4.5,2.7
0.9,1.8,2.7,2.7,4.5,2.7
1.8,1.8,2.7,2.7,4.5,2.7
0.9,0.9,3.6,2.7,4.5,2.7
1.8,0.9,3.6,2.7,4.5,2.7
0.9,1.8,3.6,2.7,4.5,2.7
1.8,1.8,3.6,2.7,4.5,2.7
0.9,0.9,4.5,2.7,4.5,2.7
1.8,0.9,4.5,2.7,4.5,2.7
0.9,1.8,4.5,2.7,4.5,2.7
1.8,1.8,4.5,2.7,4.5,2.7
0.9,0.9,5.4,2.7,4.5,2.7
1.8,0.9,5.4,2.7,4.5,2.7
0.9,1.8,5.4,2.7,4.5,2.7
1.8,1.8,5.4,2.7,4.5,2.7
0.9,0.9,0.0,3.6,4.5,2.7
1.8,0.9,0.0,3.6,4.5,2.7
0.9,1.8,0.0,3.6,4.5,2.7
1.8,1.8,0.0,3.6,4.5,2.7
0.9,0.9,0.9,3.6,4.5,2.7
1.8,0.9,0.9,3.6,4.5,2.7
0.9,1.8,0.9,3.6,4.5,2.7
1.8,1.8,0.9,3.6,4.5,2.7
0.9,0.9,1.8,3.6,4.5,2.7
1.8,0.9,1.8,3.6,4.5,2.7
0.9,1.8,1.8,3.6,4.5,2.7
1.8,1.8,1.8,3.6,4.5,2.7
0.9,0.9,2.7,3.6,4.5,2.7
1.8,0.9,2.7,3.6,4.5,2.7
0.9,1.8,2.7,3.6,4.5,2.7
1.8,1.8,2.7,3.6,4.5,2.7
0.9,0.9,3.6,3.6,4.5,2.7
1.8,0.9,3.6,3.6,4.5,2.7
0.9,1.8,3.6,3.6,4.5,2.7
1.8,1.8,3.6,3.6,4.5,2.7
0.9,0.9,4.5,3.6,4.5,2.7
1.8,0.9,4.5,3.6,4.5,2.7
0.9,1.8,4.5,3.6,4.5,2.7
1.8,1.8,4.5,3.6,4.5,2.7
0.9,0.9,5.4,3.6,4.5,2.7
1.8,0.9,5.4,3.6,4.5,2.7
0.9,1.8,5.4,3.6,4.5,2.7
1.8,1.8,5.4,3.6,4.5,2.7
0.9,0.9,0.0,4.5,4.5,2.7
1.8,0.9,0.0,4.5,4.5,2.7
0.9,1.8,0.0,4.5,4.5,2.7
1.8,1.8,0.0,4.5,4.5,2.7
0.9,0.9,0.9,4.5,4.5,2.7
1.8,0.9,0.9,4.5,4.5,2.7
0.9,1.8,0.9,4.5,4.5,2.7
1.8,1.8,0.9,4.5,4.5,2.7
0.9,0.9,1.8,4.5,4.5,2.7
1.8,0.9,1.8,4.5,4.5,2.7
0.9,1.8,1.8,4.5,4.5,2.7
1.8,1.8,1.8,4.5,4.5,2.7
0.9,0.9,2.7,4.5,4.5,2.7
1.8,0.9,2.7,4.5,4.5,2.7
0.9,1.8,2.7,4.5,4.5,2.7
1.8,1.8,2.7,4.5,4.5,2.7
0.9,0.9,3.6,4.5,4.5,2.7
1.8,0.9,3.6,4.5,4.5,2.7
0.9,1.8,3.6,4.5,4.5,2.7
1.8,1.8,3.6,4.5,4.5,2.7
0.9,0.9,4.5,4.5,4.5,2.7
1.8,0.9,4.5,4.5,4.5,2.7
0.9,1.8,4.5,4.5,4.5,2.7
1.8,1.8,4.5,4.5,4.5,2.7
0.9,0.9,5.4,4.5,4.5,2.7
1.8,0.9,5.4,4.5,4.5,2.7
0.9,1.8,5.4,4.5,4.5,2.7
1.8,1.8,5.4,4.5,4.5,2.7
0.9,0.9,0.0,5.4,4.5,2.7
1.8,0.9,0.0,5.4,4.5,2.7
0.9,1.8,0.0,5.4,4.5,2.7
1.8,1.8,0.0,5.4,4.5,2.7
0.9,0.9,0.9,5.4,4.5,2.7
1.8,0.9,0.9,5.4,4.5,2.7
0.9,1.8,0.9,5.4,4.5,2.7
1.8,1.8,0.9,5.4,4.5,2.7
0.9,0.9,1.8,5.4,4.5,2.7
1.8,0.9,1.8,5.4,4.5,2.7
0.9,1.8,1.8,5.4,4.5,2.7
1.8,1.8,1.8,5.4,4.5,2.7
0.9,0.9,2.7,5.4,4.5,2.7
1.8,0.9,2.7,5.4,4.5,2.7
0.9,1.8,2.7,5.4,4.5,2.7
1.8,1.8,2.7,5.4,4.5,2.7
0.9,0.9,3.6,5.4,4.5,2.7
1.8,0.9,3.6,5.4,4.5,2.7
0.9,1.8,3.6,5.4,4.5,2.7
1.8,1.8,3.6,5.4,4.5,2.7
0.9,0.9,4.5,5.4,4.5,2.7
1.8,0.9,4.5,5.4,4.5,2.7
0.9,1.8,4.5,5.4,4.5,2.7
1.8,1.8,4.5,5.4,4.5,2.7
0.9,0.9,5.4,5.4,4.5,2.7
1.8,0.9,5.4,5.4,4.5,2.7
0.9,1.8,5.4,5.4,4.5,2.7
1.8,1.8,5.4,5.4,4.5,2.7
0.9,0.9,0.0,0.0,5.4,2.7
1.8,0.9,0.0,0.0,5.4,2.7
0.9,1.8,0.0,0.0,5.4,2.7
1.8,1.8,0.0,0.0,5.4,2.7
0.9,0.9,0.9,0.0,5.4,2.7
1.8,0.9,0.9,0.0,5.4,2.7
0.9,1.8,0.9,0.0,5.4,2.7
1.8,1.8,0.9,0.0,5.4,2.7
0.9,0.9,1.8,0.0,5.4,2.7
1.8,0.9,1.8,0.0,5.4,2.7
0.9,1.8,1.8,0.0,5.4,2.7
1.8,1.8,1.8,0.0,5.4,2.7
0.9,0.9,2.7,0.0,5.4,2.7
1.8,0.9,2.7,0.0,5.4,2.7
0.9,1.8,2.7,0.0,5.4,2.7
1.8,1.8,2.7,0.0,5.4,2.7
0.9,0.9,3.6,0.0,5.4,2.7
1.8,0.9,3.6,0.0,5.4,2.7
0.9,1.8,3.6,0.0,5.4,2.7
1.8,1.8,3.6,0.0,5.4,2.7
0.9,0.9,4.5,0.0,5.4,2.7
1.8,0.9,4.5,0.0,5.4,2.7
0.9,1.8,4.5,0.0,5.4,2.7
1.8,1.8,4.5,0.0,5.4,2.7
0.9,0.9,5.4,0.0,5.4,2.7
1.8,0.9,5.4,0.0,5.4,2.7
0.9,1.8,5.4,0.0,5.4,2.7
1.8,1.8,5.4,0.0,5.4,2.7
0.9,0.9,0.0,0.9,5.4,2.7
1.8,0.9,0.0,0.9,5.4,2.7
0.9,1.8,0.0,0.9,5.4,2.7
1.8,1.8,0.0,0.9,5.4,2.7
0.9,0.9,0.9,0.9,5.4,2.7
1.8,0.9,0.9,0.9,5.4,2.7
0.9,1.8,0.9,0.9,5.4,2.7
1.8,1.8,0.9,0.9,5.4,2.7
0.9,0.9,1.8,0.9,5.4,2.7
1.8,0.9,1.8,0.9,5.4,2.7
0.9,1.8,1.8,0.9,5.4,2.7
1.8,1.8,1.8,0.9,5.4,2.7
0.9,0.9,2.7,0.9,5.4,2.7
1.8,0.9,2.7,0.9,5.4,2.7
0.9,1.8,2.7,0.9,5.4,2.7
1.8,1.8,2.7,0.9,5.4,2.7
0.9,0.9,3.6,0.9,5.4,2.7
1.8,0.9,3.6,0.9,5.4,2.7
0.9,1.8,3.6,0.9,5.4,2.7
1.8,1.8,3.6,0.9,5.4,2.7
0.9,0.9,4.5,0.9,5.4,2.7
1.8,0.9,4.5,0.9,5.4,2.7
0.9,1.8,4.5,0.9,5.4,2.7
1.8,1.8,4.5,0.9,5.4,2.7
0.9,0.9,5.4,0.9,5.4,2.7
1.8,0.9,5.4,0.9,5.4,2.7
0.9,1.8,5.4,0.9,5.4,2.7
1.8,1.8,5.4,0.9,5.4,2.7
0.9,0.9,0.0,1.8,5.4,2.7
1.8,0.9,0.0,1.8,5.4,2.7
0.9,1.8,0.0,1.8,5.4,2.7
1.8,1.8,0.0,1.8,5.4,2.7
0.9,0.9,0.9,1.8,5.4,2.7
1.8,0.9,0.9,1.8,5.4,2.7
0.9,1.8,0.9,1.8,5.4,2.7
1.8,1.8,0.9,1.8,5.4,2.7
0.9,0.9,1.8,1.8,5.4,2.7
1.8,0.9,1.8,1.8,5.4,2.7
0.9,1.8,1.8,1.8,5.4,2.7
1.8,1.8,1.8,1.8,5.4,2.7
0.9,0.9,2.7,1.8,5.4,2.7
1.8,0.9,2.7,1.8,5.4,2.7
0.9,1.8,2.7,1.8,5.4,2.7
1.8,1.8,2.7,1.8,5.4,2.7
0.9,0.9,3.6,1.8,5.4,2.7
1.8,0.9,3.6,1.8,5.4,2.7
0.9,1.8,3.6,1.8,5.4,2.7
1.8,1.8,3.6,1.8,5.4,2.7
0.9,0.9,4.5,1.8,5.4,2.7
1.8,0.9,4.5,1.8,5.4,2.7
0.9,1.8,4.5,1.8,5.4,2.7
1.8,1.8,4.5,1.8,5.4,2.7
0.9,0.9,5.4,1.8,5.4,2.7
1.8,0.9,5.4,1.8,5.4,2.7
0.9,1.8,5.4,1.8,5.4,2.7
1.8,1.8,5.4,1.8,5.4,2.7
0.9,0.9,0.0,2.7,5.4,2.7
1.8,0.9,0.0,2.7,5.4,2.7
0.9,1.8,0.0,2.7,5.4,2.7
1.8,1.8,0.0,2.7,5.4,2.7
0.9,0.9,0.9,2.7,5.4,2.7
1.8,0.9,0.9,2.7,5.4,2.7
0.9,1.8,0.9,2.7,5.4,2.7
1.8,1.8,0.9,2.7,5.4,2.7
0.9,0.9,1.8,2.7,5.4,2.7
1.8,0.9,1.8,2.7,5.4,2.7
0.9,1.8,1.8,2.7,5.4,2.7
1.8,1.8,1.8,2.7,5.4,2.7
0.9,0.9,2.7,2.7,5.4,2.7
1.8,0.9,2.7,2.7,5.4,2.7
0.9,1.8,2.7,2.7,5.4,2.7
1.8,1.8,2.7,2.7,5.4,2.7
0.9,0.9,3.6,2.7,5.4,2.7
1.8,0.9,3.6,2.7,5.4,2.7
0.9,1.8,3.6,2.7,5.4,2.7
1.8,1.8,3.6,2.7,5.4,2.7
0.9,0.9,4.5,2.7,5.4,2.7
1.8,0.9,4.5,2.7,5.4,2.7
0.9,1.8,4.5,2.7,5.4,2.7
1.8,1.8,4.5,2.7,5.4,2.7
0.9,0.9,5.4,2.7,5.4,2.7
1.8,0.9,5.4,2.7,5.4,2.7
0.9,1.8,5.4,2.7,5.4,2.7
1.8,1.8,5.4,2.7,5.4,2.7
0.9,0.9,0.0,3.6,5.4,2.7
1.8,0.9,0.0,3.6,5.4,2.7
0.9,1.8,0.0,3.6,5.4,2.7
1.8,1.8,0.0,3.6,5.4,2.7
0.9,0.9,0.9,3.6,5.4,2.7
1.8,0.9,0.9,3.6,5.4,2.7
0.9,1.8,0.9,3.6,5.4,2.7
1.8,1.8,0.9,3.6,5.4,2.7
0.9,0.9,1.8,3.6,5.4,2.7
1.8,0.9,1.8,3.6,5.4,2.7
0.9,1.8,1.8,3.6,5.4,2.7
1.8,1.8,1.8,3.6,5.4,2.7
0.9,0.9,2.7,3.6,5.4,2.7
1.8,0.9,2.7,3.6,5.4,2.7
0.9,1.8,2.7,3.6,5.4,2.7
1.8,1.8,2.7,3.6,5.4,2.7
0.9,0.9,3.6,3.6,5.4,2.7
1.8,0.9,3.6,3.6,5.4,2.7
0.9,1.8,3.6,3.6,5.4,2.7
1.8,1.8,3.6,3.6,5.4,2.7
0.9,0.9,4.5,3.6,5.4,2.7
1.8,0.9,4.5,3.6,5.4,2.7
0.9,1.8,4.5,3.6,5.4,2.7
1.8,1.8,4.5,3.6,5.4,2.7
0.9,0.9,5.4,3.6,5.4,2.7
1.8,0.9,5.4,3.6,5.4,2.7
0.9,1.8,5.4,3.6,5.4,2.7
1.8,1.8,5.4,3.6,5.4,2.7
0.9,0.9,0.0,4.5,5.4,2.7
1.8,0.9,0.0,4.5,5.4,2.7
0.9,1.8,0.0,4.5,5.4,2.7
1.8,1.8,0.0,4.5,5.4,2.7
0.9,0.9,0.9,4.5,5.4,2.7
1.8,0.9,0.9,4.5,5.4,2.7
0.9,1.8,0.9,4.5,5.4,2.7
1.8,1.8,0.9,4.5,5.4,2.7
0.9,0.9,1.8,4.5,5.4,2.7
1.8,0.9,1.8,4.5,5.4,2.7
0.9,1.8,1.8,4.5,5.4,2.7
1.8,1.8,1.8,4.5,5.4,2.7
0.9,0.9,2.7,4.5,5.4,2.7
1.8,0.9,2.7,4.5,5.4,2.7
0.9,1.8,2.7,4.5,5.4,2.7
1.8,1.8,2.7,4.5,5.4,2.7
0.9,0.9,3.6,4.5,5.4,2.7
1.8,0.9,3.6,4.5,5.4,2.7
0.9,1.8,3.6,4.5,5.4,2.7
1.8,1.8,3.6,4.5,5.4,2.7
0.9,0.9,4.5,4.5,5.4,2.7
1.8,0.9,4.5,4.5,5.4,2.7
0.9,1.8,4.5,4.5,5.4,2.7
1.8,1.8,4.5,4.5,5.4,2.7
0.9,0.9,5.4,4.5,5.4,2.7
1.8,0.9,5.4,4.5,5.4,2.7
0.9,1.8,5.4,4.5,5.4,2.7
1.8,1.8,5.4,4.5,5.4,2.7
0.9,0.9,0.0,5.4,5.4,2.7
1.8,0.9,0.0,5.4,5.4,2.7
0.9,1.8,0.0,5.4,5.4,2.7
1.8,1.8,0.0,5.4,5.4,2.7
0.9,0.9,0.9,5.4,5.4,2.7
1.8,0.9,0.9,5.4,5.4,2.7
0.9,1.8,0.9,5.4,5.4,2.7
1.8,1.8,0.9,5.4,5.4,2.7
0.9,0.9,1.8,5.4,5.4,2.7
1.8,0.9,1.8,5.4,5.4,2.7
0.9,1.8,1.8,5.4,5.4,2.7
1.8,1.8,1.8,5.4,5.4,2.7
0.9,0.9,2.7,5.4,5.4,2.7
1.8,0.9,2.7,5.4,5.4,2.7
0.9,1.8,2.7,5.4,5.4,2.7
1.8,1.8,2.7,5.4,5.4,2.7
0.9,0.9,3.6,5.4,5.4,2.7
1.8,0.9,3.6,5.4,5.4,2.7
0.9,1.8,3.6,5.4,5.4,2.7
1.8,1.8,3.6,5.4,5.4,2.7
0.9,0.9,4.5,5.4,5.4,2.7
1.8,0.9,4.5,5.4,5.4,2.7
0.9,1.8,4.5,5.4,5.4,2.7
1.8,1.8,4.5,5.4,5.4,2.7
0.9,0.9,5.4,5.4,5.4,2.7
1.8,0.9,5.4,5.4,5.4,2.7
0.9,1.8,5.4,5.4,5.4,2.7
1.8,1.8,5.4,5.4,5.4,2.7
0.9,0.9,0.0,0.0,0.0,3.6
1.8,0.9,0.0,0.0,0.0,3.6
0.9,1.8,0.0,0.0,0.0,3.6
1.8,1.8,0.0,0.0,0.0,3.6
0.9,0.9,0.9,0.0,0.0,3.6
1.8,0.9,0.9,0.0,0.0,3.6
0.9,1.8,0.9,0.0,0.0,3.6
1.8,1.8,0.9,0.0,0.0,3.6
0.9,0.9,1.8,0.0,0.0,3.6
1.8,0.9,1.8,0.0,0.0,3.6
0.9,1.8,1.8,0.0,0.0,3.6
1.8,1.8,1.8,0.0,0.0,3.6
0.9,0.9,2.7,0.0,0.0,3.6
1.8,0.9,2.7,0.0,0.0,3.6
0.9,1.8,2.7,0.0,0.0,3.6
1.8,1.8,2.7,0.0,0.0,3.6
0.9,0.9,3.6,0.0,0.0,3.6
1.8,0.9,3.6,0.0,0.0,3.6
0.9,1.8,3.6,0.0,0.0,3.6
1.8,1.8,3.6,0.0,0.0,3.6
0.9,0.9,4.5,0.0,0.0,3.6
1.8,0.9,4.5,0.0,0.0,3.6
0.9,1.8,4.5,0.0,0.0,3.6
1.8,1.8,4.5,0.0,0.0,3.6
0.9,0.9,5.4,0.0,0.0,3.6
1.8,0.9,5.4,0.0,0.0,3.6
0.9,1.8,5.4,0.0,0.0,3.6
1.8,1.8,5.4,0.0,0.0,3.6
0.9,0.9,0.0,0.9,0.0,3.6
1.8,0.9,0.0,0.9,0.0,3.6
0.9,1.8,0.0,0.9,0.0,3.6
1.8,1.8,0.0,0.9,0.0,3.6
0.9,0.9,0.9,0.9,0.0,3.6
1.8,0.9,0.9,0.9,0.0,3.6
0.9,1.8,0.9,0.9,0.0,3.6
1.8,1.8,0.9,0.9,0.0,3.6
0.9,0.9,1.8,0.9,0.0,3.6
1.8,0.9,1.8,0.9,0.0,3.6
0.9,1.8,1.8,0.9,0.0,3.6
1.8,1.8,1.8,0.9,0.0,3.6
0.9,0.9,2.7,0.9,0.0,3.6
1.8,0.9,2.7,0.9,0.0,3.6
0.9,1.8,2.7,0.9,0.0,3.6
1.8,1.8,2.7,0.9,0.0,3.6
0.9,0.9,3.6,0.9,0.0,3.6
1.8,0.9,3.6,0.9,0.0,3.6
0.9,1.8,3.6,0.9,0.0,3.6
1.8,1.8,3.6,0.9,0.0,3.6
0.9,0.9,4.5,0.9,0.0,3.6
1.8,0.9,4.5,0.9,0.0,3.6
0.9,1.8,4.5,0.9,0.0,3.6
1.8,1.8,4.5,0.9,0.0,3.6
0.9,0.9,5.4,0.9,0.0,3.6
1.8,0.9,5.4,0.9,0.0,3.6
0.9,1.8,5.4,0.9,0.0,3.6
1.8,1.8,5.4,0.9,0.0,3.6
0.9,0.9,0.0,1.8,0.0,3.6
1.8,0.9,0.0,1.8,0.0,3.6
0.9,1.8,0.0,1.8,0.0,3.6
1.8,1.8,0.0,1.8,0.0,3.6
0.9,0.9,0.9,1.8,0.0,3.6
1.8,0.9,0.9,1.8,0.0,3.6
0.9,1.8,0.9,1.8,0.0,3.6
1.8,1.8,0.9,1.8,0.0,3.6
0.9,0.9,1.8,1.8,0.0,3.6
1.8,0.9,1.8,1.8,0.0,3.6
0.9,1.8,1.8,1.8,0.0,3.6
1.8,1.8,1.8,1.8,0.0,3.6
0.9,0.9,2.7,1.8,0.0,3.6
1.8,0.9,2.7,1.8,0.0,3.6
0.9,1.8,2.7,1.8,0.0,3.6
1.8,1.8,2.7,1.8,0.0,3.6
0.9,0.9,3.6,1.8,0.0,3.6
1.8,0.9,3.6,1.8,0.0,3.6
0.9,1.8,3.6,1.8,0.0,3.6
1.8,1.8,3.6,1.8,0.0,3.6
0.9,0.9,4.5,1.8,0.0,3.6
1.8,0.9,4.5,1.8,0.0,3.6
0.9,1.8,4.5,1.8,0.0,3.6
1.8,1.8,4.5,1.8,0.0,3.6
0.9,0.9,5.4,1.8,0.0,3.6
1.8,0.9,5.4,1.8,0.0,3.6
0.9,1.8,5.4,1.8,0.0,3.6
1.8,1.8,5.4,1.8,0.0,3.6
0.9,0.9,0.0,2.7,0.0,3.6
1.8,0.9,0.0,2.7,0.0,3.6
0.9,1.8,0.0,2.7,0.0,3.6
1.8,1.8,0.0,2.7,0.0,3.6
0.9,0.9,0.9,2.7,0.0,3.6
1.8,0.9,0.9,2.7,0.0,3.6
0.9,1.8,0.9,2.7,0.0,3.6
1.8,1.8,0.9,2.7,0.0,3.6
0.9,0.9,1.8,2.7,0.0,3.6
1.8,0.9,1.8,2.7,0.0,3.6
0.9,1.8,1.8,2.7,0.0,3.6
1.8,1.8,1.8,2.7,0.0,3.6
0.9,0.9,2.7,2.7,0.0,3.6
1.8,0.9,2.7,2.7,0.0,3.6
0.9,1.8,2.7,2.7,0.0,3.6
1.8,1.8,2.7,2.7,0.0,3.6
0.9,0.9,3.6,2.7,0.0,3.6
1.8,0.9,3.6,2.7,0.0,3.6
0.9,1.8,3.6,2.7,0.0,3.6
1.8,1.8,3.6,2.7,0.0,3.6
0.9,0.9,4.5,2.7,0.0,3.6
1.8,0.9,4.5,2.7,0.0,3.6
0.9,1.8,4.5,2.7,0.0,3.6
1.8,1.8,4.5,2.7,0.0,3.6
0.9,0.9,5.4,2.7,0.0,3.6
1.8,0.9,5.4,2.7,0.0,3.6
0.9,1.8,5.4,2.7,0.0,3.6
1.8,1.8,5.4,2.7,0.0,3.6
0.9,0.9,0.0,3.6,0.0,3.6
1.8,0.9,0.0,3.6,0.0,3.6
0.9,1.8,0.0,3.6,0.0,3.6
1.8,1.8,0.0,3.6,0.0,3.6
0.9,0.9,0.9,3.6,0.0,3.6
1.8,0.9,0.9,3.6,0.0,3.6
0.9,1.8,0.9,3.6,0.0,3.6
1.8,1.8,0.9,3.6,0.0,3.6
0.9,0.9,1.8,3.6,0.0,3.6
1.8,0.9,1.8,3.6,0.0,3.6
0.9,1.8,1.8,3.6,0.0,3.6
1.8,1.8,1.8,3.6,0.0,3.6
0.9,0.9,2.7,3.6,0.0,3.6
1.8,0.9,2.7,3.6,0.0,3.6
0.9,1.8,2.7,3.6,0.0,3.6
1.8,1.8,2.7,3.6,0.0,3.6
0.9,0.9,3.6,3.6,0.0,3.6
1.8,0.9,3.6,3.6,0.0,3.6
0.9,1.8,3.6,3.6,0.0,3.6
1.8,1.8,3.6,3.6,0.0,3.6
0.9,0.9,4.5,3.6,0.0,3.6
1.8,0.9,4.5,3.6,0.0,3.6
0.9,1.8,4.5,3.6,0.0,3.6
1.8,1.8,4.5,3.6,0.0,3.6
0.9,0.9,5.4,3.6,0.0,3.6
1.8,0.9,5.4,3.6,0.0,3.6
0.9,1.8,5.4,3.6,0.0,3.6
1.8,1.8,5.4,3.6,0.0,3.6
0.9,0.9,0.0,4.5,0.0,3.6
1.8,0.9,0.0,4.5,0.0,3.6
0.9,1.8,0.0,4.5,0.0,3.6
1.8,1.8,0.0,4.5,0.0,3.6
0.9,0.9,0.9,4.5,0.0,3.6
1.8,0.9,0.9,4.5,0.0,3.6
0.9,1.8,0.9,4.5,0.0,3.6
1.8,1.8,0.9,4.5,0.0,3.6
0.9,0.9,1.8,4.5,0.0,3.6
1.8,0.9,1.8,4.5,0.0,3.6
0.9,1.8,1.8,4.5,0.0,3.6
1.8,1.8,1.8,4.5,0.0,3.6
0.9,0.9,2.7,4.5,0.0,3.6
1.8,0.9,2.7,4.5,0.0,3.6
0.9,1.8,2.7,4.5,0.0,3.6
1.8,1.8,2.7,4.5,0.0,3.6
0.9,0.9,3.6,4.5,0.0,3.6
1.8,0.9,3.6,4.5,0.0,3.6
0.9,1.8,3.6,4.5,0.0,3.6
1.8,1.8,3.6,4.5,0.0,3.6
0.9,0.9,4.5,4.5,0.0,3.6
1.8,0.9,4.5,4.5,0.0,3.6
0.9,1.8,4.5,4.5,0.0,3.6
1.8,1.8,4.5,4.5,0.0,3.6
0.9,0.9,5.4,4.5,0.0,3.6
1.8,0.9,5.4,4.5,0.0,3.6
0.9,1.8,5.4,4.5,0.0,3.6
1.8,1.8,5.4,4.5,0.0,3.6
0.9,0.9,0.0,5.4,0.0,3.6
1.8,0.9,0.0,5.4,0.0,3.6
0.9,1.8,0.0,5.4,0.0,3.6
1.8,1.8,0.0,5.4,0.0,3.6
0.9,0.9,0.9,5.4,0.0,3.6
1.8,0.9,0.9,5.4,0.0,3.6
0.9,1.8,0.9,5.4,0.0,3.6
1.8,1.8,0.9,5.4,0.0,3.6
0.9,0.9,1.8,5.4,0.0,3.6
1.8,0.9,1.8,5.4,0.0,3.6
0.9,1.8,1.8,5.4,0.0,3.6
1.8,1.8,1.8,5.4,0.0,3.6
0.9,0.9,2.7,5.4,0.0,3.6
1.8,0.9,2.7,5.4,0.0,3.6
0.9,1.8,2.7,5.4,0.0,3.6
1.8,1.8,2.7,5.4,0.0,3.6
0.9,0.9,3.6,5.4,0.0,3.6
1.8,0.9,3.6,5.4,0.0,3.6
0.9,1.8,3.6,5.4,0.0,3.6
1.8,1.8,3.6,5.4,0.0,3.6
0.9,0.9,4.5,5.4,0.0,3.6
1.8,0.9,4.5,5.4,0.0,3.6
0.9,1.8,4.5,5.4,0.0,3.6
1.8,1.8,4.5,5.4,0.0,3.6
0.9,0.9,5.4,5.4,0.0,3.6
1.8,0.9,5.4,5.4,0.0,3.6
0.9,1.8,5.4,5.4,0.0,3.6
1.8,1.8,5.4,5.4,0.0,3.6
0.9,0.9,0.0,0.0,0.9,3.6
1.8,0.9,0.0,0.0,0.9,3.6
0.9,1.8,0.0,0.0,0.9,3.6
1.8,1.8,0.0,0.0,0.9,3.6
0.9,0.9,0.9,0.0,0.9,3.6
1.8,0.9,0.9,0.0,0.9,3.6
0.9,1.8,0.9,0.0,0.9,3.6
1.8,1.8,0.9,0.0,0.9,3.6
0.9,0.9,1.8,0.0,0.9,3.6
1.8,0.9,1.8,0.0,0.9,3.6
0.9,1.8,1.8,0.0,0.9,3.6
1.8,1.8,1.8,0.0,0.9,3.6
0.9,0.9,2.7,0.0,0.9,3.6
1.8,0.9,2.7,0.0,0.9,3.6
0.9,1.8,2.7,0.0,0.9,3.6
1.8,1.8,2.7,0.0,0.9,3.6
0.9,0.9,3.6,0.0,0.9,3.6
1.8,0.9,3.6,0.0,0.9,3.6
0.9,1.8,3.6,0.0,0.9,3.6
1.8,1.8,3.6,0.0,0.9,3.6
0.9,0.9,4.5,0.0,0.9,3.6
1.8,0.9,4.5,0.0,0.9,3.6
0.9,1.8,4.5,0.0,0.9,3.6
1.8,1.8,4.5,0.0,0.9,3.6
0.9,0.9,5.4,0.0,0.9,3.6
1.8,0.9,5.4,0.0,0.9,3.6
0.9,1.8,5.4,0.0,0.9,3.6
1.8,1.8,5.4,0.0,0.9,3.6
0.9,0.9,0.0,0.9,0.9,3.6
1.8,0.9,0.0,0.9,0.9,3.6
0.9,1.8,0.0,0.9,0.9,3.6
1.8,1.8,0.0,0.9,0.9,3.6
0.9,0.9,0.9,0.9,0.9,3.6
1.8,0.9,0.9,0.9,0.9,3.6
0.9,1.8,0.9,0.9,0.9,3.6
1.8,1.8,0.9,0.9,0.9,3.6
0.9,0.9,1.8,0.9,0.9,3.6
1.8,0.9,1.8,0.9,0.9,3.6
0.9,1.8,1.8,0.9,0.9,3.6
1.8,1.8,1.8,0.9,0.9,3.6
0.9,0.9,2.7,0.9,0.9,3.6
1.8,0.9,2.7,0.9,0.9,3.6
0.9,1.8,2.7,0.9,0.9,3.6
1.8,1.8,2.7,0.9,0.9,3.6
0.9,0.9,3.6,0.9,0.9,3.6
1.8,0.9,3.6,0.9,0.9,3.6
0.9,1.8,3.6,0.9,0.9,3.6
1.8,1.8,3.6,0.9,0.9,3.6
0.9,0.9,4.5,0.9,0.9,3.6
1.8,0.9,4.5,0.9,0.9,3.6
0.9,1.8,4.5,0.9,0.9,3.6
1.8,1.8,4.5,0.9,0.9,3.6
0.9,0.9,5.4,0.9,0.9,3.6
1.8,0.9,5.4,0.9,0.9,3.6
0.9,1.8,5.4,0.9,0.9,3.6
1.8,1.8,5.4,0.9,0.9,3.6
0.9,0.9,0.0,1.8,0.9,3.6
1.8,0.9,0.0,1.8,0.9,3.6
0.9,1.8,0.0,1.8,0.9,3.6
1.8,1.8,0.0,1.8,0.9,3.6
0.9,0.9,0.9,1.8,0.9,3.6
1.8,0.9,0.9,1.8,0.9,3.6
0.9,1.8,0.9,1.8,0.9,3.6
1.8,1.8,0.9,1.8,0.9,3.6
0.9,0.9,1.8,1.8,0.9,3.6
1.8,0.9,1.8,1.8,0.9,3.6
0.9,1.8,1.8,1.8,0.9,3.6
1.8,1.8,1.8,1.8,0.9,3.6
0.9,0.9,2.7,1.8,0.9,3.6
1.8,0.9,2.7,1.8,0.9,3.6
0.9,1.8,2.7,1.8,0.9,3.6
1.8,1.8,2.7,1.8,0.9,3.6
0.9,0.9,3.6,1.8,0.9,3.6
1.8,0.9,3.6,1.8,0.9,3.6
0.9,1.8,3.6,1.8,0.9,3.6
1.8,1.8,3.6,1.8,0.9,3.6
0.9,0.9,4.5,1.8,0.9,3.6
1.8,0.9,4.5,1.8,0.9,3.6
0.9,1.8,4.5,1.8,0.9,3.6
1.8,1.8,4.5,1.8,0.9,3.6
0.9,0.9,5.4,1.8,0.9,3.6
1.8,0.9,5.4,1.8,0.9,3.6
0.9,1.8,5.4,1.8,0.9,3.6
1.8,1.8,5.4,1.8,0.9,3.6
0.9,0.9,0.0,2.7,0.9,3.6
1.8,0.9,0.0,2.7,0.9,3.6
0.9,1.8,0.0,2.7,0.9,3.6
1.8,1.8,0.0,2.7,0.9,3.6
0.9,0.9,0.9,2.7,0.9,3.6
1.8,0.9,0.9,2.7,0.9,3.6
0.9,1.8,0.9,2.7,0.9,3.6
1.8,1.8,0.9,2.7,0.9,3.6
0.9,0.9,1.8,2.7,0.9,3.6
1.8,0.9,1.8,2.7,0.9,3.6
0.9,1.8,1.8,2.7,0.9,3.6
1.8,1.8,1.8,2.7,0.9,3.6
0.9,0.9,2.7,2.7,0.9,3.6
1.8,0.9,2.7,2.7,0.9,3.6
0.9,1.8,2.7,2.7,0.9,3.6
1.8,1.8,2.7,2.7,0.9,3.6
0.9,0.9,3.6,2.7,0.9,3.6
1.8,0.9,3.6,2.7,0.9,3.6
0.9,1.8,3.6,2.7,0.9,3.6
1.8,1.8,3.6,2.7,0.9,3.6
0.9,0.9,4.5,2.7,0.9,3.6
1.8,0.9,4.5,2.7,0.9,3.6
0.9,1.8,4.5,2.7,0.9,3.6
1.8,1.8,4.5,2.7,0.9,3.6
0.9,0.9,5.4,2.7,0.9,3.6
1.8,0.9,5.4,2.7,0.9,3.6
0.9,1.8,5.4,2.7,0.9,3.6
1.8,1.8,5.4,2.7,0.9,3.6
0.9,0.9,0.0,3.6,0.9,3.6
1.8,0.9,0.0,3.6,0.9,3.6
0.9,1.8,0.0,3.6,0.9,3.6
1.8,1.8,0.0,3.6,0.9,3.6
0.9,0.9,0.9,3.6,0.9,3.6
1.8,0.9,0.9,3.6,0.9,3.6
0.9,1.8,0.9,3.6,0.9,3.6
1.8,1.8,0.9,3.6,0.9,3.6
0.9,0.9,1.8,3.6,0.9,3.6
1.8,0.9,1.8,3.6,0.9,3.6
0.9,1.8,1.8,3.6,0.9,3.6
1.8,1.8,1.8,3.6,0.9,3.6
0.9,0.9,2.7,3.6,0.9,3.6
1.8,0.9,2.7,3.6,0.9,3.6
0.9,1.8,2.7,3.6,0.9,3.6
1.8,1.8,2.7,3.6,0.9,3.6
0.9,0.9,3.6,3.6,0.9,3.6
1.8,0.9,3.6,3.6,0.9,3.6
0.9,1.8,3.6,3.6,0.9,3.6
1.8,1.8,3.6,3.6,0.9,3.6
0.9,0.9,4.5,3.6,0.9,3.6
1.8,0.9,4.5,3.6,0.9,3.6
0.9,1.8,4.5,3.6,0.9,3.6
1.8,1.8,4.5,3.6,0.9,3.6
0.9,0.9,5.4,3.6,0.9,3.6
1.8,0.9,5.4,3.6,0.9,3.6
0.9,1.8,5.4,3.6,0.9,3.6
1.8,1.8,5.4,3.6,0.9,3.6
0.9,0.9,0.0,4.5,0.9,3.6
1.8,0.9,0.0,4.5,0.9,3.6
0.9,1.8,0.0,4.5,0.9,3.6
1.8,1.8,0.0,4.5,0.9,3.6
0.9,0.9,0.9,4.5,0.9,3.6
1.8,0.9,0.9,4.5,0.9,3.6
0.9,1.8,0.9,4.5,0.9,3.6
1.8,1.8,0.9,4.5,0.9,3.6
0.9,0.9,1.8,4.5,0.9,3.6
1.8,0.9,1.8,4.5,0.9,3.6
0.9,1.8,1.8,4.5,0.9,3.6
1.8,1.8,1.8,4.5,0.9,3.6
0.9,0.9,2.7,4.5,0.9,3.6
1.8,0.9,2.7,4.5,0.9,3.6
0.9,1.8,2.7,4.5,0.9,3.6
1.8,1.8,2.7,4.5,0.9,3.6
0.9,0.9,3.6,4.5,0.9,3.6
1.8,0.9,3.6,4.5,0.9,3.6
0.9,1.8,3.6,4.5,0.9,3.6
1.8,1.8,3.6,4.5,0.9,3.6
0.9,0.9,4.5,4.5,0.9,3.6
1.8,0.9,4.5,4.5,0.9,3.6
0.9,1.8,4.5,4.5,0.9,3.6
1.8,1.8,4.5,4.5,0.9,3.6
0.9,0.9,5.4,4.5,0.9,3.6
1.8,0.9,5.4,4.5,0.9,3.6
0.9,1.8,5.4,4.5,0.9,3.6
1.8,1.8,5.4,4.5,0.9,3.6
0.9,0.9,0.0,5.4,0.9,3.6
1.8,0.9,0.0,5.4,0.9,3.6
0.9,1.8,0.0,5.4,0.9,3.6
1.8,1.8,0.0,5.4,0.9,3.6
0.9,0.9,0.9,5.4,0.9,3.6
1.8,0.9,0.9,5.4,0.9,3.6
0.9,1.8,0.9,5.4,0.9,3.6
1.8,1.8,0.9,5.4,0.9,3.6
0.9,0.9,1.8,5.4,0.9,3.6
1.8,0.9,1.8,5.4,0.9,3.6
0.9,1.8,1.8,5.4,0.9,3.6
1.8,1.8,1.8,5.4,0.9,3.6
0.9,0.9,2.7,5.4,0.9,3.6
1.8,0.9,2.7,5.4,0.9,3.6
0.9,1.8,2.7,5.4,0.9,3.6
1.8,1.8,2.7,5.4,0.9,3.6
0.9,0.9,3.6,5.4,0.9,3.6
1.8,0.9,3.6,5.4,0.9,3.6
0.9,1.8,3.6,5.4,0.9,3.6
1.8,1.8,3.6,5.4,0.9,3.6
0.9,0.9,4.5,5.4,0.9,3.6
1.8,0.9,4.5,5.4,0.9,3.6
0.9,1.8,4.5,5.4,0.9,3.6
1.8,1.8,4.5,5.4,0.9,3.6
0.9,0.9,5.4,5.4,0.9,3.6
1.8,0.9,5.4,5.4,0.9,3.6
0.9,1.8,5.4,5.4,0.9,3.6
1.8,1.8,5.4,5.4,0.9,3.6
0.9,0.9,0.0,0.0,1.8,3.6
1.8,0.9,0.0,0.0,1.8,3.6
0.9,1.8,0.0,0.0,1.8,3.6
1.8,1.8,0.0,0.0,1.8,3.6
0.9,0.9,0.9,0.0,1.8,3.6
1.8,0.9,0.9,0.0,1.8,3.6
0.9,1.8,0.9,0.0,1.8,3.6
1.8,1.8,0.9,0.0,1.8,3.6
0.9,0.9,1.8,0.0,1.8,3.6
1.8,0.9,1.8,0.0,1.8,3.6
0.9,1.8,1.8,0.0,1.8,3.6
1.8,1.8,1.8,0.0,1.8,3.6
0.9,0.9,2.7,0.0,1.8,3.6
1.8,0.9,2.7,0.0,1.8,3.6
0.9,1.8,2.7,0.0,1.8,3.6
1.8,1.8,2.7,0.0,1.8,3.6
0.9,0.9,3.6,0.0,1.8,3.6
1.8,0.9,3.6,0.0,1.8,3.6
0.9,1.8,3.6,0.0,1.8,3.6
1.8,1.8,3.6,0.0,1.8,3.6
0.9,0.9,4.5,0.0,1.8,3.6
1.8,0.9,4.5,0.0,1.8,3.6
0.9,1.8,4.5,0.0,1.8,3.6
1.8,1.8,4.5,0.0,1.8,3.6
0.9,0.9,5.4,0.0,1.8,3.6
1.8,0.9,5.4,0.0,1.8,3.6
0.9,1.8,5.4,0.0,1.8,3.6
1.8,1.8,5.4,0.0,1.8,3.6
0.9,0.9,0.0,0.9,1.8,3.6
1.8,0.9,0.0,0.9,1.8,3.6
0.9,1.8,0.0,0.9,1.8,3.6
1.8,1.8,0.0,0.9,1.8,3.6
0.9,0.9,0.9,0.9,1.8,3.6
1.8,0.9,0.9,0.9,1.8,3.6
0.9,1.8,0.9,0.9,1.8,3.6
1.8,1.8,0.9,0.9,1.8,3.6
0.9,0.9,1.8,0.9,1.8,3.6
1.8,0.9,1.8,0.9,1.8,3.6
0.9,1.8,1.8,0.9,1.8,3.6
1.8,1.8,1.8,0.9,1.8,3.6
0.9,0.9,2.7,0.9,1.8,3.6
1.8,0.9,2.7,0.9,1.8,3.6
0.9,1.8,2.7,0.9,1.8,3.6
1.8,1.8,2.7,0.9,1.8,3.6
0.9,0.9,3.6,0.9,1.8,3.6
1.8,0.9,3.6,0.9,1.8,3.6
0.9,1.8,3.6,0.9,1.8,3.6
1.8,1.8,3.6,0.9,1.8,3.6
0.9,0.9,4.5,0.9,1.8,3.6
1.8,0.9,4.5,0.9,1.8,3.6
0.9,1.8,4.5,0.9,1.8,3.6
1.8,1.8,4.5,0.9,1.8,3.6
0.9,0.9,5.4,0.9,1.8,3.6
1.8,0.9,5.4,0.9,1.8,3.6
0.9,1.8,5.4,0.9,1.8,3.6
1.8,1.8,5.4,0.9,1.8,3.6
0.9,0.9,0.0,1.8,1.8,3.6
1.8,0.9,0.0,1.8,1.8,3.6
0.9,1.8,0.0,1.8,1.8,3.6
1.8,1.8,0.0,1.8,1.8,3.6
0.9,0.9,0.9,1.8,1.8,3.6
1.8,0.9,0.9,1.8,1.8,3.6
0.9,1.8,0.9,1.8,1.8,3.6
1.8,1.8,0.9,1.8,1.8,3.6
0.9,0.9,1.8,1.8,1.8,3.6
1.8,0.9,1.8,1.8,1.8,3.6
0.9,1.8,1.8,1.8,1.8,3.6
1.8,1.8,1.8,1.8,1.8,3.6
0.9,0.9,2.7,1.8,1.8,3.6
1.8,0.9,2.7,1.8,1.8,3.6
0.9,1.8,2.7,1.8,1.8,3.6
1.8,1.8,2.7,1.8,1.8,3.6
0.9,0.9,3.6,1.8,1.8,3.6
1.8,0.9,3.6,1.8,1.8,3.6
0.9,1.8,3.6,1.8,1.8,3.6
1.8,1.8,3.6,1.8,1.8,3.6
0.9,0.9,4.5,1.8,1.8,3.6
1.8,0.9,4.5,1.8,1.8,3.6
0.9,1.8,4.5,1.8,1.8,3.6
1.8,1.8,4.5,1.8,1.8,3.6
0.9,0.9,5.4,1.8,1.8,3.6
1.8,0.9,5.4,1.8,1.8,3.6
0.9,1.8,5.4,1.8,1.8,3.6
1.8,1.8,5.4,1.8,1.8,3.6
0.9,0.9,0.0,2.7,1.8,3.6
1.8,0.9,0.0,2.7,1.8,3.6
0.9,1.8,0.0,2.7,1.8,3.6
1.8,1.8,0.0,2.7,1.8,3.6
0.9,0.9,0.9,2.7,1.8,3.6
1.8,0.9,0.9,2.7,1.8,3.6
0.9,1.8,0.9,2.7,1.8,3.6
1.8,1.8,0.9,2.7,1.8,3.6
0.9,0.9,1.8,2.7,1.8,3.6
1.8,0.9,1.8,2.7,1.8,3.6
0.9,1.8,1.8,2.7,1.8,3.6
1.8,1.8,1.8,2.7,1.8,3.6
0.9,0.9,2.7,2.7,1.8,3.6
1.8,0.9,2.7,2.7,1.8,3.6
0.9,1.8,2.7,2.7,1.8,3.6
1.8,1.8,2.7,2.7,1.8,3.6
0.9,0.9,3.6,2.7,1.8,3.6
1.8,0.9,3.6,2.7,1.8,3.6
0.9,1.8,3.6,2.7,1.8,3.6
1.8,1.8,3.6,2.7,1.8,3.6
0.9,0.9,4.5,2.7,1.8,3.6
1.8,0.9,4.5,2.7,1.8,3.6
0.9,1.8,4.5,2.7,1.8,3.6
1.8,1.8,4.5,2.7,1.8,3.6
0.9,0.9,5.4,2.7,1.8,3.6
1.8,0.9,5.4,2.7,1.8,3.6
0.9,1.8,5.4,2.7,1.8,3.6
1.8,1.8,5.4,2.7,1.8,3.6
0.9,0.9,0.0,3.6,1.8,3.6
1.8,0.9,0.0,3.6,1.8,3.6
0.9,1.8,0.0,3.6,1.8,3.6
1.8,1.8,0.0,3.6,1.8,3.6
0.9,0.9,0.9,3.6,1.8,3.6
1.8,0.9,0.9,3.6,1.8,3.6
0.9,1.8,0.9,3.6,1.8,3.6
1.8,1.8,0.9,3.6,1.8,3.6
0.9,0.9,1.8,3.6,1.8,3.6
1.8,0.9,1.8,3.6,1.8,3.6
0.9,1.8,1.8,3.6,1.8,3.6
1.8,1.8,1.8,3.6,1.8,3.6
0.9,0.9,2.7,3.6,1.8,3.6
1.8,0.9,2.7,3.6,1.8,3.6
0.9,1.8,2.7,3.6,1.8,3.6
1.8,1.8,2.7,3.6,1.8,3.6
0.9,0.9,3.6,3.6,1.8,3.6
1.8,0.9,3.6,3.6,1.8,3.6
0.9,1.8,3.6,3.6,1.8,3.6
1.8,1.8,3.6,3.6,1.8,3.6
0.9,0.9,4.5,3.6,1.8,3.6
1.8,0.9,4.5,3.6,1.8,3.6
0.9,1.8,4.5,3.6,1.8,3.6
1.8,1.8,4.5,3.6,1.8,3.6
0.9,0.9,5.4,3.6,1.8,3.6
1.8,0.9,5.4,3.6,1.8,3.6
0.9,1.8,5.4,3.6,1.8,3.6
1.8,1.8,5.4,3.6,1.8,3.6
0.9,0.9,0.0,4.5,1.8,3.6
1.8,0.9,0.0,4.5,1.8,3.6
0.9,1.8,0.0,4.5,1.8,3.6
1.8,1.8,0.0,4.5,1.8,3.6
0.9,0.9,0.9,4.5,1.8,3.6
1.8,0.9,0.9,4.5,1.8,3.6
0.9,1.8,0.9,4.5,1.8,3.6
1.8,1.8,0.9,4.5,1.8,3.6
0.9,0.9,1.8,4.5,1.8,3.6
1.8,0.9,1.8,4.5,1.8,3.6
0.9,1.8,1.8,4.5,1.8,3.6
1.8,1.8,1.8,4.5,1.8,3.6
0.9,0.9,2.7,4.5,1.8,3.6
1.8,0.9,2.7,4.5,1.8,3.6
0.9,1.8,2.7,4.5,1.8,3.6
1.8,1.8,2.7,4.5,1.8,3.6
0.9,0.9,3.6,4.5,1.8,3.6
1.8,0.9,3.6,4.5,1.8,3.6
0.9,1.8,3.6,4.5,1.8,3.6
1.8,1.8,3.6,4.5,1.8,3.6
0.9,0.9,4.5,4.5,1.8,3.6
1.8,0.9,4.5,4.5,1.8,3.6
0.9,1.8,4.5,4.5,1.8,3.6
1.8,1.8,4.5,4.5,1.8,3.6
0.9,0.9,5.4,4.5,1.8,3.6
1.8,0.9,5.4,4.5,1.8,3.6
0.9,1.8,5.4,4.5,1.8,3.6
1.8,1.8,5.4,4.5,1.8,3.6
0.9,0.9,0.0,5.4,1.8,3.6
1.8,0.9,0.0,5.4,1.8,3.6
0.9,1.8,0.0,5.4,1.8,3.6
1.8,1.8,0.0,5.4,1.8,3.6
0.9,0.9,0.9,5.4,1.8,3.6
1.8,0.9,0.9,5.4,1.8,3.6
0.9,1.8,0.9,5.4,1.8,3.6
1.8,1.8,0.9,5.4,1.8,3.6
0.9,0.9,1.8,5.4,1.8,3.6
1.8,0.9,1.8,5.4,1.8,3.6
0.9,1.8,1.8,5.4,1.8,3.6
1.8,1.8,1.8,5.4,1.8,3.6
0.9,0.9,2.7,5.4,1.8,3.6
1.8,0.9,2.7,5.4,1.8,3.6
0.9,1.8,2.7,5.4,1.8,3.6
1.8,1.8,2.7,5.4,1.8,3.6
0.9,0.9,3.6,5.4,1.8,3.6
1.8,0.9,3.6,5.4,1.8,3.6
0.9,1.8,3.6,5.4,1.8,3.6
1.8,1.8,3.6,5.4,1.8,3.6
0.9,0.9,4.5,5.4,1.8,3.6
1.8,0.9,4.5,5.4,1.8,3.6
0.9,1.8,4.5,5.4,1.8,3.6
1.8,1.8,4.5,5.4,1.8,3.6
0.9,0.9,5.4,5.4,1.8,3.6
1.8,0.9,5.4,5.4,1.8,3.6
0.9,1.8,5.4,5.4,1.8,3.6
1.8,1.8,5.4,5.4,1.8,3.6
0.9,0.9,0.0,0.0,2.7,3.6
1.8,0.9,0.0,0.0,2.7,3.6
0.9,1.8,0.0,0.0,2.7,3.6
1.8,1.8,0.0,0.0,2.7,3.6
0.9,0.9,0.9,0.0,2.7,3.6
1.8,0.9,0.9,0.0,2.7,3.6
0.9,1.8,0.9,0.0,2.7,3.6
1.8,1.8,0.9,0.0,2.7,3.6
0.9,0.9,1.8,0.0,2.7,3.6
1.8,0.9,1.8,0.0,2.7,3.6
0.9,1.8,1.8,0.0,2.7,3.6
1.8,1.8,1.8,0.0,2.7,3.6
0.9,0.9,2.7,0.0,2.7,3.6
1.8,0.9,2.7,0.0,2.7,3.6
0.9,1.8,2.7,0.0,2.7,3.6
1.8,1.8,2.7,0.0,2.7,3.6
0.9,0.9,3.6,0.0,2.7,3.6
1.8,0.9,3.6,0.0,2.7,3.6
0.9,1.8,3.6,0.0,2.7,3.6
1.8,1.8,3.6,0.0,2.7,3.6
0.9,0.9,4.5,0.0,2.7,3.6
1.8,0.9,4.5,0.0,2.7,3.6
0.9,1.8,4.5,0.0,2.7,3.6
1.8,1.8,4.5,0.0,2.7,3.6
0.9,0.9,5.4,0.0,2.7,3.6
1.8,0.9,5.4,0.0,2.7,3.6
0.9,1.8,5.4,0.0,2.7,3.6
1.8,1.8,5.4,0.0,2.7,3.6
0.9,0.9,0.0,0.9,2.7,3.6
1.8,0.9,0.0,0.9,2.7,3.6
0.9,1.8,0.0,0.9,2.7,3.6
1.8,1.8,0.0,0.9,2.7,3.6
0.9,0.9,0.9,0.9,2.7,3.6
1.8,0.9,0.9,0.9,2.7,3.6
0.9,1.8,0.9,0.9,2.7,3.6
1.8,1.8,0.9,0.9,2.7,3.6
0.9,0.9,1.8,0.9,2.7,3.6
1.8,0.9,1.8,0.9,2.7,3.6
0.9,1.8,1.8,0.9,2.7,3.6
1.8,1.8,1.8,0.9,2.7,3.6
0.9,0.9,2.7,0.9,2.7,3.6
1.8,0.9,2.7,0.9,2.7,3.6
0.9,1.8,2.7,0.9,2.7,3.6
1.8,1.8,2.7,0.9,2.7,3.6
0.9,0.9,3.6,0.9,2.7,3.6
1.8,0.9,3.6,0.9,2.7,3.6
0.9,1.8,3.6,0.9,2.7,3.6
1.8,1.8,3.6,0.9,2.7,3.6
0.9,0.9,4.5,0.9,2.7,3.6
1.8,0.9,4.5,0.9,2.7,3.6
0.9,1.8,4.5,0.9,2.7,3.6
1.8,1.8,4.5,0.9,2.7,3.6
0.9,0.9,5.4,0.9,2.7,3.6
1.8,0.9,5.4,0.9,2.7,3.6
0.9,1.8,5.4,0.9,2.7,3.6
1.8,1.8,5.4,0.9,2.7,3.6
0.9,0.9,0.0,1.8,2.7,3.6
1.8,0.9,0.0,1.8,2.7,3.6
0.9,1.8,0.0,1.8,2.7,3.6
1.8,1.8,0.0,1.8,2.7,3.6
0.9,0.9,0.9,1.8,2.7,3.6
1.8,0.9,0.9,1.8,2.7,3.6
0.9,1.8,0.9,1.8,2.7,3.6
1.8,1.8,0.9,1.8,2.7,3.6
0.9,0.9,1.8,1.8,2.7,3.6
1.8,0.9,1.8,1.8,2.7,3.6
0.9,1.8,1.8,1.8,2.7,3.6
1.8,1.8,1.8,1.8,2.7,3.6
0.9,0.9,2.7,1.8,2.7,3.6
1.8,0.9,2.7,1.8,2.7,3.6
0.9,1.8,2.7,1.8,2.7,3.6
1.8,1.8,2.7,1.8,2.7,3.6
0.9,0.9,3.6,1.8,2.7,3.6
1.8,0.9,3.6,1.8,2.7,3.6
0.9,1.8,3.6,1.8,2.7,3.6
1.8,1.8,3.6,1.8,2.7,3.6
0.9,0.9,4.5,1.8,2.7,3.6
1.8,0.9,4.5,1.8,2.7,3.6
0.9,1.8,4.5,1.8,2.7,3.6
1.8,1.8,4.5,1.8,2.7,3.6
0.9,0.9,5.4,1.8,2.7,3.6
1.8,0.9,5.4,1.8,2.7,3.6
0.9,1.8,5.4,1.8,2.7,3.6
1.8,1.8,5.4,1.8,2.7,3.6
0.9,0.9,0.0,2.7,2.7,3.6
1.8,0.9,0.0,2.7,2.7,3.6
0.9,1.8,0.0,2.7,2.7,3.6
1.8,1.8,0.0,2.7,2.7,3.6
0.9,0.9,0.9,2.7,2.7,3.6
1.8,0.9,0.9,2.7,2.7,3.6
0.9,1.8,0.9,2.7,2.7,3.6
1.8,1.8,0.9,2.7,2.7,3.6
0.9,0.9,1.8,2.7,2.7,3.6
1.8,0.9,1.8,2.7,2.7,3.6
0.9,1.8,1.8,2.7,2.7,3.6
1.8,1.8,1.8,2.7,2.7,3.6
0.9,0.9,2.7,2.7,2.7,3.6
1.8,0.9,2.7,2.7,2.7,3.6
0.9,1.8,2.7,2.7,2.7,3.6
1.8,1.8,2.7,2.7,2.7,3.6
0.9,0.9,3.6,2.7,2.7,3.6
1.8,0.9,3.6,2.7,2.7,3.6
0.9,1.8,3.6,2.7,2.7,3.6
1.8,1.8,3.6,2.7,2.7,3.6
0.9,0.9,4.5,2.7,2.7,3.6
1.8,0.9,4.5,2.7,2.7,3.6
0.9,1.8,4.5,2.7,2.7,3.6
1.8,1.8,4.5,2.7,2.7,3.6
0.9,0.9,5.4,2.7,2.7,3.6
1.8,0.9,5.4,2.7,2.7,3.6
0.9,1.8,5.4,2.7,2.7,3.6
1.8,1.8,5.4,2.7,2.7,3.6
0.9,0.9,0.0,3.6,2.7,3.6
1.8,0.9,0.0,3.6,2.7,3.6
0.9,1.8,0.0,3.6,2.7,3.6
1.8,1.8,0.0,3.6,2.7,3.6
0.9,0.9,0.9,3.6,2.7,3.6
1.8,0.9,0.9,3.6,2.7,3.6
0.9,1.8,0.9,3.6,2.7,3.6
1.8,1.8,0.9,3.6,2.7,3.6
0.9,0.9,1.8,3.6,2.7,3.6
1.8,0.9,1.8,3.6,2.7,3.6
0.9,1.8,1.8,3.6,2.7,3.6
1.8,1.8,1.8,3.6,2.7,3.6
0.9,0.9,2.7,3.6,2.7,3.6
1.8,0.9,2.7,3.6,2.7,3.6
0.9,1.8,2.7,3.6,2.7,3.6
1.8,1.8,2.7,3.6,2.7,3.6
0.9,0.9,3.6,3.6,2.7,3.6
1.8,0.9,3.6,3.6,2.7,3.6
0.9,1.8,3.6,3.6,2.7,3.6
1.8,1.8,3.6,3.6,2.7,3.6
0.9,0.9,4.5,3.6,2.7,3.6
1.8,0.9,4.5,3.6,2.7,3.6
0.9,1.8,4.5,3.6,2.7,3.6
1.8,1.8,4.5,3.6,2.7,3.6
0.9,0.9,5.4,3.6,2.7,3.6
1.8,0.9,5.4,3.6,2.7,3.6
0.9,1.8,5.4,3.6,2.7,3.6
1.8,1.8,5.4,3.6,2.7,3.6
0.9,0.9,0.0,4.5,2.7,3.6
1.8,0.9,0.0,4.5,2.7,3.6
0.9,1.8,0.0,4.5,2.7,3.6
1.8,1.8,0.0,4.5,2.7,3.6
0.9,0.9,0.9,4.5,2.7,3.6
1.8,0.9,0.9,4.5,2.7,3.6
0.9,1.8,0.9,4.5,2.7,3.6
1.8,1.8,0.9,4.5,2.7,3.6
0.9,0.9,1.8,4.5,2.7,3.6
1.8,0.9,1.8,4.5,2.7,3.6
0.9,1.8,1.8,4.5,2.7,3.6
1.8,1.8,1.8,4.5,2.7,3.6
0.9,0.9,2.7,4.5,2.7,3.6
1.8,0.9,2.7,4.5,2.7,3.6
0.9,1.8,2.7,4.5,2.7,3.6
1.8,1.8,2.7,4.5,2.7,3.6
0.9,0.9,3.6,4.5,2.7,3.6
1.8,0.9,3.6,4.5,2.7,3.6
0.9,1.8,3.6,4.5,2.7,3.6
1.8,1.8,3.6,4.5,2.7,3.6
0.9,0.9,4.5,4.5,2.7,3.6
1.8,0.9,4.5,4.5,2.7,3.6
0.9,1.8,4.5,4.5,2.7,3.6
1.8,1.8,4.5,4.5,2.7,3.6
0.9,0.9,5.4,4.5,2.7,3.6
1.8,0.9,5.4,4.5,2.7,3.6
0.9,1.8,5.4,4.5,2.7,3.6
1.8,1.8,5.4,4.5,2.7,3.6
0.9,0.9,0.0,5.4,2.7,3.6
1.8,0.9,0.0,5.4,2.7,3.6
0.9,1.8,0.0,5.4,2.7,3.6
1.8,1.8,0.0,5.4,2.7,3.6
0.9,0.9,0.9,5.4,2.7,3.6
1.8,0.9,0.9,5.4,2.7,3.6
0.9,1.8,0.9,5.4,2.7,3.6
1.8,1.8,0.9,5.4,2.7,3.6
0.9,0.9,1.8,5.4,2.7,3.6
1.8,0.9,1.8,5.4,2.7,3.6
0.9,1.8,1.8,5.4,2.7,3.6
1.8,1.8,1.8,5.4,2.7,3.6
0.9,0.9,2.7,5.4,2.7,3.6
1.8,0.9,2.7,5.4,2.7,3.6
0.9,1.8,2.7,5.4,2.7,3.6
1.8,1.8,2.7,5.4,2.7,3.6
0.9,0.9,3.6,5.4,2.7,3.6
1.8,0.9,3.6,5.4,2.7,3.6
0.9,1.8,3.6,5.4,2.7,3.6
1.8,1.8,3.6,5.4,2.7,3.6
0.9,0.9,4.5,5.4,2.7,3.6
1.8,0.9,4.5,5.4,2.7,3.6
0.9,1.8,4.5,5.4,2.7,3.6
1.8,1.8,4.5,5.4,2.7,3.6
0.9,0.9,5.4,5.4,2.7,3.6
1.8,0.9,5.4,5.4,2.7,3.6
0.9,1.8,5.4,5.4,2.7,3.6
1.8,1.8,5.4,5.4,2.7,3.6
0.9,0.9,0.0,0.0,3.6,3.6
1.8,0.9,0.0,0.0,3.6,3.6
0.9,1.8,0.0,0.0,3.6,3.6
1.8,1.8,0.0,0.0,3.6,3.6
0.9,0.9,0.9,0.0,3.6,3.6
1.8,0.9,0.9,0.0,3.6,3.6
0.9,1.8,0.9,0.0,3.6,3.6
1.8,1.8,0.9,0.0,3.6,3.6
0.9,0.9,1.8,0.0,3.6,3.6
1.8,0.9,1.8,0.0,3.6,3.6
0.9,1.8,1.8,0.0,3.6,3.6
1.8,1.8,1.8,0.0,3.6,3.6
0.9,0.9,2.7,0.0,3.6,3.6
1.8,0.9,2.7,0.0,3.6,3.6
0.9,1.8,2.7,0.0,3.6,3.6
1.8,1.8,2.7,0.0,3.6,3.6
0.9,0.9,3.6,0.0,3.6,3.6
1.8,0.9,3.6,0.0,3.6,3.6
0.9,1.8,3.6,0.0,3.6,3.6
1.8,1.8,3.6,0.0,3.6,3.6
0.9,0.9,4.5,0.0,3.6,3.6
1.8,0.9,4.5,0.0,3.6,3.6
0.9,1.8,4.5,0.0,3.6,3.6
1.8,1.8,4.5,0.0,3.6,3.6
0.9,0.9,5.4,0.0,3.6,3.6
1.8,0.9,5.4,0.0,3.6,3.6
0.9,1.8,5.4,0.0,3.6,3.6
1.8,1.8,5.4,0.0,3.6,3.6
0.9,0.9,0.0,0.9,3.6,3.6
1.8,0.9,0.0,0.9,3.6,3.6
0.9,1.8,0.0,0.9,3.6,3.6
1.8,1.8,0.0,0.9,3.6,3.6
0.9,0.9,0.9,0.9,3.6,3.6
1.8,0.9,0.9,0.9,3.6,3.6
0.9,1.8,0.9,0.9,3.6,3.6
1.8,1.8,0.9,0.9,3.6,3.6
0.9,0.9,1.8,0.9,3.6,3.6
1.8,0.9,1.8,0.9,3.6,3.6
0.9,1.8,1.8,0.9,3.6,3.6
1.8,1.8,1.8,0.9,3.6,3.6
0.9,0.9,2.7,0.9,3.6,3.6
1.8,0.9,2.7,0.9,3.6,3.6
0.9,1.8,2.7,0.9,3.6,3.6
1.8,1.8,2.7,0.9,3.6,3.6
0.9,0.9,3.6,0.9,3.6,3.6
1.8,0.9,3.6,0.9,3.6,3.6
0.9,1.8,3.6,0.9,3.6,3.6
1.8,1.8,3.6,0.9,3.6,3.6
0.9,0.9,4.5,0.9,3.6,3.6
1.8,0.9,4.5,0.9,3.6,3.6
0.9,1.8,4.5,0.9,3.6,3.6
1.8,1.8,4.5,0.9,3.6,3.6
0.9,0.9,5.4,0.9,3.6,3.6
1.8,0.9,5.4,0.9,3.6,3.6
0.9,1.8,5.4,0.9,3.6,3.6
1.8,1.8,5.4,0.9,3.6,3.6
0.9,0.9,0.0,1.8,3.6,3.6
1.8,0.9,0.0,1.8,3.6,3.6
0.9,1.8,0.0,1.8,3.6,3.6
1.8,1.8,0.0,1.8,3.6,3.6
0.9,0.9,0.9,1.8,3.6,3.6
1.8,0.9,0.9,1.8,3.6,3.6
0.9,1.8,0.9,1.8,3.6,3.6
1.8,1.8,0.9,1.8,3.6,3.6
0.9,0.9,1.8,1.8,3.6,3.6
1.8,0.9,1.8,1.8,3.6,3.6
0.9,1.8,1.8,1.8,3.6,3.6
1.8,1.8,1.8,1.8,3.6,3.6
0.9,0.9,2.7,1.8,3.6,3.6
1.8,0.9,2.7,1.8,3.6,3.6
0.9,1.8,2.7,1.8,3.6,3.6
1.8,1.8,2.7,1.8,3.6,3.6
0.9,0.9,3.6,1.8,3.6,3.6
1.8,0.9,3.6,1.8,3.6,3.6
0.9,1.8,3.6,1.8,3.6,3.6
1.8,1.8,3.6,1.8,3.6,3.6
0.9,0.9,4.5,1.8,3.6,3.6
1.8,0.9,4.5,1.8,3.6,3.6
0.9,1.8,4.5,1.8,3.6,3.6
1.8,1.8,4.5,1.8,3.6,3.6
0.9,0.9,5.4,1.8,3.6,3.6
1.8,0.9,5.4,1.8,3.6,3.6
0.9,1.8,5.4,1.8,3.6,3.6
1.8,1.8,5.4,1.8,3.6,3.6
0.9,0.9,0.0,2.7,3.6,3.6
1.8,0.9,0.0,2.7,3.6,3.6
0.9,1.8,0.0,2.7,3.6,3.6
1.8,1.8,0.0,2.7,3.6,3.6
0.9,0.9,0.9,2.7,3.6,3.6
1.8,0.9,0.9,2.7,3.6,3.6
0.9,1.8,0.9,2.7,3.6,3.6
1.8,1.8,0.9,2.7,3.6,3.6
0.9,0.9,1.8,2.7,3.6,3.6
1.8,0.9,1.8,2.7,3.6,3.6
0.9,1.8,1.8,2.7,3.6,3.6
1.8,1.8,1.8,2.7,3.6,3.6
0.9,0.9,2.7,2.7,3.6,3.6
1.8,0.9,2.7,2.7,3.6,3.6
0.9,1.8,2.7,2.7,3.6,3.6
1.8,1.8,2.7,2.7,3.6,3.6
0.9,0.9,3.6,2.7,3.6,3.6
1.8,0.9,3.6,2.7,3.6,3.6
0.9,1.8,3.6,2.7,3.6,3.6
1.8,1.8,3.6,2.7,3.6,3.6
0.9,0.9,4.5,2.7,3.6,3.6
1.8,0.9,4.5,2.7,3.6,3.6
0.9,1.8,4.5,2.7,3.6,3.6
1.8,1.8,4.5,2.7,3.6,3.6
0.9,0.9,5.4,2.7,3.6,3.6
1.8,0.9,5.4,2.7,3.6,3.6
0.9,1.8,5.4,2.7,3.6,3.6
1.8,1.8,5.4,2.7,3.6,3.6
0.9,0.9,0.0,3.6,3.6,3.6
1.8,0.9,0.0,3.6,3.6,3.6
0.9,1.8,0.0,3.6,3.6,3.6
1.8,1.8,0.0,3.6,3.6,3.6
0.9,0.9,0.9,3.6,3.6,3.6
1.8,0.9,0.9,3.6,3.6,3.6
0.9,1.8,0.9,3.6,3.6,3.6
1.8,1.8,0.9,3.6,3.6,3.6
0.9,0.9,1.8,3.6,3.6,3.6
1.8,0.9,1.8,3.6,3.6,3.6
0.9,1.8,1.8,3.6,3.6,3.6
1.8,1.8,1.8,3.6,3.6,3.6
0.9,0.9,2.7,3.6,3.6,3.6
1.8,0.9,2.7,3.6,3.6,3.6
0.9,1.8,2.7,3.6,3.6,3.6
1.8,1.8,2.7,3.6,3.6,3.6
0.9,0.9,3.6,3.6,3.6,3.6
1.8,0.9,3.6,3.6,3.6,3.6
0.9,1.8,3.6,3.6,3.6,3.6
1.8,1.8,3.6,3.6,3.6,3.6
0.9,0.9,4.5,3.6,3.6,3.6
1.8,0.9,4.5,3.6,3.6,3.6
0.9,1.8,4.5,3.6,3.6,3.6
1.8,1.8,4.5,3.6,3.6,3.6
0.9,0.9,5.4,3.6,3.6,3.6
1.8,0.9,5.4,3.6,3.6,3.6
0.9,1.8,5.4,3.6,3.6,3.6
1.8,1.8,5.4,3.6,3.6,3.6
0.9,0.9,0.0,4.5,3.6,3.6
1.8,0.9,0.0,4.5,3.6,3.6
0.9,1.8,0.0,4.5,3.6,3.6
1.8,1.8,0.0,4.5,3.6,3.6
0.9,0.9,0.9,4.5,3.6,3.6
1.8,0.9,0.9,4.5,3.6,3.6
0.9,1.8,0.9,4.5,3.6,3.6
1.8,1.8,0.9,4.5,3.6,3.6
0.9,0.9,1.8,4.5,3.6,3.6
1.8,0.9,1.8,4.5,3.6,3.6
0.9,1.8,1.8,4.5,3.6,3.6
1.8,1.8,1.8,4.5,3.6,3.6
0.9,0.9,2.7,4.5,3.6,3.6
1.8,0.9,2.7,4.5,3.6,3.6
0.9,1.8,2.7,4.5,3.6,3.6
1.8,1.8,2.7,4.5,3.6,3.6
0.9,0.9,3.6,4.5,3.6,3.6
1.8,0.9,3.6,4.5,3.6,3.6
0.9,1.8,3.6,4.5,3.6,3.6
1.8,1.8,3.6,4.5,3.6,3.6
0.9,0.9,4.5,4.5,3.6,3.6
1.8,0.9,4.5,4.5,3.6,3.6
0.9,1.8,4.5,4.5,3.6,3.6
1.8,1.8,4.5,4.5,3.6,3.6
0.9,0.9,5.4,4.5,3.6,3.6
1.8,0.9,5.4,4.5,3.6,3.6
0.9,1.8,5.4,4.5,3.6,3.6
1.8,1.8,5.4,4.5,3.6,3.6
0.9,0.9,0.0,5.4,3.6,3.6
1.8,0.9,0.0,5.4,3.6,3.6
0.9,1.8,0.0,5.4,3.6,3.6
1.8,1.8,0.0,5.4,3.6,3.6
0.9,0.9,0.9,5.4,3.6,3.6
1.8,0.9,0.9,5.4,3.6,3.6
0.9,1.8,0.9,5.4,3.6,3.6
1.8,1.8,0.9,5.4,3.6,3.6
0.9,0.9,1.8,5.4,3.6,3.6
1.8,0.9,1.8,5.4,3.6,3.6
0.9,1.8,1.8,5.4,3.6,3.6
1.8,1.8,1.8,5.4,3.6,3.6
0.9,0.9,2.7,5.4,3.6,3.6
1.8,0.9,2.7,5.4,3.6,3.6
0.9,1.8,2.7,5.4,3.6,3.6
1.8,1.8,2.7,5.4,3.6,3.6
0.9,0.9,3.6,5.4,3.6,3.6
1.8,0.9,3.6,5.4,3.6,3.6
0.9,1.8,3.6,5.4,3.6,3.6
1.8,1.8,3.6,5.4,3.6,3.6
0.9,0.9,4.5,5.4,3.6,3.6
1.8,0.9,4.5,5.4,3.6,3.6
0.9,1.8,4.5,5.4,3.6,3.6
1.8,1.8,4.5,5.4,3.6,3.6
0.9,0.9,5.4,5.4,3.6,3.6
1.8,0.9,5.4,5.4,3.6,3.6
0.9,1.8,5.4,5.4,3.6,3.6
1.8,1.8,5.4,5.4,3.6,3.6
0.9,0.9,0.0,0.0,4.5,3.6
1.8,0.9,0.0,0.0,4.5,3.6
0.9,1.8,0.0,0.0,4.5,3.6
1.8,1.8,0.0,0.0,4.5,3.6
0.9,0.9,0.9,0.0,4.5,3.6
1.8,0.9,0.9,0.0,4.5,3.6
0.9,1.8,0.9,0.0,4.5,3.6
1.8,1.8,0.9,0.0,4.5,3.6
0.9,0.9,1.8,0.0,4.5,3.6
1.8,0.9,1.8,0.0,4.5,3.6
0.9,1.8,1.8,0.0,4.5,3.6
1.8,1.8,1.8,0.0,4.5,3.6
0.9,0.9,2.7,0.0,4.5,3.6
1.8,0.9,2.7,0.0,4.5,3.6
0.9,1.8,2.7,0.0,4.5,3.6
1.8,1.8,2.7,0.0,4.5,3.6
0.9,0.9,3.6,0.0,4.5,3.6
1.8,0.9,3.6,0.0,4.5,3.6
0.9,1.8,3.6,0.0,4.5,3.6
1.8,1.8,3.6,0.0,4.5,3.6
0.9,0.9,4.5,0.0,4.5,3.6
1.8,0.9,4.5,0.0,4.5,3.6
0.9,1.8,4.5,0.0,4.5,3.6
1.8,1.8,4.5,0.0,4.5,3.6
0.9,0.9,5.4,0.0,4.5,3.6
1.8,0.9,5.4,0.0,4.5,3.6
0.9,1.8,5.4,0.0,4.5,3.6
1.8,1.8,5.4,0.0,4.5,3.6
0.9,0.9,0.0,0.9,4.5,3.6
1.8,0.9,0.0,0.9,4.5,3.6
0.9,1.8,0.0,0.9,4.5,3.6
1.8,1.8,0.0,0.9,4.5,3.6
0.9,0.9,0.9,0.9,4.5,3.6
1.8,0.9,0.9,0.9,4.5,3.6
0.9,1.8,0.9,0.9,4.5,3.6
1.8,1.8,0.9,0.9,4.5,3.6
0.9,0.9,1.8,0.9,4.5,3.6
1.8,0.9,1.8,0.9,4.5,3.6
0.9,1.8,1.8,0.9,4.5,3.6
1.8,1.8,1.8,0.9,4.5,3.6
0.9,0.9,2.7,0.9,4.5,3.6
1.8,0.9,2.7,0.9,4.5,3.6
0.9,1.8,2.7,0.9,4.5,3.6
1.8,1.8,2.7,0.9,4.5,3.6
0.9,0.9,3.6,0.9,4.5,3.6
1.8,0.9,3.6,0.9,4.5,3.6
0.9,1.8,3.6,0.9,4.5,3.6
1.8,1.8,3.6,0.9,4.5,3.6
0.9,0.9,4.5,0.9,4.5,3.6
1.8,0.9,4.5,0.9,4.5,3.6
0.9,1.8,4.5,0.9,4.5,3.6
1.8,1.8,4.5,0.9,4.5,3.6
0.9,0.9,5.4,0.9,4.5,3.6
1.8,0.9,5.4,0.9,4.5,3.6
0.9,1.8,5.4,0.9,4.5,3.6
1.8,1.8,5.4,0.9,4.5,3.6
0.9,0.9,0.0,1.8,4.5,3.6
1.8,0.9,0.0,1.8,4.5,3.6
0.9,1.8,0.0,1.8,4.5,3.6
1.8,1.8,0.0,1.8,4.5,3.6
0.9,0.9,0.9,1.8,4.5,3.6
1.8,0.9,0.9,1.8,4.5,3.6
0.9,1.8,0.9,1.8,4.5,3.6
1.8,1.8,0.9,1.8,4.5,3.6
0.9,0.9,1.8,1.8,4.5,3.6
1.8,0.9,1.8,1.8,4.5,3.6
0.9,1.8,1.8,1.8,4.5,3.6
1.8,1.8,1.8,1.8,4.5,3.6
0.9,0.9,2.7,1.8,4.5,3.6
1.8,0.9,2.7,1.8,4.5,3.6
0.9,1.8,2.7,1.8,4.5,3.6
1.8,1.8,2.7,1.8,4.5,3.6
0.9,0.9,3.6,1.8,4.5,3.6
1.8,0.9,3.6,1.8,4.5,3.6
0.9,1.8,3.6,1.8,4.5,3.6
1.8,1.8,3.6,1.8,4.5,3.6
0.9,0.9,4.5,1.8,4.5,3.6
1.8,0.9,4.5,1.8,4.5,3.6
0.9,1.8,4.5,1.8,4.5,3.6
1.8,1.8,4.5,1.8,4.5,3.6
0.9,0.9,5.4,1.8,4.5,3.6
1.8,0.9,5.4,1.8,4.5,3.6
0.9,1.8,5.4,1.8,4.5,3.6
1.8,1.8,5.4,1.8,4.5,3.6
0.9,0.9,0.0,2.7,4.5,3.6
1.8,0.9,0.0,2.7,4.5,3.6
0.9,1.8,0.0,2.7,4.5,3.6
1.8,1.8,0.0,2.7,4.5,3.6
0.9,0.9,0.9,2.7,4.5,3.6
1.8,0.9,0.9,2.7,4.5,3.6
0.9,1.8,0.9,2.7,4.5,3.6
1.8,1.8,0.9,2.7,4.5,3.6
0.9,0.9,1.8,2.7,4.5,3.6
1.8,0.9,1.8,2.7,4.5,3.6
0.9,1.8,1.8,2.7,4.5,3.6
1.8,1.8,1.8,2.7,4.5,3.6
0.9,0.9,2.7,2.7,4.5,3.6
1.8,0.9,2.7,2.7,4.5,3.6
0.9,1.8,2.7,2.7,4.5,3.6
1.8,1.8,2.7,2.7,4.5,3.6
0.9,0.9,3.6,2.7,4.5,3.6
1.8,0.9,3.6,2.7,4.5,3.6
0.9,1.8,3.6,2.7,4.5,3.6
1.8,1.8,3.6,2.7,4.5,3.6
0.9,0.9,4.5,2.7,4.5,3.6
1.8,0.9,4.5,2.7,4.5,3.6
0.9,1.8,4.5,2.7,4.5,3.6
1.8,1.8,4.5,2.7,4.5,3.6
0.9,0.9,5.4,2.7,4.5,3.6
1.8,0.9,5.4,2.7,4.5,3.6
0.9,1.8,5.4,2.7,4.5,3.6
1.8,1.8,5.4,2.7,4.5,3.6
0.9,0.9,0.0,3.6,4.5,3.6
1.8,0.9,0.0,3.6,4.5,3.6
0.9,1.8,0.0,3.6,4.5,3.6
1.8,1.8,0.0,3.6,4.5,3.6
0.9,0.9,0.9,3.6,4.5,3.6
1.8,0.9,0.9,3.6,4.5,3.6
0.9,1.8,0.9,3.6,4.5,3.6
1.8,1.8,0.9,3.6,4.5,3.6
0.9,0.9,1.8,3.6,4.5,3.6
1.8,0.9,1.8,3.6,4.5,3.6
0.9,1.8,1.8,3.6,4.5,3.6
1.8,1.8,1.8,3.6,4.5,3.6
0.9,0.9,2.7,3.6,4.5,3.6
1.8,0.9,2.7,3.6,4.5,3.6
0.9,1.8,2.7,3.6,4.5,3.6
1.8,1.8,2.7,3.6,4.5,3.6
0.9,0.9,3.6,3.6,4.5,3.6
1.8,0.9,3.6,3.6,4.5,3.6
0.9,1.8,3.6,3.6,4.5,3.6
1.8,1.8,3.6,3.6,4.5,3.6
0.9,0.9,4.5,3.6,4.5,3.6
1.8,0.9,4.5,3.6,4.5,3.6
0.9,1.8,4.5,3.6,4.5,3.6
1.8,1.8,4.5,3.6,4.5,3.6
0.9,0.9,5.4,3.6,4.5,3.6
1.8,0.9,5.4,3.6,4.5,3.6
0.9,1.8,5.4,3.6,4.5,3.6
1.8,1.8,5.4,3.6,4.5,3.6
0.9,0.9,0.0,4.5,4.5,3.6
1.8,0.9,0.0,4.5,4.5,3.6
0.9,1.8,0.0,4.5,4.5,3.6
1.8,1.8,0.0,4.5,4.5,3.6
0.9,0.9,0.9,4.5,4.5,3.6
1.8,0.9,0.9,4.5,4.5,3.6
0.9,1.8,0.9,4.5,4.5,3.6
1.8,1.8,0.9,4.5,4.5,3.6
0.9,0.9,1.8,4.5,4.5,3.6
1.8,0.9,1.8,4.5,4.5,3.6
0.9,1.8,1.8,4.5,4.5,3.6
1.8,1.8,1.8,4.5,4.5,3.6
0.9,0.9,2.7,4.5,4.5,3.6
1.8,0.9,2.7,4.5,4.5,3.6
0.9,1.8,2.7,4.5,4.5,3.6
1.8,1.8,2.7,4.5,4.5,3.6
0.9,0.9,3.6,4.5,4.5,3.6
1.8,0.9,3.6,4.5,4.5,3.6
0.9,1.8,3.6,4.5,4.5,3.6
1.8,1.8,3.6,4.5,4.5,3.6
0.9,0.9,4.5,4.5,4.5,3.6
1.8,0.9,4.5,4.5,4.5,3.6
0.9,1.8,4.5,4.5,4.5,3.6
1.8,1.8,4.5,4.5,4.5,3.6
0.9,0.9,5.4,4.5,4.5,3.6
1.8,0.9,5.4,4.5,4.5,3.6
0.9,1.8,5.4,4.5,4.5,3.6
1.8,1.8,5.4,4.5,4.5,3.6
0.9,0.9,0.0,5.4,4.5,3.6
1.8,0.9,0.0,5.4,4.5,3.6
0.9,1.8,0.0,5.4,4.5,3.6
1.8,1.8,0.0,5.4,4.5,3.6
0.9,0.9,0.9,5.4,4.5,3.6
1.8,0.9,0.9,5.4,4.5,3.6
0.9,1.8,0.9,5.4,4.5,3.6
1.8,1.8,0.9,5.4,4.5,3.6
0.9,0.9,1.8,5.4,4.5,3.6
1.8,0.9,1.8,5.4,4.5,3.6
0.9,1.8,1.8,5.4,4.5,3.6
1.8,1.8,1.8,5.4,4.5,3.6
0.9,0.9,2.7,5.4,4.5,3.6
1.8,0.9,2.7,5.4,4.5,3.6
0.9,1.8,2.7,5.4,4.5,3.6
1.8,1.8,2.7,5.4,4.5,3.6
0.9,0.9,3.6,5.4,4.5,3.6
1.8,0.9,3.6,5.4,4.5,3.6
0.9,1.8,3.6,5.4,4.5,3.6
1.8,1.8,3.6,5.4,4.5,3.6
0.9,0.9,4.5,5.4,4.5,3.6
1.8,0.9,4.5,5.4,4.5,3.6
0.9,1.8,4.5,5.4,4.5,3.6
1.8,1.8,4.5,5.4,4.5,3.6
0.9,0.9,5.4,5.4,4.5,3.6
1.8,0.9,5.4,5.4,4.5,3.6
0.9,1.8,5.4,5.4,4.5,3.6
1.8,1.8,5.4,5.4,4.5,3.6
0.9,0.9,0.0,0.0,5.4,3.6
1.8,0.9,0.0,0.0,5.4,3.6
0.9,1.8,0.0,0.0,5.4,3.6
1.8,1.8,0.0,0.0,5.4,3.6
0.9,0.9,0.9,0.0,5.4,3.6
1.8,0.9,0.9,0.0,5.4,3.6
0.9,1.8,0.9,0.0,5.4,3.6
1.8,1.8,0.9,0.0,5.4,3.6
0.9,0.9,1.8,0.0,5.4,3.6
1.8,0.9,1.8,0.0,5.4,3.6
0.9,1.8,1.8,0.0,5.4,3.6
1.8,1.8,1.8,0.0,5.4,3.6
0.9,0.9,2.7,0.0,5.4,3.6
1.8,0.9,2.7,0.0,5.4,3.6
0.9,1.8,2.7,0.0,5.4,3.6
1.8,1.8,2.7,0.0,5.4,3.6
0.9,0.9,3.6,0.0,5.4,3.6
1.8,0.9,3.6,0.0,5.4,3.6
0.9,1.8,3.6,0.0,5.4,3.6
1.8,1.8,3.6,0.0,5.4,3.6
0.9,0.9,4.5,0.0,5.4,3.6
1.8,0.9,4.5,0.0,5.4,3.6
0.9,1.8,4.5,0.0,5.4,3.6
1.8,1.8,4.5,0.0,5.4,3.6
0.9,0.9,5.4,0.0,5.4,3.6
1.8,0.9,5.4,0.0,5.4,3.6
0.9,1.8,5.4,0.0,5.4,3.6
1.8,1.8,5.4,0.0,5.4,3.6
0.9,0.9,0.0,0.9,5.4,3.6
1.8,0.9,0.0,0.9,5.4,3.6
0.9,1.8,0.0,0.9,5.4,3.6
1.8,1.8,0.0,0.9,5.4,3.6
0.9,0.9,0.9,0.9,5.4,3.6
1.8,0.9,0.9,0.9,5.4,3.6
0.9,1.8,0.9,0.9,5.4,3.6
1.8,1.8,0.9,0.9,5.4,3.6
0.9,0.9,1.8,0.9,5.4,3.6
1.8,0.9,1.8,0.9,5.4,3.6
0.9,1.8,1.8,0.9,5.4,3.6
1.8,1.8,1.8,0.9,5.4,3.6
0.9,0.9,2.7,0.9,5.4,3.6
1.8,0.9,2.7,0.9,5.4,3.6
0.9,1.8,2.7,0.9,5.4,3.6
1.8,1.8,2.7,0.9,5.4,3.6
0.9,0.9,3.6,0.9,5.4,3.6
1.8,0.9,3.6,0.9,5.4,3.6
0.9,1.8,3.6,0.9,5.4,3.6
1.8,1.8,3.6,0.9,5.4,3.6
0.9,0.9,4.5,0.9,5.4,3.6
1.8,0.9,4.5,0.9,5.4,3.6
0.9,1.8,4.5,0.9,5.4,3.6
1.8,1.8,4.5,0.9,5.4,3.6
0.9,0.9,5.4,0.9,5.4,3.6
1.8,0.9,5.4,0.9,5.4,3.6
0.9,1.8,5.4,0.9,5.4,3.6
1.8,1.8,5.4,0.9,5.4,3.6
0.9,0.9,0.0,1.8,5.4,3.6
1.8,0.9,0.0,1.8,5.4,3.6
0.9,1.8,0.0,1.8,5.4,3.6
1.8,1.8,0.0,1.8,5.4,3.6
0.9,0.9,0.9,1.8,5.4,3.6
1.8,0.9,0.9,1.8,5.4,3.6
0.9,1.8,0.9,1.8,5.4,3.6
1.8,1.8,0.9,1.8,5.4,3.6
0.9,0.9,1.8,1.8,5.4,3.6
1.8,0.9,1.8,1.8,5.4,3.6
0.9,1.8,1.8,1.8,5.4,3.6
1.8,1.8,1.8,1.8,5.4,3.6
0.9,0.9,2.7,1.8,5.4,3.6
1.8,0.9,2.7,1.8,5.4,3.6
0.9,1.8,2.7,1.8,5.4,3.6
1.8,1.8,2.7,1.8,5.4,3.6
0.9,0.9,3.6,1.8,5.4,3.6
1.8,0.9,3.6,1.8,5.4,3.6
0.9,1.8,3.6,1.8,5.4,3.6
1.8,1.8,3.6,1.8,5.4,3.6
0.9,0.9,4.5,1.8,5.4,3.6
1.8,0.9,4.5,1.8,5.4,3.6
0.9,1.8,4.5,1.8,5.4,3.6
1.8,1.8,4.5,1.8,5.4,3.6
0.9,0.9,5.4,1.8,5.4,3.6
1.8,0.9,5.4,1.8,5.4,3.6
0.9,1.8,5.4,1.8,5.4,3.6
1.8,1.8,5.4,1.8,5.4,3.6
0.9,0.9,0.0,2.7,5.4,3.6
1.8,0.9,0.0,2.7,5.4,3.6
0.9,1.8,0.0,2.7,5.4,3.6
1.8,1.8,0.0,2.7,5.4,3.6
0.9,0.9,0.9,2.7,5.4,3.6
1.8,0.9,0.9,2.7,5.4,3.6
0.9,1.8,0.9,2.7,5.4,3.6
1.8,1.8,0.9,2.7,5.4,3.6
0.9,0.9,1.8,2.7,5.4,3.6
1.8,0.9,1.8,2.7,5.4,3.6
0.9,1.8,1.8,2.7,5.4,3.6
1.8,1.8,1.8,2.7,5.4,3.6
0.9,0.9,2.7,2.7,5.4,3.6
1.8,0.9,2.7,2.7,5.4,3.6
0.9,1.8,2.7,2.7,5.4,3.6
1.8,1.8,2.7,2.7,5.4,3.6
0.9,0.9,3.6,2.7,5.4,3.6
1.8,0.9,3.6,2.7,5.4,3.6
0.9,1.8,3.6,2.7,5.4,3.6
1.8,1.8,3.6,2.7,5.4,3.6
0.9,0.9,4.5,2.7,5.4,3.6
1.8,0.9,4.5,2.7,5.4,3.6
0.9,1.8,4.5,2.7,5.4,3.6
1.8,1.8,4.5,2.7,5.4,3.6
0.9,0.9,5.4,2.7,5.4,3.6
1.8,0.9,5.4,2.7,5.4,3.6
0.9,1.8,5.4,2.7,5.4,3.6
1.8,1.8,5.4,2.7,5.4,3.6
0.9,0.9,0.0,3.6,5.4,3.6
1.8,0.9,0.0,3.6,5.4,3.6
0.9,1.8,0.0,3.6,5.4,3.6
1.8,1.8,0.0,3.6,5.4,3.6
0.9,0.9,0.9,3.6,5.4,3.6
1.8,0.9,0.9,3.6,5.4,3.6
0.9,1.8,0.9,3.6,5.4,3.6
1.8,1.8,0.9,3.6,5.4,3.6
0.9,0.9,1.8,3.6,5.4,3.6
1.8,0.9,1.8,3.6,5.4,3.6
0.9,1.8,1.8,3.6,5.4,3.6
1.8,1.8,1.8,3.6,5.4,3.6
0.9,0.9,2.7,3.6,5.4,3.6
1.8,0.9,2.7,3.6,5.4,3.6
0.9,1.8,2.7,3.6,5.4,3.6
1.8,1.8,2.7,3.6,5.4,3.6
0.9,0.9,3.6,3.6,5.4,3.6
1.8,0.9,3.6,3.6,5.4,3.6
0.9,1.8,3.6,3.6,5.4,3.6
1.8,1.8,3.6,3.6,5.4,3.6
0.9,0.9,4.5,3.6,5.4,3.6
1.8,0.9,4.5,3.6,5.4,3.6
0.9,1.8,4.5,3.6,5.4,3.6
1.8,1.8,4.5,3.6,5.4,3.6
0.9,0.9,5.4,3.6,5.4,3.6
1.8,0.9,5.4,3.6,5.4,3.6
0.9,1.8,5.4,3.6,5.4,3.6
1.8,1.8,5.4,3.6,5.4,3.6
0.9,0.9,0.0,4.5,5.4,3.6
1.8,0.9,0.0,4.5,5.4,3.6
0.9,1.8,0.0,4.5,5.4,3.6
1.8,1.8,0.0,4.5,5.4,3.6
0.9,0.9,0.9,4.5,5.4,3.6
1.8,0.9,0.9,4.5,5.4,3.6
0.9,1.8,0.9,4.5,5.4,3.6
1.8,1.8,0.9,4.5,5.4,3.6
0.9,0.9,1.8,4.5,5.4,3.6
1.8,0.9,1.8,4.5,5.4,3.6
0.9,1.8,1.8,4.5,5.4,3.6
1.8,1.8,1.8,4.5,5.4,3.6
0.9,0.9,2.7,4.5,5.4,3.6
1.8,0.9,2.7,4.5,5.4,3.6
0.9,1.8,2.7,4.5,5.4,3.6
1.8,1.8,2.7,4.5,5.4,3.6
0.9,0.9,3.6,4.5,5.4,3.6
1.8,0.9,3.6,4.5,5.4,3.6
0.9,1.8,3.6,4.5,5.4,3.6
1.8,1.8,3.6,4.5,5.4,3.6
0.9,0.9,4.5,4.5,5.4,3.6
1.8,0.9,4.5,4.5,5.4,3.6
0.9,1.8,4.5,4.5,5.4,3.6
1.8,1.8,4.5,4.5,5.4,3.6
0.9,0.9,5.4,4.5,5.4,3.6
1.8,0.9,5.4,4.5,5.4,3.6
0.9,1.8,5.4,4.5,5.4,3.6
1.8,1.8,5.4,4.5,5.4,3.6
0.9,0.9,0.0,5.4,5.4,3.6
1.8,0.9,0.0,5.4,5.4,3.6
0.9,1.8,0.0,5.4,5.4,3.6
1.8,1.8,0.0,5.4,5.4,3.6
0.9,0.9,0.9,5.4,5.4,3.6
1.8,0.9,0.9,5.4,5.4,3.6
0.9,1.8,0.9,5.4,5.4,3.6
1.8,1.8,0.9,5.4,5.4,3.6
0.9,0.9,1.8,5.4,5.4,3.6
1.8,0.9,1.8,5.4,5.4,3.6
0.9,1.8,1.8,5.4,5.4,3.6
1.8,1.8,1.8,5.4,5.4,3.6
0.9,0.9,2.7,5.4,5.4,3.6
1.8,0.9,2.7,5.4,5.4,3.6
0.9,1.8,2.7,5.4,5.4,3.6
1.8,1.8,2.7,5.4,5.4,3.6
0.9,0.9,3.6,5.4,5.4,3.6
1.8,0.9,3.6,5.4,5.4,3.6
0.9,1.8,3.6,5.4,5.4,3.6
1.8,1.8,3.6,5.4,5.4,3.6
0.9,0.9,4.5,5.4,5.4,3.6
1.8,0.9,4.5,5.4,5.4,3.6
0.9,1.8,4.5,5.4,5.4,3.6
1.8,1.8,4.5,5.4,5.4,3.6
0.9,0.9,5.4,5.4,5.4,3.6
1.8,0.9,5.4,5.4,5.4,3.6
0.9,1.8,5.4,5.4,5.4,3.6
1.8,1.8,5.4,5.4,5.4,3.6
0.9,0.9,0.0,0.0,0.0,4.5
1.8,0.9,0.0,0.0,0.0,4.5
0.9,1.8,0.0,0.0,0.0,4.5
1.8,1.8,0.0,0.0,0.0,4.5
0.9,0.9,0.9,0.0,0.0,4.5
1.8,0.9,0.9,0.0,0.0,4.5
0.9,1.8,0.9,0.0,0.0,4.5
1.8,1.8,0.9,0.0,0.0,4.5
0.9,0.9,1.8,0.0,0.0,4.5
1.8,0.9,1.8,0.0,0.0,4.5
0.9,1.8,1.8,0.0,0.0,4.5
1.8,1.8,1.8,0.0,0.0,4.5
0.9,0.9,2.7,0.0,0.0,4.5
1.8,0.9,2.7,0.0,0.0,4.5
0.9,1.8,2.7,0.0,0.0,4.5
1.8,1.8,2.7,0.0,0.0,4.5
0.9,0.9,3.6,0.0,0.0,4.5
1.8,0.9,3.6,0.0,0.0,4.5
0.9,1.8,3.6,0.0,0.0,4.5
1.8,1.8,3.6,0.0,0.0,4.5
0.9,0.9,4.5,0.0,0.0,4.5
1.8,0.9,4.5,0.0,0.0,4.5
0.9,1.8,4.5,0.0,0.0,4.5
1.8,1.8,4.5,0.0,0.0,4.5
0.9,0.9,5.4,0.0,0.0,4.5
1.8,0.9,5.4,0.0,0.0,4.5
0.9,1.8,5.4,0.0,0.0,4.5
1.8,1.8,5.4,0.0,0.0,4.5
0.9,0.9,0.0,0.9,0.0,4.5
1.8,0.9,0.0,0.9,0.0,4.5
0.9,1.8,0.0,0.9,0.0,4.5
1.8,1.8,0.0,0.9,0.0,4.5
0.9,0.9,0.9,0.9,0.0,4.5
1.8,0.9,0.9,0.9,0.0,4.5
0.9,1.8,0.9,0.9,0.0,4.5
1.8,1.8,0.9,0.9,0.0,4.5
0.9,0.9,1.8,0.9,0.0,4.5
1.8,0.9,1.8,0.9,0.0,4.5
0.9,1.8,1.8,0.9,0.0,4.5
1.8,1.8,1.8,0.9,0.0,4.5
0.9,0.9,2.7,0.9,0.0,4.5
1.8,0.9,2.7,0.9,0.0,4.5
0.9,1.8,2.7,0.9,0.0,4.5
1.8,1.8,2.7,0.9,0.0,4.5
0.9,0.9,3.6,0.9,0.0,4.5
1.8,0.9,3.6,0.9,0.0,4.5
0.9,1.8,3.6,0.9,0.0,4.5
1.8,1.8,3.6,0.9,0.0,4.5
0.9,0.9,4.5,0.9,0.0,4.5
1.8,0.9,4.5,0.9,0.0,4.5
0.9,1.8,4.5,0.9,0.0,4.5
1.8,1.8,4.5,0.9,0.0,4.5
0.9,0.9,5.4,0.9,0.0,4.5
1.8,0.9,5.4,0.9,0.0,4.5
0.9,1.8,5.4,0.9,0.0,4.5
1.8,1.8,5.4,0.9,0.0,4.5
0.9,0.9,0.0,1.8,0.0,4.5
1.8,0.9,0.0,1.8,0.0,4.5
0.9,1.8,0.0,1.8,0.0,4.5
1.8,1.8,0.0,1.8,0.0,4.5
0.9,0.9,0.9,1.8,0.0,4.5
1.8,0.9,0.9,1.8,0.0,4.5
0.9,1.8,0.9,1.8,0.0,4.5
1.8,1.8,0.9,1.8,0.0,4.5
0.9,0.9,1.8,1.8,0.0,4.5
1.8,0.9,1.8,1.8,0.0,4.5
0.9,1.8,1.8,1.8,0.0,4.5
1.8,1.8,1.8,1.8,0.0,4.5
0.9,0.9,2.7,1.8,0.0,4.5
1.8,0.9,2.7,1.8,0.0,4.5
0.9,1.8,2.7,1.8,0.0,4.5
1.8,1.8,2.7,1.8,0.0,4.5
0.9,0.9,3.6,1.8,0.0,4.5
1.8,0.9,3.6,1.8,0.0,4.5
0.9,1.8,3.6,1.8,0.0,4.5
1.8,1.8,3.6,1.8,0.0,4.5
0.9,0.9,4.5,1.8,0.0,4.5
1.8,0.9,4.5,1.8,0.0,4.5
0.9,1.8,4.5,1.8,0.0,4.5
1.8,1.8,4.5,1.8,0.0,4.5
0.9,0.9,5.4,1.8,0.0,4.5
1.8,0.9,5.4,1.8,0.0,4.5
0.9,1.8,5.4,1.8,0.0,4.5
1.8,1.8,5.4,1.8,0.0,4.5
0.9,0.9,0.0,2.7,0.0,4.5
1.8,0.9,0.0,2.7,0.0,4.5
0.9,1.8,0.0,2.7,0.0,4.5
1.8,1.8,0.0,2.7,0.0,4.5
0.9,0.9,0.9,2.7,0.0,4.5
1.8,0.9,0.9,2.7,0.0,4.5
0.9,1.8,0.9,2.7,0.0,4.5
1.8,1.8,0.9,2.7,0.0,4.5
0.9,0.9,1.8,2.7,0.0,4.5
1.8,0.9,1.8,2.7,0.0,4.5
0.9,1.8,1.8,2.7,0.0,4.5
1.8,1.8,1.8,2.7,0.0,4.5
0.9,0.9,2.7,2.7,0.0,4.5
1.8,0.9,2.7,2.7,0.0,4.5
0.9,1.8,2.7,2.7,0.0,4.5
1.8,1.8,2.7,2.7,0.0,4.5
0.9,0.9,3.6,2.7,0.0,4.5
1.8,0.9,3.6,2.7,0.0,4.5
0.9,1.8,3.6,2.7,0.0,4.5
1.8,1.8,3.6,2.7,0.0,4.5
0.9,0.9,4.5,2.7,0.0,4.5
1.8,0.9,4.5,2.7,0.0,4.5
0.9,1.8,4.5,2.7,0.0,4.5
1.8,1.8,4.5,2.7,0.0,4.5
0.9,0.9,5.4,2.7,0.0,4.5
1.8,0.9,5.4,2.7,0.0,4.5
0.9,1.8,5.4,2.7,0.0,4.5
1.8,1.8,5.4,2.7,0.0,4.5
0.9,0.9,0.0,3.6,0.0,4.5
1.8,0.9,0.0,3.6,0.0,4.5
0.9,1.8,0.0,3.6,0.0,4.5
1.8,1.8,0.0,3.6,0.0,4.5
0.9,0.9,0.9,3.6,0.0,4.5
1.8,0.9,0.9,3.6,0.0,4.5
0.9,1.8,0.9,3.6,0.0,4.5
1.8,1.8,0.9,3.6,0.0,4.5
0.9,0.9,1.8,3.6,0.0,4.5
1.8,0.9,1.8,3.6,0.0,4.5
0.9,1.8,1.8,3.6,0.0,4.5
1.8,1.8,1.8,3.6,0.0,4.5
0.9,0.9,2.7,3.6,0.0,4.5
1.8,0.9,2.7,3.6,0.0,4.5
0.9,1.8,2.7,3.6,0.0,4.5
1.8,1.8,2.7,3.6,0.0,4.5
0.9,0.9,3.6,3.6,0.0,4.5
1.8,0.9,3.6,3.6,0.0,4.5
0.9,1.8,3.6,3.6,0.0,4.5
1.8,1.8,3.6,3.6,0.0,4.5
0.9,0.9,4.5,3.6,0.0,4.5
1.8,0.9,4.5,3.6,0.0,4.5
0.9,1.8,4.5,3.6,0.0,4.5
1.8,1.8,4.5,3.6,0.0,4.5
0.9,0.9,5.4,3.6,0.0,4.5
1.8,0.9,5.4,3.6,0.0,4.5
0.9,1.8,5.4,3.6,0.0,4.5
1.8,1.8,5.4,3.6,0.0,4.5
0.9,0.9,0.0,4.5,0.0,4.5
1.8,0.9,0.0,4.5,0.0,4.5
0.9,1.8,0.0,4.5,0.0,4.5
1.8,1.8,0.0,4.5,0.0,4.5
0.9,0.9,0.9,4.5,0.0,4.5
1.8,0.9,0.9,4.5,0.0,4.5
0.9,1.8,0.9,4.5,0.0,4.5
1.8,1.8,0.9,4.5,0.0,4.5
0.9,0.9,1.8,4.5,0.0,4.5
1.8,0.9,1.8,4.5,0.0,4.5
0.9,1.8,1.8,4.5,0.0,4.5
1.8,1.8,1.8,4.5,0.0,4.5
0.9,0.9,2.7,4.5,0.0,4.5
1.8,0.9,2.7,4.5,0.0,4.5
0.9,1.8,2.7,4.5,0.0,4.5
1.8,1.8,2.7,4.5,0.0,4.5
0.9,0.9,3.6,4.5,0.0,4.5
1.8,0.9,3.6,4.5,0.0,4.5
0.9,1.8,3.6,4.5,0.0,4.5
1.8,1.8,3.6,4.5,0.0,4.5
0.9,0.9,4.5,4.5,0.0,4.5
1.8,0.9,4.5,4.5,0.0,4.5
0.9,1.8,4.5,4.5,0.0,4.5
1.8,1.8,4.5,4.5,0.0,4.5
0.9,0.9,5.4,4.5,0.0,4.5
1.8,0.9,5.4,4.5,0.0,4.5
0.9,1.8,5.4,4.5,0.0,4.5
1.8,1.8,5.4,4.5,0.0,4.5
0.9,0.9,0.0,5.4,0.0,4.5
1.8,0.9,0.0,5.4,0.0,4.5
0.9,1.8,0.0,5.4,0.0,4.5
1.8,1.8,0.0,5.4,0.0,4.5
0.9,0.9,0.9,5.4,0.0,4.5
1.8,0.9,0.9,5.4,0.0,4.5
0.9,1.8,0.9,5.4,0.0,4.5
1.8,1.8,0.9,5.4,0.0,4.5
0.9,0.9,1.8,5.4,0.0,4.5
1.8,0.9,1.8,5.4,0.0,4.5
0.9,1.8,1.8,5.4,0.0,4.5
1.8,1.8,1.8,5.4,0.0,4.5
0.9,0.9,2.7,5.4,0.0,4.5
1.8,0.9,2.7,5.4,0.0,4.5
0.9,1.8,2.7,5.4,0.0,4.5
1.8,1.8,2.7,5.4,0.0,4.5
0.9,0.9,3.6,5.4,0.0,4.5
1.8,0.9,3.6,5.4,0.0,4.5
0.9,1.8,3.6,5.4,0.0,4.5
1.8,1.8,3.6,5.4,0.0,4.5
0.9,0.9,4.5,5.4,0.0,4.5
1.8,0.9,4.5,5.4,0.0,4.5
0.9,1.8,4.5,5.4,0.0,4.5
1.8,1.8,4.5,5.4,0.0,4.5
0.9,0.9,5.4,5.4,0.0,4.5
1.8,0.9,5.4,5.4,0.0,4.5
0.9,1.8,5.4,5.4,0.0,4.5
1.8,1.8,5.4,5.4,0.0,4.5
0.9,0.9,0.0,0.0,0.9,4.5
1.8,0.9,0.0,0.0,0.9,4.5
0.9,1.8,0.0,0.0,0.9,4.5
1.8,1.8,0.0,0.0,0.9,4.5
0.9,0.9,0.9,0.0,0.9,4.5
1.8,0.9,0.9,0.0,0.9,4.5
0.9,1.8,0.9,0.0,0.9,4.5
1.8,1.8,0.9,0.0,0.9,4.5
0.9,0.9,1.8,0.0,0.9,4.5
1.8,0.9,1.8,0.0,0.9,4.5
0.9,1.8,1.8,0.0,0.9,4.5
1.8,1.8,1.8,0.0,0.9,4.5
0.9,0.9,2.7,0.0,0.9,4.5
1.8,0.9,2.7,0.0,0.9,4.5
0.9,1.8,2.7,0.0,0.9,4.5
1.8,1.8,2.7,0.0,0.9,4.5
0.9,0.9,3.6,0.0,0.9,4.5
1.8,0.9,3.6,0.0,0.9,4.5
0.9,1.8,3.6,0.0,0.9,4.5
1.8,1.8,3.6,0.0,0.9,4.5
0.9,0.9,4.5,0.0,0.9,4.5
1.8,0.9,4.5,0.0,0.9,4.5
0.9,1.8,4.5,0.0,0.9,4.5
1.8,1.8,4.5,0.0,0.9,4.5
0.9,0.9,5.4,0.0,0.9,4.5
1.8,0.9,5.4,0.0,0.9,4.5
0.9,1.8,5.4,0.0,0.9,4.5
1.8,1.8,5.4,0.0,0.9,4.5
0.9,0.9,0.0,0.9,0.9,4.5
1.8,0.9,0.0,0.9,0.9,4.5
0.9,1.8,0.0,0.9,0.9,4.5
1.8,1.8,0.0,0.9,0.9,4.5
0.9,0.9,0.9,0.9,0.9,4.5
1.8,0.9,0.9,0.9,0.9,4.5
0.9,1.8,0.9,0.9,0.9,4.5
1.8,1.8,0.9,0.9,0.9,4.5
0.9,0.9,1.8,0.9,0.9,4.5
1.8,0.9,1.8,0.9,0.9,4.5
0.9,1.8,1.8,0.9,0.9,4.5
1.8,1.8,1.8,0.9,0.9,4.5
0.9,0.9,2.7,0.9,0.9,4.5
1.8,0.9,2.7,0.9,0.9,4.5
0.9,1.8,2.7,0.9,0.9,4.5
1.8,1.8,2.7,0.9,0.9,4.5
0.9,0.9,3.6,0.9,0.9,4.5
1.8,0.9,3.6,0.9,0.9,4.5
0.9,1.8,3.6,0.9,0.9,4.5
1.8,1.8,3.6,0.9,0.9,4.5
0.9,0.9,4.5,0.9,0.9,4.5
1.8,0.9,4.5,0.9,0.9,4.5
0.9,1.8,4.5,0.9,0.9,4.5
1.8,1.8,4.5,0.9,0.9,4.5
0.9,0.9,5.4,0.9,0.9,4.5
1.8,0.9,5.4,0.9,0.9,4.5
0.9,1.8,5.4,0.9,0.9,4.5
1.8,1.8,5.4,0.9,0.9,4.5
0.9,0.9,0.0,1.8,0.9,4.5
1.8,0.9,0.0,1.8,0.9,4.5
0.9,1.8,0.0,1.8,0.9,4.5
1.8,1.8,0.0,1.8,0.9,4.5
0.9,0.9,0.9,1.8,0.9,4.5
1.8,0.9,0.9,1.8,0.9,4.5
0.9,1.8,0.9,1.8,0.9,4.5
1.8,1.8,0.9,1.8,0.9,4.5
0.9,0.9,1.8,1.8,0.9,4.5
1.8,0.9,1.8,1.8,0.9,4.5
0.9,1.8,1.8,1.8,0.9,4.5
1.8,1.8,1.8,1.8,0.9,4.5
0.9,0.9,2.7,1.8,0.9,4.5
1.8,0.9,2.7,1.8,0.9,4.5
0.9,1.8,2.7,1.8,0.9,4.5
1.8,1.8,2.7,1.8,0.9,4.5
0.9,0.9,3.6,1.8,0.9,4.5
1.8,0.9,3.6,1.8,0.9,4.5
0.9,1.8,3.6,1.8,0.9,4.5
1.8,1.8,3.6,1.8,0.9,4.5
0.9,0.9,4.5,1.8,0.9,4.5
1.8,0.9,4.5,1.8,0.9,4.5
0.9,1.8,4.5,1.8,0.9,4.5
1.8,1.8,4.5,1.8,0.9,4.5
0.9,0.9,5.4,1.8,0.9,4.5
1.8,0.9,5.4,1.8,0.9,4.5
0.9,1.8,5.4,1.8,0.9,4.5
1.8,1.8,5.4,1.8,0.9,4.5
0.9,0.9,0.0,2.7,0.9,4.5
1.8,0.9,0.0,2.7,0.9,4.5
0.9,1.8,0.0,2.7,0.9,4.5
1.8,1.8,0.0,2.7,0.9,4.5
0.9,0.9,0.9,2.7,0.9,4.5
1.8,0.9,0.9,2.7,0.9,4.5
0.9,1.8,0.9,2.7,0.9,4.5
1.8,1.8,0.9,2.7,0.9,4.5
0.9,0.9,1.8,2.7,0.9,4.5
1.8,0.9,1.8,2.7,0.9,4.5
0.9,1.8,1.8,2.7,0.9,4.5
1.8,1.8,1.8,2.7,0.9,4.5
0.9,0.9,2.7,2.7,0.9,4.5
1.8,0.9,2.7,2.7,0.9,4.5
0.9,1.8,2.7,2.7,0.9,4.5
1.8,1.8,2.7,2.7,0.9,4.5
0.9,0.9,3.6,2.7,0.9,4.5
1.8,0.9,3.6,2.7,0.9,4.5
0.9,1.8,3.6,2.7,0.9,4.5
1.8,1.8,3.6,2.7,0.9,4.5
0.9,0.9,4.5,2.7,0.9,4.5
1.8,0.9,4.5,2.7,0.9,4.5
0.9,1.8,4.5,2.7,0.9,4.5
1.8,1.8,4.5,2.7,0.9,4.5
0.9,0.9,5.4,2.7,0.9,4.5
1.8,0.9,5.4,2.7,0.9,4.5
0.9,1.8,5.4,2.7,0.9,4.5
1.8,1.8,5.4,2.7,0.9,4.5
0.9,0.9,0.0,3.6,0.9,4.5
1.8,0.9,0.0,3.6,0.9,4.5
0.9,1.8,0.0,3.6,0.9,4.5
1.8,1.8,0.0,3.6,0.9,4.5
0.9,0.9,0.9,3.6,0.9,4.5
1.8,0.9,0.9,3.6,0.9,4.5
0.9,1.8,0.9,3.6,0.9,4.5
1.8,1.8,0.9,3.6,0.9,4.5
0.9,0.9,1.8,3.6,0.9,4.5
1.8,0.9,1.8,3.6,0.9,4.5
0.9,1.8,1.8,3.6,0.9,4.5
1.8,1.8,1.8,3.6,0.9,4.5
0.9,0.9,2.7,3.6,0.9,4.5
1.8,0.9,2.7,3.6,0.9,4.5
0.9,1.8,2.7,3.6,0.9,4.5
1.8,1.8,2.7,3.6,0.9,4.5
0.9,0.9,3.6,3.6,0.9,4.5
1.8,0.9,3.6,3.6,0.9,4.5
0.9,1.8,3.6,3.6,0.9,4.5
1.8,1.8,3.6,3.6,0.9,4.5
0.9,0.9,4.5,3.6,0.9,4.5
1.8,0.9,4.5,3.6,0.9,4.5
0.9,1.8,4.5,3.6,0.9,4.5
1.8,1.8,4.5,3.6,0.9,4.5
0.9,0.9,5.4,3.6,0.9,4.5
1.8,0.9,5.4,3.6,0.9,4.5
0.9,1.8,5.4,3.6,0.9,4.5
1.8,1.8,5.4,3.6,0.9,4.5
0.9,0.9,0.0,4.5,0.9,4.5
1.8,0.9,0.0,4.5,0.9,4.5
0.9,1.8,0.0,4.5,0.9,4.5
1.8,1.8,0.0,4.5,0.9,4.5
0.9,0.9,0.9,4.5,0.9,4.5
1.8,0.9,0.9,4.5,0.9,4.5
0.9,1.8,0.9,4.5,0.9,4.5
1.8,1.8,0.9,4.5,0.9,4.5
0.9,0.9,1.8,4.5,0.9,4.5
1.8,0.9,1.8,4.5,0.9,4.5
0.9,1.8,1.8,4.5,0.9,4.5
1.8,1.8,1.8,4.5,0.9,4.5
0.9,0.9,2.7,4.5,0.9,4.5
1.8,0.9,2.7,4.5,0.9,4.5
0.9,1.8,2.7,4.5,0.9,4.5
1.8,1.8,2.7,4.5,0.9,4.5
0.9,0.9,3.6,4.5,0.9,4.5
1.8,0.9,3.6,4.5,0.9,4.5
0.9,1.8,3.6,4.5,0.9,4.5
1.8,1.8,3.6,4.5,0.9,4.5
0.9,0.9,4.5,4.5,0.9,4.5
1.8,0.9,4.5,4.5,0.9,4.5
0.9,1.8,4.5,4.5,0.9,4.5
1.8,1.8,4.5,4.5,0.9,4.5
0.9,0.9,5.4,4.5,0.9,4.5
1.8,0.9,5.4,4.5,0.9,4.5
0.9,1.8,5.4,4.5,0.9,4.5
1.8,1.8,5.4,4.5,0.9,4.5
0.9,0.9,0.0,5.4,0.9,4.5
1.8,0.9,0.0,5.4,0.9,4.5
0.9,1.8,0.0,5.4,0.9,4.5
1.8,1.8,0.0,5.4,0.9,4.5
0.9,0.9,0.9,5.4,0.9,4.5
1.8,0.9,0.9,5.4,0.9,4.5
0.9,1.8,0.9,5.4,0.9,4.5
1.8,1.8,0.9,5.4,0.9,4.5
0.9,0.9,1.8,5.4,0.9,4.5
1.8,0.9,1.8,5.4,0.9,4.5
0.9,1.8,1.8,5.4,0.9,4.5
1.8,1.8,1.8,5.4,0.9,4.5
0.9,0.9,2.7,5.4,0.9,4.5
1.8,0.9,2.7,5.4,0.9,4.5
0.9,1.8,2.7,5.4,0.9,4.5
1.8,1.8,2.7,5.4,0.9,4.5
0.9,0.9,3.6,5.4,0.9,4.5
1.8,0.9,3.6,5.4,0.9,4.5
0.9,1.8,3.6,5.4,0.9,4.5
1.8,1.8,3.6,5.4,0.9,4.5
0.9,0.9,4.5,5.4,0.9,4.5
1.8,0.9,4.5,5.4,0.9,4.5
0.9,1.8,4.5,5.4,0.9,4.5
1.8,1.8,4.5,5.4,0.9,4.5
0.9,0.9,5.4,5.4,0.9,4.5
1.8,0.9,5.4,5.4,0.9,4.5
0.9,1.8,5.4,5.4,0.9,4.5
1.8,1.8,5.4,5.4,0.9,4.5
0.9,0.9,0.0,0.0,1.8,4.5
1.8,0.9,0.0,0.0,1.8,4.5
0.9,1.8,0.0,0.0,1.8,4.5
1.8,1.8,0.0,0.0,1.8,4.5
0.9,0.9,0.9,0.0,1.8,4.5
1.8,0.9,0.9,0.0,1.8,4.5
0.9,1.8,0.9,0.0,1.8,4.5
1.8,1.8,0.9,0.0,1.8,4.5
0.9,0.9,1.8,0.0,1.8,4.5
1.8,0.9,1.8,0.0,1.8,4.5
0.9,1.8,1.8,0.0,1.8,4.5
1.8,1.8,1.8,0.0,1.8,4.5
0.9,0.9,2.7,0.0,1.8,4.5
1.8,0.9,2.7,0.0,1.8,4.5
0.9,1.8,2.7,0.0,1.8,4.5
1.8,1.8,2.7,0.0,1.8,4.5
0.9,0.9,3.6,0.0,1.8,4.5
1.8,0.9,3.6,0.0,1.8,4.5
0.9,1.8,3.6,0.0,1.8,4.5
1.8,1.8,3.6,0.0,1.8,4.5
0.9,0.9,4.5,0.0,1.8,4.5
1.8,0.9,4.5,0.0,1.8,4.5
0.9,1.8,4.5,0.0,1.8,4.5
1.8,1.8,4.5,0.0,1.8,4.5
0.9,0.9,5.4,0.0,1.8,4.5
1.8,0.9,5.4,0.0,1.8,4.5
0.9,1.8,5.4,0.0,1.8,4.5
1.8,1.8,5.4,0.0,1.8,4.5
0.9,0.9,0.0,0.9,1.8,4.5
1.8,0.9,0.0,0.9,1.8,4.5
0.9,1.8,0.0,0.9,1.8,4.5
1.8,1.8,0.0,0.9,1.8,4.5
0.9,0.9,0.9,0.9,1.8,4.5
1.8,0.9,0.9,0.9,1.8,4.5
0.9,1.8,0.9,0.9,1.8,4.5
1.8,1.8,0.9,0.9,1.8,4.5
0.9,0.9,1.8,0.9,1.8,4.5
1.8,0.9,1.8,0.9,1.8,4.5
0.9,1.8,1.8,0.9,1.8,4.5
1.8,1.8,1.8,0.9,1.8,4.5
0.9,0.9,2.7,0.9,1.8,4.5
1.8,0.9,2.7,0.9,1.8,4.5
0.9,1.8,2.7,0.9,1.8,4.5
1.8,1.8,2.7,0.9,1.8,4.5
0.9,0.9,3.6,0.9,1.8,4.5
1.8,0.9,3.6,0.9,1.8,4.5
0.9,1.8,3.6,0.9,1.8,4.5
1.8,1.8,3.6,0.9,1.8,4.5
0.9,0.9,4.5,0.9,1.8,4.5
1.8,0.9,4.5,0.9,1.8,4.5
0.9,1.8,4.5,0.9,1.8,4.5
1.8,1.8,4.5,0.9,1.8,4.5
0.9,0.9,5.4,0.9,1.8,4.5
1.8,0.9,5.4,0.9,1.8,4.5
0.9,1.8,5.4,0.9,1.8,4.5
1.8,1.8,5.4,0.9,1.8,4.5
0.9,0.9,0.0,1.8,1.8,4.5
1.8,0.9,0.0,1.8,1.8,4.5
0.9,1.8,0.0,1.8,1.8,4.5
1.8,1.8,0.0,1.8,1.8,4.5
0.9,0.9,0.9,1.8,1.8,4.5
1.8,0.9,0.9,1.8,1.8,4.5
0.9,1.8,0.9,1.8,1.8,4.5
1.8,1.8,0.9,1.8,1.8,4.5
0.9,0.9,1.8,1.8,1.8,4.5
1.8,0.9,1.8,1.8,1.8,4.5
0.9,1.8,1.8,1.8,1.8,4.5
1.8,1.8,1.8,1.8,1.8,4.5
0.9,0.9,2.7,1.8,1.8,4.5
1.8,0.9,2.7,1.8,1.8,4.5
0.9,1.8,2.7,1.8,1.8,4.5
1.8,1.8,2.7,1.8,1.8,4.5
0.9,0.9,3.6,1.8,1.8,4.5
1.8,0.9,3.6,1.8,1.8,4.5
0.9,1.8,3.6,1.8,1.8,4.5
1.8,1.8,3.6,1.8,1.8,4.5
0.9,0.9,4.5,1.8,1.8,4.5
1.8,0.9,4.5,1.8,1.8,4.5
0.9,1.8,4.5,1.8,1.8,4.5
1.8,1.8,4.5,1.8,1.8,4.5
0.9,0.9,5.4,1.8,1.8,4.5
1.8,0.9,5.4,1.8,1.8,4.5
0.9,1.8,5.4,1.8,1.8,4.5
1.8,1.8,5.4,1.8,1.8,4.5
0.9,0.9,0.0,2.7,1.8,4.5
1.8,0.9,0.0,2.7,1.8,4.5
0.9,1.8,0.0,2.7,1.8,4.5
1.8,1.8,0.0,2.7,1.8,4.5
0.9,0.9,0.9,2.7,1.8,4.5
1.8,0.9,0.9,2.7,1.8,4.5
0.9,1.8,0.9,2.7,1.8,4.5
1.8,1.8,0.9,2.7,1.8,4.5
0.9,0.9,1.8,2.7,1.8,4.5
1.8,0.9,1.8,2.7,1.8,4.5
0.9,1.8,1.8,2.7,1.8,4.5
1.8,1.8,1.8,2.7,1.8,4.5
0.9,0.9,2.7,2.7,1.8,4.5
1.8,0.9,2.7,2.7,1.8,4.5
0.9,1.8,2.7,2.7,1.8,4.5
1.8,1.8,2.7,2.7,1.8,4.5
0.9,0.9,3.6,2.7,1.8,4.5
1.8,0.9,3.6,2.7,1.8,4.5
0.9,1.8,3.6,2.7,1.8,4.5
1.8,1.8,3.6,2.7,1.8,4.5
0.9,0.9,4.5,2.7,1.8,4.5
1.8,0.9,4.5,2.7,1.8,4.5
0.9,1.8,4.5,2.7,1.8,4.5
1.8,1.8,4.5,2.7,1.8,4.5
0.9,0.9,5.4,2.7,1.8,4.5
1.8,0.9,5.4,2.7,1.8,4.5
0.9,1.8,5.4,2.7,1.8,4.5
1.8,1.8,5.4,2.7,1.8,4.5
0.9,0.9,0.0,3.6,1.8,4.5
1.8,0.9,0.0,3.6,1.8,4.5
0.9,1.8,0.0,3.6,1.8,4.5
1.8,1.8,0.0,3.6,1.8,4.5
0.9,0.9,0.9,3.6,1.8,4.5
1.8,0.9,0.9,3.6,1.8,4.5
0.9,1.8,0.9,3.6,1.8,4.5
1.8,1.8,0.9,3.6,1.8,4.5
0.9,0.9,1.8,3.6,1.8,4.5
1.8,0.9,1.8,3.6,1.8,4.5
0.9,1.8,1.8,3.6,1.8,4.5
1.8,1.8,1.8,3.6,1.8,4.5
0.9,0.9,2.7,3.6,1.8,4.5
1.8,0.9,2.7,3.6,1.8,4.5
0.9,1.8,2.7,3.6,1.8,4.5
1.8,1.8,2.7,3.6,1.8,4.5
0.9,0.9,3.6,3.6,1.8,4.5
1.8,0.9,3.6,3.6,1.8,4.5
0.9,1.8,3.6,3.6,1.8,4.5
1.8,1.8,3.6,3.6,1.8,4.5
0.9,0.9,4.5,3.6,1.8,4.5
1.8,0.9,4.5,3.6,1.8,4.5
0.9,1.8,4.5,3.6,1.8,4.5
1.8,1.8,4.5,3.6,1.8,4.5
0.9,0.9,5.4,3.6,1.8,4.5
1.8,0.9,5.4,3.6,1.8,4.5
0.9,1.8,5.4,3.6,1.8,4.5
1.8,1.8,5.4,3.6,1.8,4.5
0.9,0.9,0.0,4.5,1.8,4.5
1.8,0.9,0.0,4.5,1.8,4.5
0.9,1.8,0.0,4.5,1.8,4.5
1.8,1.8,0.0,4.5,1.8,4.5
0.9,0.9,0.9,4.5,1.8,4.5
1.8,0.9,0.9,4.5,1.8,4.5
0.9,1.8,0.9,4.5,1.8,4.5
1.8,1.8,0.9,4.5,1.8,4.5
0.9,0.9,1.8,4.5,1.8,4.5
1.8,0.9,1.8,4.5,1.8,4.5
0.9,1.8,1.8,4.5,1.8,4.5
1.8,1.8,1.8,4.5,1.8,4.5
0.9,0.9,2.7,4.5,1.8,4.5
1.8,0.9,2.7,4.5,1.8,4.5
0.9,1.8,2.7,4.5,1.8,4.5
1.8,1.8,2.7,4.5,1.8,4.5
0.9,0.9,3.6,4.5,1.8,4.5
1.8,0.9,3.6,4.5,1.8,4.5
0.9,1.8,3.6,4.5,1.8,4.5
1.8,1.8,3.6,4.5,1.8,4.5
0.9,0.9,4.5,4.5,1.8,4.5
1.8,0.9,4.5,4.5,1.8,4.5
0.9,1.8,4.5,4.5,1.8,4.5
1.8,1.8,4.5,4.5,1.8,4.5
0.9,0.9,5.4,4.5,1.8,4.5
1.8,0.9,5.4,4.5,1.8,4.5
0.9,1.8,5.4,4.5,1.8,4.5
1.8,1.8,5.4,4.5,1.8,4.5
0.9,0.9,0.0,5.4,1.8,4.5
1.8,0.9,0.0,5.4,1.8,4.5
0.9,1.8,0.0,5.4,1.8,4.5
1.8,1.8,0.0,5.4,1.8,4.5
0.9,0.9,0.9,5.4,1.8,4.5
1.8,0.9,0.9,5.4,1.8,4.5
0.9,1.8,0.9,5.4,1.8,4.5
1.8,1.8,0.9,5.4,1.8,4.5
0.9,0.9,1.8,5.4,1.8,4.5
1.8,0.9,1.8,5.4,1.8,4.5
0.9,1.8,1.8,5.4,1.8,4.5
1.8,1.8,1.8,5.4,1.8,4.5
0.9,0.9,2.7,5.4,1.8,4.5
1.8,0.9,2.7,5.4,1.8,4.5
0.9,1.8,2.7,5.4,1.8,4.5
1.8,1.8,2.7,5.4,1.8,4.5
0.9,0.9,3.6,5.4,1.8,4.5
1.8,0.9,3.6,5.4,1.8,4.5
0.9,1.8,3.6,5.4,1.8,4.5
1.8,1.8,3.6,5.4,1.8,4.5
0.9,0.9,4.5,5.4,1.8,4.5
1.8,0.9,4.5,5.4,1.8,4.5
0.9,1.8,4.5,5.4,1.8,4.5
1.8,1.8,4.5,5.4,1.8,4.5
0.9,0.9,5.4,5.4,1.8,4.5
1.8,0.9,5.4,5.4,1.8,4.5
0.9,1.8,5.4,5.4,1.8,4.5
1.8,1.8,5.4,5.4,1.8,4.5
0.9,0.9,0.0,0.0,2.7,4.5
1.8,0.9,0.0,0.0,2.7,4.5
0.9,1.8,0.0,0.0,2.7,4.5
1.8,1.8,0.0,0.0,2.7,4.5
0.9,0.9,0.9,0.0,2.7,4.5
1.8,0.9,0.9,0.0,2.7,4.5
0.9,1.8,0.9,0.0,2.7,4.5
1.8,1.8,0.9,0.0,2.7,4.5
0.9,0.9,1.8,0.0,2.7,4.5
1.8,0.9,1.8,0.0,2.7,4.5
0.9,1.8,1.8,0.0,2.7,4.5
1.8,1.8,1.8,0.0,2.7,4.5
0.9,0.9,2.7,0.0,2.7,4.5
1.8,0.9,2.7,0.0,2.7,4.5
0.9,1.8,2.7,0.0,2.7,4.5
1.8,1.8,2.7,0.0,2.7,4.5
0.9,0.9,3.6,0.0,2.7,4.5
1.8,0.9,3.6,0.0,2.7,4.5
0.9,1.8,3.6,0.0,2.7,4.5
1.8,1.8,3.6,0.0,2.7,4.5
0.9,0.9,4.5,0.0,2.7,4.5
1.8,0.9,4.5,0.0,2.7,4.5
0.9,1.8,4.5,0.0,2.7,4.5
1.8,1.8,4.5,0.0,2.7,4.5
0.9,0.9,5.4,0.0,2.7,4.5
1.8,0.9,5.4,0.0,2.7,4.5
0.9,1.8,5.4,0.0,2.7,4.5
1.8,1.8,5.4,0.0,2.7,4.5
0.9,0.9,0.0,0.9,2.7,4.5
1.8,0.9,0.0,0.9,2.7,4.5
0.9,1.8,0.0,0.9,2.7,4.5
1.8,1.8,0.0,0.9,2.7,4.5
0.9,0.9,0.9,0.9,2.7,4.5
1.8,0.9,0.9,0.9,2.7,4.5
0.9,1.8,0.9,0.9,2.7,4.5
1.8,1.8,0.9,0.9,2.7,4.5
0.9,0.9,1.8,0.9,2.7,4.5
1.8,0.9,1.8,0.9,2.7,4.5
0.9,1.8,1.8,0.9,2.7,4.5
1.8,1.8,1.8,0.9,2.7,4.5
0.9,0.9,2.7,0.9,2.7,4.5
1.8,0.9,2.7,0.9,2.7,4.5
0.9,1.8,2.7,0.9,2.7,4.5
1.8,1.8,2.7,0.9,2.7,4.5
0.9,0.9,3.6,0.9,2.7,4.5
1.8,0.9,3.6,0.9,2.7,4.5
0.9,1.8,3.6,0.9,2.7,4.5
1.8,1.8,3.6,0.9,2.7,4.5
0.9,0.9,4.5,0.9,2.7,4.5
1.8,0.9,4.5,0.9,2.7,4.5
0.9,1.8,4.5,0.9,2.7,4.5
1.8,1.8,4.5,0.9,2.7,4.5
0.9,0.9,5.4,0.9,2.7,4.5
1.8,0.9,5.4,0.9,2.7,4.5
0.9,1.8,5.4,0.9,2.7,4.5
1.8,1.8,5.4,0.9,2.7,4.5
0.9,0.9,0.0,1.8,2.7,4.5
1.8,0.9,0.0,1.8,2.7,4.5
0.9,1.8,0.0,1.8,2.7,4.5
1.8,1.8,0.0,1.8,2.7,4.5
0.9,0.9,0.9,1.8,2.7,4.5
1.8,0.9,0.9,1.8,2.7,4.5
0.9,1.8,0.9,1.8,2.7,4.5
1.8,1.8,0.9,1.8,2.7,4.5
0.9,0.9,1.8,1.8,2.7,4.5
1.8,0.9,1.8,1.8,2.7,4.5
0.9,1.8,1.8,1.8,2.7,4.5
1.8,1.8,1.8,1.8,2.7,4.5
0.9,0.9,2.7,1.8,2.7,4.5
1.8,0.9,2.7,1.8,2.7,4.5
0.9,1.8,2.7,1.8,2.7,4.5
1.8,1.8,2.7,1.8,2.7,4.5
0.9,0.9,3.6,1.8,2.7,4.5
1.8,0.9,3.6,1.8,2.7,4.5
0.9,1.8,3.6,1.8,2.7,4.5
1.8,1.8,3.6,1.8,2.7,4.5
0.9,0.9,4.5,1.8,2.7,4.5
1.8,0.9,4.5,1.8,2.7,4.5
0.9,1.8,4.5,1.8,2.7,4.5
1.8,1.8,4.5,1.8,2.7,4.5
0.9,0.9,5.4,1.8,2.7,4.5
1.8,0.9,5.4,1.8,2.7,4.5
0.9,1.8,5.4,1.8,2.7,4.5
1.8,1.8,5.4,1.8,2.7,4.5
0.9,0.9,0.0,2.7,2.7,4.5
1.8,0.9,0.0,2.7,2.7,4.5
0.9,1.8,0.0,2.7,2.7,4.5
1.8,1.8,0.0,2.7,2.7,4.5
0.9,0.9,0.9,2.7,2.7,4.5
1.8,0.9,0.9,2.7,2.7,4.5
0.9,1.8,0.9,2.7,2.7,4.5
1.8,1.8,0.9,2.7,2.7,4.5
0.9,0.9,1.8,2.7,2.7,4.5
1.8,0.9,1.8,2.7,2.7,4.5
0.9,1.8,1.8,2.7,2.7,4.5
1.8,1.8,1.8,2.7,2.7,4.5
0.9,0.9,2.7,2.7,2.7,4.5
1.8,0.9,2.7,2.7,2.7,4.5
0.9,1.8,2.7,2.7,2.7,4.5
1.8,1.8,2.7,2.7,2.7,4.5
0.9,0.9,3.6,2.7,2.7,4.5
1.8,0.9,3.6,2.7,2.7,4.5
0.9,1.8,3.6,2.7,2.7,4.5
1.8,1.8,3.6,2.7,2.7,4.5
0.9,0.9,4.5,2.7,2.7,4.5
1.8,0.9,4.5,2.7,2.7,4.5
0.9,1.8,4.5,2.7,2.7,4.5
1.8,1.8,4.5,2.7,2.7,4.5
0.9,0.9,5.4,2.7,2.7,4.5
1.8,0.9,5.4,2.7,2.7,4.5
0.9,1.8,5.4,2.7,2.7,4.5
1.8,1.8,5.4,2.7,2.7,4.5
0.9,0.9,0.0,3.6,2.7,4.5
1.8,0.9,0.0,3.6,2.7,4.5
0.9,1.8,0.0,3.6,2.7,4.5
1.8,1.8,0.0,3.6,2.7,4.5
0.9,0.9,0.9,3.6,2.7,4.5
1.8,0.9,0.9,3.6,2.7,4.5
0.9,1.8,0.9,3.6,2.7,4.5
1.8,1.8,0.9,3.6,2.7,4.5
0.9,0.9,1.8,3.6,2.7,4.5
1.8,0.9,1.8,3.6,2.7,4.5
0.9,1.8,1.8,3.6,2.7,4.5
1.8,1.8,1.8,3.6,2.7,4.5
0.9,0.9,2.7,3.6,2.7,4.5
1.8,0.9,2.7,3.6,2.7,4.5
0.9,1.8,2.7,3.6,2.7,4.5
1.8,1.8,2.7,3.6,2.7,4.5
0.9,0.9,3.6,3.6,2.7,4.5
1.8,0.9,3.6,3.6,2.7,4.5
0.9,1.8,3.6,3.6,2.7,4.5
1.8,1.8,3.6,3.6,2.7,4.5
0.9,0.9,4.5,3.6,2.7,4.5
1.8,0.9,4.5,3.6,2.7,4.5
0.9,1.8,4.5,3.6,2.7,4.5
1.8,1.8,4.5,3.6,2.7,4.5
0.9,0.9,5.4,3.6,2.7,4.5
1.8,0.9,5.4,3.6,2.7,4.5
0.9,1.8,5.4,3.6,2.7,4.5
1.8,1.8,5.4,3.6,2.7,4.5
0.9,0.9,0.0,4.5,2.7,4.5
1.8,0.9,0.0,4.5,2.7,4.5
0.9,1.8,0.0,4.5,2.7,4.5
1.8,1.8,0.0,4.5,2.7,4.5
0.9,0.9,0.9,4.5,2.7,4.5
1.8,0.9,0.9,4.5,2.7,4.5
0.9,1.8,0.9,4.5,2.7,4.5
1.8,1.8,0.9,4.5,2.7,4.5
0.9,0.9,1.8,4.5,2.7,4.5
1.8,0.9,1.8,4.5,2.7,4.5
0.9,1.8,1.8,4.5,2.7,4.5
1.8,1.8,1.8,4.5,2.7,4.5
0.9,0.9,2.7,4.5,2.7,4.5
1.8,0.9,2.7,4.5,2.7,4.5
0.9,1.8,2.7,4.5,2.7,4.5
1.8,1.8,2.7,4.5,2.7,4.5
0.9,0.9,3.6,4.5,2.7,4.5
1.8,0.9,3.6,4.5,2.7,4.5
0.9,1.8,3.6,4.5,2.7,4.5
1.8,1.8,3.6,4.5,2.7,4.5
0.9,0.9,4.5,4.5,2.7,4.5
1.8,0.9,4.5,4.5,2.7,4.5
0.9,1.8,4.5,4.5,2.7,4.5
1.8,1.8,4.5,4.5,2.7,4.5
0.9,0.9,5.4,4.5,2.7,4.5
1.8,0.9,5.4,4.5,2.7,4.5
0.9,1.8,5.4,4.5,2.7,4.5
1.8,1.8,5.4,4.5,2.7,4.5
0.9,0.9,0.0,5.4,2.7,4.5
1.8,0.9,0.0,5.4,2.7,4.5
0.9,1.8,0.0,5.4,2.7,4.5
1.8,1.8,0.0,5.4,2.7,4.5
0.9,0.9,0.9,5.4,2.7,4.5
1.8,0.9,0.9,5.4,2.7,4.5
0.9,1.8,0.9,5.4,2.7,4.5
1.8,1.8,0.9,5.4,2.7,4.5
0.9,0.9,1.8,5.4,2.7,4.5
1.8,0.9,1.8,5.4,2.7,4.5
0.9,1.8,1.8,5.4,2.7,4.5
1.8,1.8,1.8,5.4,2.7,4.5
0.9,0.9,2.7,5.4,2.7,4.5
1.8,0.9,2.7,5.4,2.7,4.5
0.9,1.8,2.7,5.4,2.7,4.5
1.8,1.8,2.7,5.4,2.7,4.5
0.9,0.9,3.6,5.4,2.7,4.5
1.8,0.9,3.6,5.4,2.7,4.5
0.9,1.8,3.6,5.4,2.7,4.5
1.8,1.8,3.6,5.4,2.7,4.5
0.9,0.9,4.5,5.4,2.7,4.5
1.8,0.9,4.5,5.4,2.7,4.5
0.9,1.8,4.5,5.4,2.7,4.5
1.8,1.8,4.5,5.4,2.7,4.5
0.9,0.9,5.4,5.4,2.7,4.5
1.8,0.9,5.4,5.4,2.7,4.5
0.9,1.8,5.4,5.4,2.7,4.5
1.8,1.8,5.4,5.4,2.7,4.5
0.9,0.9,0.0,0.0,3.6,4.5
1.8,0.9,0.0,0.0,3.6,4.5
0.9,1.8,0.0,0.0,3.6,4.5
1.8,1.8,0.0,0.0,3.6,4.5
0.9,0.9,0.9,0.0,3.6,4.5
1.8,0.9,0.9,0.0,3.6,4.5
0.9,1.8,0.9,0.0,3.6,4.5
1.8,1.8,0.9,0.0,3.6,4.5
0.9,0.9,1.8,0.0,3.6,4.5
1.8,0.9,1.8,0.0,3.6,4.5
0.9,1.8,1.8,0.0,3.6,4.5
1.8,1.8,1.8,0.0,3.6,4.5
0.9,0.9,2.7,0.0,3.6,4.5
1.8,0.9,2.7,0.0,3.6,4.5
0.9,1.8,2.7,0.0,3.6,4.5
1.8,1.8,2.7,0.0,3.6,4.5
0.9,0.9,3.6,0.0,3.6,4.5
1.8,0.9,3.6,0.0,3.6,4.5
0.9,1.8,3.6,0.0,3.6,4.5
1.8,1.8,3.6,0.0,3.6,4.5
0.9,0.9,4.5,0.0,3.6,4.5
1.8,0.9,4.5,0.0,3.6,4.5
0.9,1.8,4.5,0.0,3.6,4.5
1.8,1.8,4.5,0.0,3.6,4.5
0.9,0.9,5.4,0.0,3.6,4.5
1.8,0.9,5.4,0.0,3.6,4.5
0.9,1.8,5.4,0.0,3.6,4.5
1.8,1.8,5.4,0.0,3.6,4.5
0.9,0.9,0.0,0.9,3.6,4.5
1.8,0.9,0.0,0.9,3.6,4.5
0.9,1.8,0.0,0.9,3.6,4.5
1.8,1.8,0.0,0.9,3.6,4.5
0.9,0.9,0.9,0.9,3.6,4.5
1.8,0.9,0.9,0.9,3.6,4.5
0.9,1.8,0.9,0.9,3.6,4.5
1.8,1.8,0.9,0.9,3.6,4.5
0.9,0.9,1.8,0.9,3.6,4.5
1.8,0.9,1.8,0.9,3.6,4.5
0.9,1.8,1.8,0.9,3.6,4.5
1.8,1.8,1.8,0.9,3.6,4.5
0.9,0.9,2.7,0.9,3.6,4.5
1.8,0.9,2.7,0.9,3.6,4.5
0.9,1.8,2.7,0.9,3.6,4.5
1.8,1.8,2.7,0.9,3.6,4.5
0.9,0.9,3.6,0.9,3.6,4.5
1.8,0.9,3.6,0.9,3.6,4.5
0.9,1.8,3.6,0.9,3.6,4.5
1.8,1.8,3.6,0.9,3.6,4.5
0.9,0.9,4.5,0.9,3.6,4.5
1.8,0.9,4.5,0.9,3.6,4.5
0.9,1.8,4.5,0.9,3.6,4.5
1.8,1.8,4.5,0.9,3.6,4.5
0.9,0.9,5.4,0.9,3.6,4.5
1.8,0.9,5.4,0.9,3.6,4.5
0.9,1.8,5.4,0.9,3.6,4.5
1.8,1.8,5.4,0.9,3.6,4.5
0.9,0.9,0.0,1.8,3.6,4.5
1.8,0.9,0.0,1.8,3.6,4.5
0.9,1.8,0.0,1.8,3.6,4.5
1.8,1.8,0.0,1.8,3.6,4.5
0.9,0.9,0.9,1.8,3.6,4.5
1.8,0.9,0.9,1.8,3.6,4.5
0.9,1.8,0.9,1.8,3.6,4.5
1.8,1.8,0.9,1.8,3.6,4.5
0.9,0.9,1.8,1.8,3.6,4.5
1.8,0.9,1.8,1.8,3.6,4.5
0.9,1.8,1.8,1.8,3.6,4.5
1.8,1.8,1.8,1.8,3.6,4.5
0.9,0.9,2.7,1.8,3.6,4.5
1.8,0.9,2.7,1.8,3.6,4.5
0.9,1.8,2.7,1.8,3.6,4.5
1.8,1.8,2.7,1.8,3.6,4.5
0.9,0.9,3.6,1.8,3.6,4.5
1.8,0.9,3.6,1.8,3.6,4.5
0.9,1.8,3.6,1.8,3.6,4.5
1.8,1.8,3.6,1.8,3.6,4.5
0.9,0.9,4.5,1.8,3.6,4.5
1.8,0.9,4.5,1.8,3.6,4.5
0.9,1.8,4.5,1.8,3.6,4.5
1.8,1.8,4.5,1.8,3.6,4.5
0.9,0.9,5.4,1.8,3.6,4.5
1.8,0.9,5.4,1.8,3.6,4.5
0.9,1.8,5.4,1.8,3.6,4.5
1.8,1.8,5.4,1.8,3.6,4.5
0.9,0.9,0.0,2.7,3.6,4.5
1.8,0.9,0.0,2.7,3.6,4.5
0.9,1.8,0.0,2.7,3.6,4.5
1.8,1.8,0.0,2.7,3.6,4.5
0.9,0.9,0.9,2.7,3.6,4.5
1.8,0.9,0.9,2.7,3.6,4.5
0.9,1.8,0.9,2.7,3.6,4.5
1.8,1.8,0.9,2.7,3.6,4.5
0.9,0.9,1.8,2.7,3.6,4.5
1.8,0.9,1.8,2.7,3.6,4.5
0.9,1.8,1.8,2.7,3.6,4.5
1.8,1.8,1.8,2.7,3.6,4.5
0.9,0.9,2.7,2.7,3.6,4.5
1.8,0.9,2.7,2.7,3.6,4.5
0.9,1.8,2.7,2.7,3.6,4.5
1.8,1.8,2.7,2.7,3.6,4.5
0.9,0.9,3.6,2.7,3.6,4.5
1.8,0.9,3.6,2.7,3.6,4.5
0.9,1.8,3.6,2.7,3.6,4.5
1.8,1.8,3.6,2.7,3.6,4.5
0.9,0.9,4.5,2.7,3.6,4.5
1.8,0.9,4.5,2.7,3.6,4.5
0.9,1.8,4.5,2.7,3.6,4.5
1.8,1.8,4.5,2.7,3.6,4.5
0.9,0.9,5.4,2.7,3.6,4.5
1.8,0.9,5.4,2.7,3.6,4.5
0.9,1.8,5.4,2.7,3.6,4.5
1.8,1.8,5.4,2.7,3.6,4.5
0.9,0.9,0.0,3.6,3.6,4.5
1.8,0.9,0.0,3.6,3.6,4.5
0.9,1.8,0.0,3.6,3.6,4.5
1.8,1.8,0.0,3.6,3.6,4.5
0.9,0.9,0.9,3.6,3.6,4.5
1.8,0.9,0.9,3.6,3.6,4.5
0.9,1.8,0.9,3.6,3.6,4.5
1.8,1.8,0.9,3.6,3.6,4.5
0.9,0.9,1.8,3.6,3.6,4.5
1.8,0.9,1.8,3.6,3.6,4.5
0.9,1.8,1.8,3.6,3.6,4.5
1.8,1.8,1.8,3.6,3.6,4.5
0.9,0.9,2.7,3.6,3.6,4.5
1.8,0.9,2.7,3.6,3.6,4.5
0.9,1.8,2.7,3.6,3.6,4.5
1.8,1.8,2.7,3.6,3.6,4.5
0.9,0.9,3.6,3.6,3.6,4.5
1.8,0.9,3.6,3.6,3.6,4.5
0.9,1.8,3.6,3.6,3.6,4.5
1.8,1.8,3.6,3.6,3.6,4.5
0.9,0.9,4.5,3.6,3.6,4.5
1.8,0.9,4.5,3.6,3.6,4.5
0.9,1.8,4.5,3.6,3.6,4.5
1.8,1.8,4.5,3.6,3.6,4.5
0.9,0.9,5.4,3.6,3.6,4.5
1.8,0.9,5.4,3.6,3.6,4.5
0.9,1.8,5.4,3.6,3.6,4.5
1.8,1.8,5.4,3.6,3.6,4.5
0.9,0.9,0.0,4.5,3.6,4.5
1.8,0.9,0.0,4.5,3.6,4.5
0.9,1.8,0.0,4.5,3.6,4.5
1.8,1.8,0.0,4.5,3.6,4.5
0.9,0.9,0.9,4.5,3.6,4.5
1.8,0.9,0.9,4.5,3.6,4.5
0.9,1.8,0.9,4.5,3.6,4.5
1.8,1.8,0.9,4.5,3.6,4.5
0.9,0.9,1.8,4.5,3.6,4.5
1.8,0.9,1.8,4.5,3.6,4.5
0.9,1.8,1.8,4.5,3.6,4.5
1.8,1.8,1.8,4.5,3.6,4.5
0.9,0.9,2.7,4.5,3.6,4.5
1.8,0.9,2.7,4.5,3.6,4.5
0.9,1.8,2.7,4.5,3.6,4.5
1.8,1.8,2.7,4.5,3.6,4.5
0.9,0.9,3.6,4.5,3.6,4.5
1.8,0.9,3.6,4.5,3.6,4.5
0.9,1.8,3.6,4.5,3.6,4.5
1.8,1.8,3.6,4.5,3.6,4.5
0.9,0.9,4.5,4.5,3.6,4.5
1.8,0.9,4.5,4.5,3.6,4.5
0.9,1.8,4.5,4.5,3.6,4.5
1.8,1.8,4.5,4.5,3.6,4.5
0.9,0.9,5.4,4.5,3.6,4.5
1.8,0.9,5.4,4.5,3.6,4.5
0.9,1.8,5.4,4.5,3.6,4.5
1.8,1.8,5.4,4.5,3.6,4.5
0.9,0.9,0.0,5.4,3.6,4.5
1.8,0.9,0.0,5.4,3.6,4.5
0.9,1.8,0.0,5.4,3.6,4.5
1.8,1.8,0.0,5.4,3.6,4.5
0.9,0.9,0.9,5.4,3.6,4.5
1.8,0.9,0.9,5.4,3.6,4.5
0.9,1.8,0.9,5.4,3.6,4.5
1.8,1.8,0.9,5.4,3.6,4.5
0.9,0.9,1.8,5.4,3.6,4.5
1.8,0.9,1.8,5.4,3.6,4.5
0.9,1.8,1.8,5.4,3.6,4.5
1.8,1.8,1.8,5.4,3.6,4.5
0.9,0.9,2.7,5.4,3.6,4.5
1.8,0.9,2.7,5.4,3.6,4.5
0.9,1.8,2.7,5.4,3.6,4.5
1.8,1.8,2.7,5.4,3.6,4.5
0.9,0.9,3.6,5.4,3.6,4.5
1.8,0.9,3.6,5.4,3.6,4.5
0.9,1.8,3.6,5.4,3.6,4.5
1.8,1.8,3.6,5.4,3.6,4.5
0.9,0.9,4.5,5.4,3.6,4.5
1.8,0.9,4.5,5.4,3.6,4.5
0.9,1.8,4.5,5.4,3.6,4.5
1.8,1.8,4.5,5.4,3.6,4.5
0.9,0.9,5.4,5.4,3.6,4.5
1.8,0.9,5.4,5.4,3.6,4.5
0.9,1.8,5.4,5.4,3.6,4.5
1.8,1.8,5.4,5.4,3.6,4.5
0.9,0.9,0.0,0.0,4.5,4.5
1.8,0.9,0.0,0.0,4.5,4.5
0.9,1.8,0.0,0.0,4.5,4.5
1.8,1.8,0.0,0.0,4.5,4.5
0.9,0.9,0.9,0.0,4.5,4.5
1.8,0.9,0.9,0.0,4.5,4.5
0.9,1.8,0.9,0.0,4.5,4.5
1.8,1.8,0.9,0.0,4.5,4.5
0.9,0.9,1.8,0.0,4.5,4.5
1.8,0.9,1.8,0.0,4.5,4.5
0.9,1.8,1.8,0.0,4.5,4.5
1.8,1.8,1.8,0.0,4.5,4.5
0.9,0.9,2.7,0.0,4.5,4.5
1.8,0.9,2.7,0.0,4.5,4.5
0.9,1.8,2.7,0.0,4.5,4.5
1.8,1.8,2.7,0.0,4.5,4.5
0.9,0.9,3.6,0.0,4.5,4.5
1.8,0.9,3.6,0.0,4.5,4.5
0.9,1.8,3.6,0.0,4.5,4.5
1.8,1.8,3.6,0.0,4.5,4.5
0.9,0.9,4.5,0.0,4.5,4.5
1.8,0.9,4.5,0.0,4.5,4.5
0.9,1.8,4.5,0.0,4.5,4.5
1.8,1.8,4.5,0.0,4.5,4.5
0.9,0.9,5.4,0.0,4.5,4.5
1.8,0.9,5.4,0.0,4.5,4.5
0.9,1.8,5.4,0.0,4.5,4.5
1.8,1.8,5.4,0.0,4.5,4.5
0.9,0.9,0.0,0.9,4.5,4.5
1.8,0.9,0.0,0.9,4.5,4.5
0.9,1.8,0.0,0.9,4.5,4.5
1.8,1.8,0.0,0.9,4.5,4.5
0.9,0.9,0.9,0.9,4.5,4.5
1.8,0.9,0.9,0.9,4.5,4.5
0.9,1.8,0.9,0.9,4.5,4.5
1.8,1.8,0.9,0.9,4.5,4.5
0.9,0.9,1.8,0.9,4.5,4.5
1.8,0.9,1.8,0.9,4.5,4.5
0.9,1.8,1.8,0.9,4.5,4.5
1.8,1.8,1.8,0.9,4.5,4.5
0.9,0.9,2.7,0.9,4.5,4.5
1.8,0.9,2.7,0.9,4.5,4.5
0.9,1.8,2.7,0.9,4.5,4.5
1.8,1.8,2.7,0.9,4.5,4.5
0.9,0.9,3.6,0.9,4.5,4.5
1.8,0.9,3.6,0.9,4.5,4.5
0.9,1.8,3.6,0.9,4.5,4.5
1.8,1.8,3.6,0.9,4.5,4.5
0.9,0.9,4.5,0.9,4.5,4.5
1.8,0.9,4.5,0.9,4.5,4.5
0.9,1.8,4.5,0.9,4.5,4.5
1.8,1.8,4.5,0.9,4.5,4.5
0.9,0.9,5.4,0.9,4.5,4.5
1.8,0.9,5.4,0.9,4.5,4.5
0.9,1.8,5.4,0.9,4.5,4.5
1.8,1.8,5.4,0.9,4.5,4.5
0.9,0.9,0.0,1.8,4.5,4.5
1.8,0.9,0.0,1.8,4.5,4.5
0.9,1.8,0.0,1.8,4.5,4.5
1.8,1.8,0.0,1.8,4.5,4.5
0.9,0.9,0.9,1.8,4.5,4.5
1.8,0.9,0.9,1.8,4.5,4.5
0.9,1.8,0.9,1.8,4.5,4.5
1.8,1.8,0.9,1.8,4.5,4.5
0.9,0.9,1.8,1.8,4.5,4.5
1.8,0.9,1.8,1.8,4.5,4.5
0.9,1.8,1.8,1.8,4.5,4.5
1.8,1.8,1.8,1.8,4.5,4.5
0.9,0.9,2.7,1.8,4.5,4.5
1.8,0.9,2.7,1.8,4.5,4.5
0.9,1.8,2.7,1.8,4.5,4.5
1.8,1.8,2.7,1.8,4.5,4.5
0.9,0.9,3.6,1.8,4.5,4.5
1.8,0.9,3.6,1.8,4.5,4.5
0.9,1.8,3.6,1.8,4.5,4.5
1.8,1.8,3.6,1.8,4.5,4.5
0.9,0.9,4.5,1.8,4.5,4.5
1.8,0.9,4.5,1.8,4.5,4.5
0.9,1.8,4.5,1.8,4.5,4.5
1.8,1.8,4.5,1.8,4.5,4.5
0.9,0.9,5.4,1.8,4.5,4.5
1.8,0.9,5.4,1.8,4.5,4.5
0.9,1.8,5.4,1.8,4.5,4.5
1.8,1.8,5.4,1.8,4.5,4.5
0.9,0.9,0.0,2.7,4.5,4.5
1.8,0.9,0.0,2.7,4.5,4.5
0.9,1.8,0.0,2.7,4.5,4.5
1.8,1.8,0.0,2.7,4.5,4.5
0.9,0.9,0.9,2.7,4.5,4.5
1.8,0.9,0.9,2.7,4.5,4.5
0.9,1.8,0.9,2.7,4.5,4.5
1.8,1.8,0.9,2.7,4.5,4.5
0.9,0.9,1.8,2.7,4.5,4.5
1.8,0.9,1.8,2.7,4.5,4.5
0.9,1.8,1.8,2.7,4.5,4.5
1.8,1.8,1.8,2.7,4.5,4.5
0.9,0.9,2.7,2.7,4.5,4.5
1.8,0.9,2.7,2.7,4.5,4.5
0.9,1.8,2.7,2.7,4.5,4.5
1.8,1.8,2.7,2.7,4.5,4.5
0.9,0.9,3.6,2.7,4.5,4.5
1.8,0.9,3.6,2.7,4.5,4.5
0.9,1.8,3.6,2.7,4.5,4.5
1.8,1.8,3.6,2.7,4.5,4.5
0.9,0.9,4.5,2.7,4.5,4.5
1.8,0.9,4.5,2.7,4.5,4.5
0.9,1.8,4.5,2.7,4.5,4.5
1.8,1.8,4.5,2.7,4.5,4.5
0.9,0.9,5.4,2.7,4.5,4.5
1.8,0.9,5.4,2.7,4.5,4.5
0.9,1.8,5.4,2.7,4.5,4.5
1.8,1.8,5.4,2.7,4.5,4.5
0.9,0.9,0.0,3.6,4.5,4.5
1.8,0.9,0.0,3.6,4.5,4.5
0.9,1.8,0.0,3.6,4.5,4.5
1.8,1.8,0.0,3.6,4.5,4.5
0.9,0.9,0.9,3.6,4.5,4.5
1.8,0.9,0.9,3.6,4.5,4.5
0.9,1.8,0.9,3.6,4.5,4.5
1.8,1.8,0.9,3.6,4.5,4.5
0.9,0.9,1.8,3.6,4.5,4.5
1.8,0.9,1.8,3.6,4.5,4.5
0.9,1.8,1.8,3.6,4.5,4.5
1.8,1.8,1.8,3.6,4.5,4.5
0.9,0.9,2.7,3.6,4.5,4.5
1.8,0.9,2.7,3.6,4.5,4.5
0.9,1.8,2.7,3.6,4.5,4.5
1.8,1.8,2.7,3.6,4.5,4.5
0.9,0.9,3.6,3.6,4.5,4.5
1.8,0.9,3.6,3.6,4.5,4.5
0.9,1.8,3.6,3.6,4.5,4.5
1.8,1.8,3.6,3.6,4.5,4.5
0.9,0.9,4.5,3.6,4.5,4.5
1.8,0.9,4.5,3.6,4.5,4.5
0.9,1.8,4.5,3.6,4.5,4.5
1.8,1.8,4.5,3.6,4.5,4.5
0.9,0.9,5.4,3.6,4.5,4.5
1.8,0.9,5.4,3.6,4.5,4.5
0.9,1.8,5.4,3.6,4.5,4.5
1.8,1.8,5.4,3.6,4.5,4.5
0.9,0.9,0.0,4.5,4.5,4.5
1.8,0.9,0.0,4.5,4.5,4.5
0.9,1.8,0.0,4.5,4.5,4.5
1.8,1.8,0.0,4.5,4.5,4.5
0.9,0.9,0.9,4.5,4.5,4.5
1.8,0.9,0.9,4.5,4.5,4.5
0.9,1.8,0.9,4.5,4.5,4.5
1.8,1.8,0.9,4.5,4.5,4.5
0.9,0.9,1.8,4.5,4.5,4.5
1.8,0.9,1.8,4.5,4.5,4.5
0.9,1.8,1.8,4.5,4.5,4.5
1.8,1.8,1.8,4.5,4.5,4.5
0.9,0.9,2.7,4.5,4.5,4.5
1.8,0.9,2.7,4.5,4.5,4.5
0.9,1.8,2.7,4.5,4.5,4.5
1.8,1.8,2.7,4.5,4.5,4.5
0.9,0.9,3.6,4.5,4.5,4.5
1.8,0.9,3.6,4.5,4.5,4.5
0.9,1.8,3.6,4.5,4.5,4.5
1.8,1.8,3.6,4.5,4.5,4.5
0.9,0.9,4.5,4.5,4.5,4.5
1.8,0.9,4.5,4.5,4.5,4.5
0.9,1.8,4.5,4.5,4.5,4.5
1.8,1.8,4.5,4.5,4.5,4.5
0.9,0.9,5.4,4.5,4.5,4.5
1.8,0.9,5.4,4.5,4.5,4.5
0.9,1.8,5.4,4.5,4.5,4.5
1.8,1.8,5.4,4.5,4.5,4.5
0.9,0.9,0.0,5.4,4.5,4.5
1.8,0.9,0.0,5.4,4.5,4.5
0.9,1.8,0.0,5.4,4.5,4.5
1.8,1.8,0.0,5.4,4.5,4.5
0.9,0.9,0.9,5.4,4.5,4.5
1.8,0.9,0.9,5.4,4.5,4.5
0.9,1.8,0.9,5.4,4.5,4.5
1.8,1.8,0.9,5.4,4.5,4.5
0.9,0.9,1.8,5.4,4.5,4.5
1.8,0.9,1.8,5.4,4.5,4.5
0.9,1.8,1.8,5.4,4.5,4.5
1.8,1.8,1.8,5.4,4.5,4.5
0.9,0.9,2.7,5.4,4.5,4.5
1.8,0.9,2.7,5.4,4.5,4.5
0.9,1.8,2.7,5.4,4.5,4.5
1.8,1.8,2.7,5.4,4.5,4.5
0.9,0.9,3.6,5.4,4.5,4.5
1.8,0.9,3.6,5.4,4.5,4.5
0.9,1.8,3.6,5.4,4.5,4.5
1.8,1.8,3.6,5.4,4.5,4.5
0.9,0.9,4.5,5.4,4.5,4.5
1.8,0.9,4.5,5.4,4.5,4.5
0.9,1.8,4.5,5.4,4.5,4.5
1.8,1.8,4.5,5.4,4.5,4.5
0.9,0.9,5.4,5.4,4.5,4.5
1.8,0.9,5.4,5.4,4.5,4.5
0.9,1.8,5.4,5.4,4.5,4.5
1.8,1.8,5.4,5.4,4.5,4.5
0.9,0.9,0.0,0.0,5.4,4.5
1.8,0.9,0.0,0.0,5.4,4.5
0.9,1.8,0.0,0.0,5.4,4.5
1.8,1.8,0.0,0.0,5.4,4.5
0.9,0.9,0.9,0.0,5.4,4.5
1.8,0.9,0.9,0.0,5.4,4.5
0.9,1.8,0.9,0.0,5.4,4.5
1.8,1.8,0.9,0.0,5.4,4.5
0.9,0.9,1.8,0.0,5.4,4.5
1.8,0.9,1.8,0.0,5.4,4.5
0.9,1.8,1.8,0.0,5.4,4.5
1.8,1.8,1.8,0.0,5.4,4.5
0.9,0.9,2.7,0.0,5.4,4.5
1.8,0.9,2.7,0.0,5.4,4.5
0.9,1.8,2.7,0.0,5.4,4.5
1.8,1.8,2.7,0.0,5.4,4.5
0.9,0.9,3.6,0.0,5.4,4.5
1.8,0.9,3.6,0.0,5.4,4.5
0.9,1.8,3.6,0.0,5.4,4.5
1.8,1.8,3.6,0.0,5.4,4.5
0.9,0.9,4.5,0.0,5.4,4.5
1.8,0.9,4.5,0.0,5.4,4.5
0.9,1.8,4.5,0.0,5.4,4.5
1.8,1.8,4.5,0.0,5.4,4.5
0.9,0.9,5.4,0.0,5.4,4.5
1.8,0.9,5.4,0.0,5.4,4.5
0.9,1.8,5.4,0.0,5.4,4.5
1.8,1.8,5.4,0.0,5.4,4.5
0.9,0.9,0.0,0.9,5.4,4.5
1.8,0.9,0.0,0.9,5.4,4.5
0.9,1.8,0.0,0.9,5.4,4.5
1.8,1.8,0.0,0.9,5.4,4.5
0.9,0.9,0.9,0.9,5.4,4.5
1.8,0.9,0.9,0.9,5.4,4.5
0.9,1.8,0.9,0.9,5.4,4.5
1.8,1.8,0.9,0.9,5.4,4.5
0.9,0.9,1.8,0.9,5.4,4.5
1.8,0.9,1.8,0.9,5.4,4.5
0.9,1.8,1.8,0.9,5.4,4.5
1.8,1.8,1.8,0.9,5.4,4.5
0.9,0.9,2.7,0.9,5.4,4.5
1.8,0.9,2.7,0.9,5.4,4.5
0.9,1.8,2.7,0.9,5.4,4.5
1.8,1.8,2.7,0.9,5.4,4.5
0.9,0.9,3.6,0.9,5.4,4.5
1.8,0.9,3.6,0.9,5.4,4.5
0.9,1.8,3.6,0.9,5.4,4.5
1.8,1.8,3.6,0.9,5.4,4.5
0.9,0.9,4.5,0.9,5.4,4.5
1.8,0.9,4.5,0.9,5.4,4.5
0.9,1.8,4.5,0.9,5.4,4.5
1.8,1.8,4.5,0.9,5.4,4.5
0.9,0.9,5.4,0.9,5.4,4.5
1.8,0.9,5.4,0.9,5.4,4.5
0.9,1.8,5.4,0.9,5.4,4.5
1.8,1.8,5.4,0.9,5.4,4.5
0.9,0.9,0.0,1.8,5.4,4.5
1.8,0.9,0.0,1.8,5.4,4.5
0.9,1.8,0.0,1.8,5.4,4.5
1.8,1.8,0.0,1.8,5.4,4.5
0.9,0.9,0.9,1.8,5.4,4.5
1.8,0.9,0.9,1.8,5.4,4.5
0.9,1.8,0.9,1.8,5.4,4.5
1.8,1.8,0.9,1.8,5.4,4.5
0.9,0.9,1.8,1.8,5.4,4.5
1.8,0.9,1.8,1.8,5.4,4.5
0.9,1.8,1.8,1.8,5.4,4.5
1.8,1.8,1.8,1.8,5.4,4.5
0.9,0.9,2.7,1.8,5.4,4.5
1.8,0.9,2.7,1.8,5.4,4.5
0.9,1.8,2.7,1.8,5.4,4.5
1.8,1.8,2.7,1.8,5.4,4.5
0.9,0.9,3.6,1.8,5.4,4.5
1.8,0.9,3.6,1.8,5.4,4.5
0.9,1.8,3.6,1.8,5.4,4.5
1.8,1.8,3.6,1.8,5.4,4.5
0.9,0.9,4.5,1.8,5.4,4.5
1.8,0.9,4.5,1.8,5.4,4.5
0.9,1.8,4.5,1.8,5.4,4.5
1.8,1.8,4.5,1.8,5.4,4.5
0.9,0.9,5.4,1.8,5.4,4.5
1.8,0.9,5.4,1.8,5.4,4.5
0.9,1.8,5.4,1.8,5.4,4.5
1.8,1.8,5.4,1.8,5.4,4.5
0.9,0.9,0.0,2.7,5.4,4.5
1.8,0.9,0.0,2.7,5.4,4.5
0.9,1.8,0.0,2.7,5.4,4.5
1.8,1.8,0.0,2.7,5.4,4.5
0.9,0.9,0.9,2.7,5.4,4.5
1.8,0.9,0.9,2.7,5.4,4.5
0.9,1.8,0.9,2.7,5.4,4.5
1.8,1.8,0.9,2.7,5.4,4.5
0.9,0.9,1.8,2.7,5.4,4.5
1.8,0.9,1.8,2.7,5.4,4.5
0.9,1.8,1.8,2.7,5.4,4.5
1.8,1.8,1.8,2.7,5.4,4.5
0.9,0.9,2.7,2.7,5.4,4.5
1.8,0.9,2.7,2.7,5.4,4.5
0.9,1.8,2.7,2.7,5.4,4.5
1.8,1.8,2.7,2.7,5.4,4.5
0.9,0.9,3.6,2.7,5.4,4.5
1.8,0.9,3.6,2.7,5.4,4.5
0.9,1.8,3.6,2.7,5.4,4.5
1.8,1.8,3.6,2.7,5.4,4.5
0.9,0.9,4.5,2.7,5.4,4.5
1.8,0.9,4.5,2.7,5.4,4.5
0.9,1.8,4.5,2.7,5.4,4.5
1.8,1.8,4.5,2.7,5.4,4.5
0.9,0.9,5.4,2.7,5.4,4.5
1.8,0.9,5.4,2.7,5.4,4.5
0.9,1.8,5.4,2.7,5.4,4.5
1.8,1.8,5.4,2.7,5.4,4.5
0.9,0.9,0.0,3.6,5.4,4.5
1.8,0.9,0.0,3.6,5.4,4.5
0.9,1.8,0.0,3.6,5.4,4.5
1.8,1.8,0.0,3.6,5.4,4.5
0.9,0.9,0.9,3.6,5.4,4.5
1.8,0.9,0.9,3.6,5.4,4.5
0.9,1.8,0.9,3.6,5.4,4.5
1.8,1.8,0.9,3.6,5.4,4.5
0.9,0.9,1.8,3.6,5.4,4.5
1.8,0.9,1.8,3.6,5.4,4.5
0.9,1.8,1.8,3.6,5.4,4.5
1.8,1.8,1.8,3.6,5.4,4.5
0.9,0.9,2.7,3.6,5.4,4.5
1.8,0.9,2.7,3.6,5.4,4.5
0.9,1.8,2.7,3.6,5.4,4.5
1.8,1.8,2.7,3.6,5.4,4.5
0.9,0.9,3.6,3.6,5.4,4.5
1.8,0.9,3.6,3.6,5.4,4.5
0.9,1.8,3.6,3.6,5.4,4.5
1.8,1.8,3.6,3.6,5.4,4.5
0.9,0.9,4.5,3.6,5.4,4.5
1.8,0.9,4.5,3.6,5.4,4.5
0.9,1.8,4.5,3.6,5.4,4.5
1.8,1.8,4.5,3.6,5.4,4.5
0.9,0.9,5.4,3.6,5.4,4.5
1.8,0.9,5.4,3.6,5.4,4.5
0.9,1.8,5.4,3.6,5.4,4.5
1.8,1.8,5.4,3.6,5.4,4.5
0.9,0.9,0.0,4.5,5.4,4.5
1.8,0.9,0.0,4.5,5.4,4.5
0.9,1.8,0.0,4.5,5.4,4.5
1.8,1.8,0.0,4.5,5.4,4.5
0.9,0.9,0.9,4.5,5.4,4.5
1.8,0.9,0.9,4.5,5.4,4.5
0.9,1.8,0.9,4.5,5.4,4.5
1.8,1.8,0.9,4.5,5.4,4.5
0.9,0.9,1.8,4.5,5.4,4.5
1.8,0.9,1.8,4.5,5.4,4.5
0.9,1.8,1.8,4.5,5.4,4.5
1.8,1.8,1.8,4.5,5.4,4.5
0.9,0.9,2.7,4.5,5.4,4.5
1.8,0.9,2.7,4.5,5.4,4.5
0.9,1.8,2.7,4.5,5.4,4.5
1.8,1.8,2.7,4.5,5.4,4.5
0.9,0.9,3.6,4.5,5.4,4.5
1.8,0.9,3.6,4.5,5.4,4.5
0.9,1.8,3.6,4.5,5.4,4.5
1.8,1.8,3.6,4.5,5.4,4.5
0.9,0.9,4.5,4.5,5.4,4.5
1.8,0.9,4.5,4.5,5.4,4.5
0.9,1.8,4.5,4.5,5.4,4.5
1.8,1.8,4.5,4.5,5.4,4.5
0.9,0.9,5.4,4.5,5.4,4.5
1.8,0.9,5.4,4.5,5.4,4.5
0.9,1.8,5.4,4.5,5.4,4.5
1.8,1.8,5.4,4.5,5.4,4.5
0.9,0.9,0.0,5.4,5.4,4.5
1.8,0.9,0.0,5.4,5.4,4.5
0.9,1.8,0.0,5.4,5.4,4.5
1.8,1.8,0.0,5.4,5.4,4.5
0.9,0.9,0.9,5.4,5.4,4.5
1.8,0.9,0.9,5.4,5.4,4.5
0.9,1.8,0.9,5.4,5.4,4.5
1.8,1.8,0.9,5.4,5.4,4.5
0.9,0.9,1.8,5.4,5.4,4.5
1.8,0.9,1.8,5.4,5.4,4.5
0.9,1.8,1.8,5.4,5.4,4.5
1.8,1.8,1.8,5.4,5.4,4.5
0.9,0.9,2.7,5.4,5.4,4.5
1.8,0.9,2.7,5.4,5.4,4.5
0.9,1.8,2.7,5.4,5.4,4.5
1.8,1.8,2.7,5.4,5.4,4.5
0.9,0.9,3.6,5.4,5.4,4.5
1.8,0.9,3.6,5.4,5.4,4.5
0.9,1.8,3.6,5.4,5.4,4.5
1.8,1.8,3.6,5.4,5.4,4.5
0.9,0.9,4.5,5.4,5.4,4.5
1.8,0.9,4.5,5.4,5.4,4.5
0.9,1.8,4.5,5.4,5.4,4.5
1.8,1.8,4.5,5.4,5.4,4.5
0.9,0.9,5.4,5.4,5.4,4.5
1.8,0.9,5.4,5.4,5.4,4.5
0.9,1.8,5.4,5.4,5.4,4.5
1.8,1.8,5.4,5.4,5.4,4.5
0.9,0.9,0.0,0.0,0.0,5.4
1.8,0.9,0.0,0.0,0.0,5.4
0.9,1.8,0.0,0.0,0.0,5.4
1.8,1.8,0.0,0.0,0.0,5.4
0.9,0.9,0.9,0.0,0.0,5.4
1.8,0.9,0.9,0.0,0.0,5.4
0.9,1.8,0.9,0.0,0.0,5.4
1.8,1.8,0.9,0.0,0.0,5.4
0.9,0.9,1.8,0.0,0.0,5.4
1.8,0.9,1.8,0.0,0.0,5.4
0.9,1.8,1.8,0.0,0.0,5.4
1.8,1.8,1.8,0.0,0.0,5.4
0.9,0.9,2.7,0.0,0.0,5.4
1.8,0.9,2.7,0.0,0.0,5.4
0.9,1.8,2.7,0.0,0.0,5.4
1.8,1.8,2.7,0.0,0.0,5.4
0.9,0.9,3.6,0.0,0.0,5.4
1.8,0.9,3.6,0.0,0.0,5.4
0.9,1.8,3.6,0.0,0.0,5.4
1.8,1.8,3.6,0.0,0.0,5.4
0.9,0.9,4.5,0.0,0.0,5.4
1.8,0.9,4.5,0.0,0.0,5.4
0.9,1.8,4.5,0.0,0.0,5.4
1.8,1.8,4.5,0.0,0.0,5.4
0.9,0.9,5.4,0.0,0.0,5.4
1.8,0.9,5.4,0.0,0.0,5.4
0.9,1.8,5.4,0.0,0.0,5.4
1.8,1.8,5.4,0.0,0.0,5.4
0.9,0.9,0.0,0.9,0.0,5.4
1.8,0.9,0.0,0.9,0.0,5.4
0.9,1.8,0.0,0.9,0.0,5.4
1.8,1.8,0.0,0.9,0.0,5.4
0.9,0.9,0.9,0.9,0.0,5.4
1.8,0.9,0.9,0.9,0.0,5.4
0.9,1.8,0.9,0.9,0.0,5.4
1.8,1.8,0.9,0.9,0.0,5.4
0.9,0.9,1.8,0.9,0.0,5.4
1.8,0.9,1.8,0.9,0.0,5.4
0.9,1.8,1.8,0.9,0.0,5.4
1.8,1.8,1.8,0.9,0.0,5.4
0.9,0.9,2.7,0.9,0.0,5.4
1.8,0.9,2.7,0.9,0.0,5.4
0.9,1.8,2.7,0.9,0.0,5.4
1.8,1.8,2.7,0.9,0.0,5.4
0.9,0.9,3.6,0.9,0.0,5.4
1.8,0.9,3.6,0.9,0.0,5.4
0.9,1.8,3.6,0.9,0.0,5.4
1.8,1.8,3.6,0.9,0.0,5.4
0.9,0.9,4.5,0.9,0.0,5.4
1.8,0.9,4.5,0.9,0.0,5.4
0.9,1.8,4.5,0.9,0.0,5.4
1.8,1.8,4.5,0.9,0.0,5.4
0.9,0.9,5.4,0.9,0.0,5.4
1.8,0.9,5.4,0.9,0.0,5.4
0.9,1.8,5.4,0.9,0.0,5.4
1.8,1.8,5.4,0.9,0.0,5.4
0.9,0.9,0.0,1.8,0.0,5.4
1.8,0.9,0.0,1.8,0.0,5.4
0.9,1.8,0.0,1.8,0.0,5.4
1.8,1.8,0.0,1.8,0.0,5.4
0.9,0.9,0.9,1.8,0.0,5.4
1.8,0.9,0.9,1.8,0.0,5.4
0.9,1.8,0.9,1.8,0.0,5.4
1.8,1.8,0.9,1.8,0.0,5.4
0.9,0.9,1.8,1.8,0.0,5.4
1.8,0.9,1.8,1.8,0.0,5.4
0.9,1.8,1.8,1.8,0.0,5.4
1.8,1.8,1.8,1.8,0.0,5.4
0.9,0.9,2.7,1.8,0.0,5.4
1.8,0.9,2.7,1.8,0.0,5.4
0.9,1.8,2.7,1.8,0.0,5.4
1.8,1.8,2.7,1.8,0.0,5.4
0.9,0.9,3.6,1.8,0.0,5.4
1.8,0.9,3.6,1.8,0.0,5.4
0.9,1.8,3.6,1.8,0.0,5.4
1.8,1.8,3.6,1.8,0.0,5.4
0.9,0.9,4.5,1.8,0.0,5.4
1.8,0.9,4.5,1.8,0.0,5.4
0.9,1.8,4.5,1.8,0.0,5.4
1.8,1.8,4.5,1.8,0.0,5.4
0.9,0.9,5.4,1.8,0.0,5.4
1.8,0.9,5.4,1.8,0.0,5.4
0.9,1.8,5.4,1.8,0.0,5.4
1.8,1.8,5.4,1.8,0.0,5.4
0.9,0.9,0.0,2.7,0.0,5.4
1.8,0.9,0.0,2.7,0.0,5.4
0.9,1.8,0.0,2.7,0.0,5.4
1.8,1.8,0.0,2.7,0.0,5.4
0.9,0.9,0.9,2.7,0.0,5.4
1.8,0.9,0.9,2.7,0.0,5.4
0.9,1.8,0.9,2.7,0.0,5.4
1.8,1.8,0.9,2.7,0.0,5.4
0.9,0.9,1.8,2.7,0.0,5.4
1.8,0.9,1.8,2.7,0.0,5.4
0.9,1.8,1.8,2.7,0.0,5.4
1.8,1.8,1.8,2.7,0.0,5.4
0.9,0.9,2.7,2.7,0.0,5.4
1.8,0.9,2.7,2.7,0.0,5.4
0.9,1.8,2.7,2.7,0.0,5.4
1.8,1.8,2.7,2.7,0.0,5.4
0.9,0.9,3.6,2.7,0.0,5.4
1.8,0.9,3.6,2.7,0.0,5.4
0.9,1.8,3.6,2.7,0.0,5.4
1.8,1.8,3.6,2.7,0.0,5.4
0.9,0.9,4.5,2.7,0.0,5.4
1.8,0.9,4.5,2.7,0.0,5.4
0.9,1.8,4.5,2.7,0.0,5.4
1.8,1.8,4.5,2.7,0.0,5.4
0.9,0.9,5.4,2.7,0.0,5.4
1.8,0.9,5.4,2.7,0.0,5.4
0.9,1.8,5.4,2.7,0.0,5.4
1.8,1.8,5.4,2.7,0.0,5.4
0.9,0.9,0.0,3.6,0.0,5.4
1.8,0.9,0.0,3.6,0.0,5.4
0.9,1.8,0.0,3.6,0.0,5.4
1.8,1.8,0.0,3.6,0.0,5.4
0.9,0.9,0.9,3.6,0.0,5.4
1.8,0.9,0.9,3.6,0.0,5.4
0.9,1.8,0.9,3.6,0.0,5.4
1.8,1.8,0.9,3.6,0.0,5.4
0.9,0.9,1.8,3.6,0.0,5.4
1.8,0.9,1.8,3.6,0.0,5.4
0.9,1.8,1.8,3.6,0.0,5.4
1.8,1.8,1.8,3.6,0.0,5.4
0.9,0.9,2.7,3.6,0.0,5.4
1.8,0.9,2.7,3.6,0.0,5.4
0.9,1.8,2.7,3.6,0.0,5.4
1.8,1.8,2.7,3.6,0.0,5.4
0.9,0.9,3.6,3.6,0.0,5.4
1.8,0.9,3.6,3.6,0.0,5.4
0.9,1.8,3.6,3.6,0.0,5.4
1.8,1.8,3.6,3.6,0.0,5.4
0.9,0.9,4.5,3.6,0.0,5.4
1.8,0.9,4.5,3.6,0.0,5.4
0.9,1.8,4.5,3.6,0.0,5.4
1.8,1.8,4.5,3.6,0.0,5.4
0.9,0.9,5.4,3.6,0.0,5.4
1.8,0.9,5.4,3.6,0.0,5.4
0.9,1.8,5.4,3.6,0.0,5.4
1.8,1.8,5.4,3.6,0.0,5.4
0.9,0.9,0.0,4.5,0.0,5.4
1.8,0.9,0.0,4.5,0.0,5.4
0.9,1.8,0.0,4.5,0.0,5.4
1.8,1.8,0.0,4.5,0.0,5.4
0.9,0.9,0.9,4.5,0.0,5.4
1.8,0.9,0.9,4.5,0.0,5.4
0.9,1.8,0.9,4.5,0.0,5.4
1.8,1.8,0.9,4.5,0.0,5.4
0.9,0.9,1.8,4.5,0.0,5.4
1.8,0.9,1.8,4.5,0.0,5.4
0.9,1.8,1.8,4.5,0.0,5.4
1.8,1.8,1.8,4.5,0.0,5.4
0.9,0.9,2.7,4.5,0.0,5.4
1.8,0.9,2.7,4.5,0.0,5.4
0.9,1.8,2.7,4.5,0.0,5.4
1.8,1.8,2.7,4.5,0.0,5.4
0.9,0.9,3.6,4.5,0.0,5.4
1.8,0.9,3.6,4.5,0.0,5.4
0.9,1.8,3.6,4.5,0.0,5.4
1.8,1.8,3.6,4.5,0.0,5.4
0.9,0.9,4.5,4.5,0.0,5.4
1.8,0.9,4.5,4.5,0.0,5.4
0.9,1.8,4.5,4.5,0.0,5.4
1.8,1.8,4.5,4.5,0.0,5.4
0.9,0.9,5.4,4.5,0.0,5.4
1.8,0.9,5.4,4.5,0.0,5.4
0.9,1.8,5.4,4.5,0.0,5.4
1.8,1.8,5.4,4.5,0.0,5.4
0.9,0.9,0.0,5.4,0.0,5.4
1.8,0.9,0.0,5.4,0.0,5.4
0.9,1.8,0.0,5.4,0.0,5.4
1.8,1.8,0.0,5.4,0.0,5.4
0.9,0.9,0.9,5.4,0.0,5.4
1.8,0.9,0.9,5.4,0.0,5.4
0.9,1.8,0.9,5.4,0.0,5.4
1.8,1.8,0.9,5.4,0.0,5.4
0.9,0.9,1.8,5.4,0.0,5.4
1.8,0.9,1.8,5.4,0.0,5.4
0.9,1.8,1.8,5.4,0.0,5.4
1.8,1.8,1.8,5.4,0.0,5.4
0.9,0.9,2.7,5.4,0.0,5.4
1.8,0.9,2.7,5.4,0.0,5.4
0.9,1.8,2.7,5.4,0.0,5.4
1.8,1.8,2.7,5.4,0.0,5.4
0.9,0.9,3.6,5.4,0.0,5.4
1.8,0.9,3.6,5.4,0.0,5.4
0.9,1.8,3.6,5.4,0.0,5.4
1.8,1.8,3.6,5.4,0.0,5.4
0.9,0.9,4.5,5.4,0.0,5.4
1.8,0.9,4.5,5.4,0.0,5.4
0.9,1.8,4.5,5.4,0.0,5.4
1.8,1.8,4.5,5.4,0.0,5.4
0.9,0.9,5.4,5.4,0.0,5.4
1.8,0.9,5.4,5.4,0.0,5.4
0.9,1.8,5.4,5.4,0.0,5.4
1.8,1.8,5.4,5.4,0.0,5.4
0.9,0.9,0.0,0.0,0.9,5.4
1.8,0.9,0.0,0.0,0.9,5.4
0.9,1.8,0.0,0.0,0.9,5.4
1.8,1.8,0.0,0.0,0.9,5.4
0.9,0.9,0.9,0.0,0.9,5.4
1.8,0.9,0.9,0.0,0.9,5.4
0.9,1.8,0.9,0.0,0.9,5.4
1.8,1.8,0.9,0.0,0.9,5.4
0.9,0.9,1.8,0.0,0.9,5.4
1.8,0.9,1.8,0.0,0.9,5.4
0.9,1.8,1.8,0.0,0.9,5.4
1.8,1.8,1.8,0.0,0.9,5.4
0.9,0.9,2.7,0.0,0.9,5.4
1.8,0.9,2.7,0.0,0.9,5.4
0.9,1.8,2.7,0.0,0.9,5.4
1.8,1.8,2.7,0.0,0.9,5.4
0.9,0.9,3.6,0.0,0.9,5.4
1.8,0.9,3.6,0.0,0.9,5.4
0.9,1.8,3.6,0.0,0.9,5.4
1.8,1.8,3.6,0.0,0.9,5.4
0.9,0.9,4.5,0.0,0.9,5.4
1.8,0.9,4.5,0.0,0.9,5.4
0.9,1.8,4.5,0.0,0.9,5.4
1.8,1.8,4.5,0.0,0.9,5.4
0.9,0.9,5.4,0.0,0.9,5.4
1.8,0.9,5.4,0.0,0.9,5.4
0.9,1.8,5.4,0.0,0.9,5.4
1.8,1.8,5.4,0.0,0.9,5.4
0.9,0.9,0.0,0.9,0.9,5.4
1.8,0.9,0.0,0.9,0.9,5.4
0.9,1.8,0.0,0.9,0.9,5.4
1.8,1.8,0.0,0.9,0.9,5.4
0.9,0.9,0.9,0.9,0.9,5.4
1.8,0.9,0.9,0.9,0.9,5.4
0.9,1.8,0.9,0.9,0.9,5.4
1.8,1.8,0.9,0.9,0.9,5.4
0.9,0.9,1.8,0.9,0.9,5.4
1.8,0.9,1.8,0.9,0.9,5.4
0.9,1.8,1.8,0.9,0.9,5.4
1.8,1.8,1.8,0.9,0.9,5.4
0.9,0.9,2.7,0.9,0.9,5.4
1.8,0.9,2.7,0.9,0.9,5.4
0.9,1.8,2.7,0.9,0.9,5.4
1.8,1.8,2.7,0.9,0.9,5.4
0.9,0.9,3.6,0.9,0.9,5.4
1.8,0.9,3.6,0.9,0.9,5.4
0.9,1.8,3.6,0.9,0.9,5.4
1.8,1.8,3.6,0.9,0.9,5.4
0.9,0.9,4.5,0.9,0.9,5.4
1.8,0.9,4.5,0.9,0.9,5.4
0.9,1.8,4.5,0.9,0.9,5.4
1.8,1.8,4.5,0.9,0.9,5.4
0.9,0.9,5.4,0.9,0.9,5.4
1.8,0.9,5.4,0.9,0.9,5.4
0.9,1.8,5.4,0.9,0.9,5.4
1.8,1.8,5.4,0.9,0.9,5.4
0.9,0.9,0.0,1.8,0.9,5.4
1.8,0.9,0.0,1.8,0.9,5.4
0.9,1.8,0.0,1.8,0.9,5.4
1.8,1.8,0.0,1.8,0.9,5.4
0.9,0.9,0.9,1.8,0.9,5.4
1.8,0.9,0.9,1.8,0.9,5.4
0.9,1.8,0.9,1.8,0.9,5.4
1.8,1.8,0.9,1.8,0.9,5.4
0.9,0.9,1.8,1.8,0.9,5.4
1.8,0.9,1.8,1.8,0.9,5.4
0.9,1.8,1.8,1.8,0.9,5.4
1.8,1.8,1.8,1.8,0.9,5.4
0.9,0.9,2.7,1.8,0.9,5.4
1.8,0.9,2.7,1.8,0.9,5.4
0.9,1.8,2.7,1.8,0.9,5.4
1.8,1.8,2.7,1.8,0.9,5.4
0.9,0.9,3.6,1.8,0.9,5.4
1.8,0.9,3.6,1.8,0.9,5.4
0.9,1.8,3.6,1.8,0.9,5.4
1.8,1.8,3.6,1.8,0.9,5.4
0.9,0.9,4.5,1.8,0.9,5.4
1.8,0.9,4.5,1.8,0.9,5.4
0.9,1.8,4.5,1.8,0.9,5.4
1.8,1.8,4.5,1.8,0.9,5.4
0.9,0.9,5.4,1.8,0.9,5.4
1.8,0.9,5.4,1.8,0.9,5.4
0.9,1.8,5.4,1.8,0.9,5.4
1.8,1.8,5.4,1.8,0.9,5.4
0.9,0.9,0.0,2.7,0.9,5.4
1.8,0.9,0.0,2.7,0.9,5.4
0.9,1.8,0.0,2.7,0.9,5.4
1.8,1.8,0.0,2.7,0.9,5.4
0.9,0.9,0.9,2.7,0.9,5.4
1.8,0.9,0.9,2.7,0.9,5.4
0.9,1.8,0.9,2.7,0.9,5.4
1.8,1.8,0.9,2.7,0.9,5.4
0.9,0.9,1.8,2.7,0.9,5.4
1.8,0.9,1.8,2.7,0.9,5.4
0.9,1.8,1.8,2.7,0.9,5.4
1.8,1.8,1.8,2.7,0.9,5.4
0.9,0.9,2.7,2.7,0.9,5.4
1.8,0.9,2.7,2.7,0.9,5.4
0.9,1.8,2.7,2.7,0.9,5.4
1.8,1.8,2.7,2.7,0.9,5.4
0.9,0.9,3.6,2.7,0.9,5.4
1.8,0.9,3.6,2.7,0.9,5.4
0.9,1.8,3.6,2.7,0.9,5.4
1.8,1.8,3.6,2.7,0.9,5.4
0.9,0.9,4.5,2.7,0.9,5.4
1.8,0.9,4.5,2.7,0.9,5.4
0.9,1.8,4.5,2.7,0.9,5.4
1.8,1.8,4.5,2.7,0.9,5.4
0.9,0.9,5.4,2.7,0.9,5.4
1.8,0.9,5.4,2.7,0.9,5.4
0.9,1.8,5.4,2.7,0.9,5.4
1.8,1.8,5.4,2.7,0.9,5.4
0.9,0.9,0.0,3.6,0.9,5.4
1.8,0.9,0.0,3.6,0.9,5.4
0.9,1.8,0.0,3.6,0.9,5.4
1.8,1.8,0.0,3.6,0.9,5.4
0.9,0.9,0.9,3.6,0.9,5.4
1.8,0.9,0.9,3.6,0.9,5.4
0.9,1.8,0.9,3.6,0.9,5.4
1.8,1.8,0.9,3.6,0.9,5.4
0.9,0.9,1.8,3.6,0.9,5.4
1.8,0.9,1.8,3.6,0.9,5.4
0.9,1.8,1.8,3.6,0.9,5.4
1.8,1.8,1.8,3.6,0.9,5.4
0.9,0.9,2.7,3.6,0.9,5.4
1.8,0.9,2.7,3.6,0.9,5.4
0.9,1.8,2.7,3.6,0.9,5.4
1.8,1.8,2.7,3.6,0.9,5.4
0.9,0.9,3.6,3.6,0.9,5.4
1.8,0.9,3.6,3.6,0.9,5.4
0.9,1.8,3.6,3.6,0.9,5.4
1.8,1.8,3.6,3.6,0.9,5.4
0.9,0.9,4.5,3.6,0.9,5.4
1.8,0.9,4.5,3.6,0.9,5.4
0.9,1.8,4.5,3.6,0.9,5.4
1.8,1.8,4.5,3.6,0.9,5.4
0.9,0.9,5.4,3.6,0.9,5.4
1.8,0.9,5.4,3.6,0.9,5.4
0.9,1.8,5.4,3.6,0.9,5.4
1.8,1.8,5.4,3.6,0.9,5.4
0.9,0.9,0.0,4.5,0.9,5.4
1.8,0.9,0.0,4.5,0.9,5.4
0.9,1.8,0.0,4.5,0.9,5.4
1.8,1.8,0.0,4.5,0.9,5.4
0.9,0.9,0.9,4.5,0.9,5.4
1.8,0.9,0.9,4.5,0.9,5.4
0.9,1.8,0.9,4.5,0.9,5.4
1.8,1.8,0.9,4.5,0.9,5.4
0.9,0.9,1.8,4.5,0.9,5.4
1.8,0.9,1.8,4.5,0.9,5.4
0.9,1.8,1.8,4.5,0.9,5.4
1.8,1.8,1.8,4.5,0.9,5.4
0.9,0.9,2.7,4.5,0.9,5.4
1.8,0.9,2.7,4.5,0.9,5.4
0.9,1.8,2.7,4.5,0.9,5.4
1.8,1.8,2.7,4.5,0.9,5.4
0.9,0.9,3.6,4.5,0.9,5.4
1.8,0.9,3.6,4.5,0.9,5.4
0.9,1.8,3.6,4.5,0.9,5.4
1.8,1.8,3.6,4.5,0.9,5.4
0.9,0.9,4.5,4.5,0.9,5.4
1.8,0.9,4.5,4.5,0.9,5.4
0.9,1.8,4.5,4.5,0.9,5.4
1.8,1.8,4.5,4.5,0.9,5.4
0.9,0.9,5.4,4.5,0.9,5.4
1.8,0.9,5.4,4.5,0.9,5.4
0.9,1.8,5.4,4.5,0.9,5.4
1.8,1.8,5.4,4.5,0.9,5.4
0.9,0.9,0.0,5.4,0.9,5.4
1.8,0.9,0.0,5.4,0.9,5.4
0.9,1.8,0.0,5.4,0.9,5.4
1.8,1.8,0.0,5.4,0.9,5.4
0.9,0.9,0.9,5.4,0.9,5.4
1.8,0.9,0.9,5.4,0.9,5.4
0.9,1.8,0.9,5.4,0.9,5.4
1.8,1.8,0.9,5.4,0.9,5.4
0.9,0.9,1.8,5.4,0.9,5.4
1.8,0.9,1.8,5.4,0.9,5.4
0.9,1.8,1.8,5.4,0.9,5.4
1.8,1.8,1.8,5.4,0.9,5.4
0.9,0.9,2.7,5.4,0.9,5.4
1.8,0.9,2.7,5.4,0.9,5.4
0.9,1.8,2.7,5.4,0.9,5.4
1.8,1.8,2.7,5.4,0.9,5.4
0.9,0.9,3.6,5.4,0.9,5.4
1.8,0.9,3.6,5.4,0.9,5.4
0.9,1.8,3.6,5.4,0.9,5.4
1.8,1.8,3.6,5.4,0.9,5.4
0.9,0.9,4.5,5.4,0.9,5.4
1.8,0.9,4.5,5.4,0.9,5.4
0.9,1.8,4.5,5.4,0.9,5.4
1.8,1.8,4.5,5.4,0.9,5.4
0.9,0.9,5.4,5.4,0.9,5.4
1.8,0.9,5.4,5.4,0.9,5.4
0.9,1.8,5.4,5.4,0.9,5.4
1.8,1.8,5.4,5.4,0.9,5.4
0.9,0.9,0.0,0.0,1.8,5.4
1.8,0.9,0.0,0.0,1.8,5.4
0.9,1.8,0.0,0.0,1.8,5.4
1.8,1.8,0.0,0.0,1.8,5.4
0.9,0.9,0.9,0.0,1.8,5.4
1.8,0.9,0.9,0.0,1.8,5.4
0.9,1.8,0.9,0.0,1.8,5.4
1.8,1.8,0.9,0.0,1.8,5.4
0.9,0.9,1.8,0.0,1.8,5.4
1.8,0.9,1.8,0.0,1.8,5.4
0.9,1.8,1.8,0.0,1.8,5.4
1.8,1.8,1.8,0.0,1.8,5.4
0.9,0.9,2.7,0.0,1.8,5.4
1.8,0.9,2.7,0.0,1.8,5.4
0.9,1.8,2.7,0.0,1.8,5.4
1.8,1.8,2.7,0.0,1.8,5.4
0.9,0.9,3.6,0.0,1.8,5.4
1.8,0.9,3.6,0.0,1.8,5.4
0.9,1.8,3.6,0.0,1.8,5.4
1.8,1.8,3.6,0.0,1.8,5.4
0.9,0.9,4.5,0.0,1.8,5.4
1.8,0.9,4.5,0.0,1.8,5.4
0.9,1.8,4.5,0.0,1.8,5.4
1.8,1.8,4.5,0.0,1.8,5.4
0.9,0.9,5.4,0.0,1.8,5.4
1.8,0.9,5.4,0.0,1.8,5.4
0.9,1.8,5.4,0.0,1.8,5.4
1.8,1.8,5.4,0.0,1.8,5.4
0.9,0.9,0.0,0.9,1.8,5.4
1.8,0.9,0.0,0.9,1.8,5.4
0.9,1.8,0.0,0.9,1.8,5.4
1.8,1.8,0.0,0.9,1.8,5.4
0.9,0.9,0.9,0.9,1.8,5.4
1.8,0.9,0.9,0.9,1.8,5.4
0.9,1.8,0.9,0.9,1.8,5.4
1.8,1.8,0.9,0.9,1.8,5.4
0.9,0.9,1.8,0.9,1.8,5.4
1.8,0.9,1.8,0.9,1.8,5.4
0.9,1.8,1.8,0.9,1.8,5.4
1.8,1.8,1.8,0.9,1.8,5.4
0.9,0.9,2.7,0.9,1.8,5.4
1.8,0.9,2.7,0.9,1.8,5.4
0.9,1.8,2.7,0.9,1.8,5.4
1.8,1.8,2.7,0.9,1.8,5.4
0.9,0.9,3.6,0.9,1.8,5.4
1.8,0.9,3.6,0.9,1.8,5.4
0.9,1.8,3.6,0.9,1.8,5.4
1.8,1.8,3.6,0.9,1.8,5.4
0.9,0.9,4.5,0.9,1.8,5.4
1.8,0.9,4.5,0.9,1.8,5.4
0.9,1.8,4.5,0.9,1.8,5.4
1.8,1.8,4.5,0.9,1.8,5.4
0.9,0.9,5.4,0.9,1.8,5.4
1.8,0.9,5.4,0.9,1.8,5.4
0.9,1.8,5.4,0.9,1.8,5.4
1.8,1.8,5.4,0.9,1.8,5.4
0.9,0.9,0.0,1.8,1.8,5.4
1.8,0.9,0.0,1.8,1.8,5.4
0.9,1.8,0.0,1.8,1.8,5.4
1.8,1.8,0.0,1.8,1.8,5.4
0.9,0.9,0.9,1.8,1.8,5.4
1.8,0.9,0.9,1.8,1.8,5.4
0.9,1.8,0.9,1.8,1.8,5.4
1.8,1.8,0.9,1.8,1.8,5.4
0.9,0.9,1.8,1.8,1.8,5.4
1.8,0.9,1.8,1.8,1.8,5.4
0.9,1.8,1.8,1.8,1.8,5.4
1.8,1.8,1.8,1.8,1.8,5.4
0.9,0.9,2.7,1.8,1.8,5.4
1.8,0.9,2.7,1.8,1.8,5.4
0.9,1.8,2.7,1.8,1.8,5.4
1.8,1.8,2.7,1.8,1.8,5.4
0.9,0.9,3.6,1.8,1.8,5.4
1.8,0.9,3.6,1.8,1.8,5.4
0.9,1.8,3.6,1.8,1.8,5.4
1.8,1.8,3.6,1.8,1.8,5.4
0.9,0.9,4.5,1.8,1.8,5.4
1.8,0.9,4.5,1.8,1.8,5.4
0.9,1.8,4.5,1.8,1.8,5.4
1.8,1.8,4.5,1.8,1.8,5.4
0.9,0.9,5.4,1.8,1.8,5.4
1.8,0.9,5.4,1.8,1.8,5.4
0.9,1.8,5.4,1.8,1.8,5.4
1.8,1.8,5.4,1.8,1.8,5.4
0.9,0.9,0.0,2.7,1.8,5.4
1.8,0.9,0.0,2.7,1.8,5.4
0.9,1.8,0.0,2.7,1.8,5.4
1.8,1.8,0.0,2.7,1.8,5.4
0.9,0.9,0.9,2.7,1.8,5.4
1.8,0.9,0.9,2.7,1.8,5.4
0.9,1.8,0.9,2.7,1.8,5.4
1.8,1.8,0.9,2.7,1.8,5.4
0.9,0.9,1.8,2.7,1.8,5.4
1.8,0.9,1.8,2.7,1.8,5.4
0.9,1.8,1.8,2.7,1.8,5.4
1.8,1.8,1.8,2.7,1.8,5.4
0.9,0.9,2.7,2.7,1.8,5.4
1.8,0.9,2.7,2.7,1.8,5.4
0.9,1.8,2.7,2.7,1.8,5.4
1.8,1.8,2.7,2.7,1.8,5.4
0.9,0.9,3.6,2.7,1.8,5.4
1.8,0.9,3.6,2.7,1.8,5.4
0.9,1.8,3.6,2.7,1.8,5.4
1.8,1.8,3.6,2.7,1.8,5.4
0.9,0.9,4.5,2.7,1.8,5.4
1.8,0.9,4.5,2.7,1.8,5.4
0.9,1.8,4.5,2.7,1.8,5.4
1.8,1.8,4.5,2.7,1.8,5.4
0.9,0.9,5.4,2.7,1.8,5.4
1.8,0.9,5.4,2.7,1.8,5.4
0.9,1.8,5.4,2.7,1.8,5.4
1.8,1.8,5.4,2.7,1.8,5.4
0.9,0.9,0.0,3.6,1.8,5.4
1.8,0.9,0.0,3.6,1.8,5.4
0.9,1.8,0.0,3.6,1.8,5.4
1.8,1.8,0.0,3.6,1.8,5.4
0.9,0.9,0.9,3.6,1.8,5.4
1.8,0.9,0.9,3.6,1.8,5.4
0.9,1.8,0.9,3.6,1.8,5.4
1.8,1.8,0.9,3.6,1.8,5.4
0.9,0.9,1.8,3.6,1.8,5.4
1.8,0.9,1.8,3.6,1.8,5.4
0.9,1.8,1.8,3.6,1.8,5.4
1.8,1.8,1.8,3.6,1.8,5.4
0.9,0.9,2.7,3.6,1.8,5.4
1.8,0.9,2.7,3.6,1.8,5.4
0.9,1.8,2.7,3.6,1.8,5.4
1.8,1.8,2.7,3.6,1.8,5.4
0.9,0.9,3.6,3.6,1.8,5.4
1.8,0.9,3.6,3.6,1.8,5.4
0.9,1.8,3.6,3.6,1.8,5.4
1.8,1.8,3.6,3.6,1.8,5.4
0.9,0.9,4.5,3.6,1.8,5.4
1.8,0.9,4.5,3.6,1.8,5.4
0.9,1.8,4.5,3.6,1.8,5.4
1.8,1.8,4.5,3.6,1.8,5.4
0.9,0.9,5.4,3.6,1.8,5.4
1.8,0.9,5.4,3.6,1.8,5.4
0.9,1.8,5.4,3.6,1.8,5.4
1.8,1.8,5.4,3.6,1.8,5.4
0.9,0.9,0.0,4.5,1.8,5.4
1.8,0.9,0.0,4.5,1.8,5.4
0.9,1.8,0.0,4.5,1.8,5.4
1.8,1.8,0.0,4.5,1.8,5.4
0.9,0.9,0.9,4.5,1.8,5.4
1.8,0.9,0.9,4.5,1.8,5.4
0.9,1.8,0.9,4.5,1.8,5.4
1.8,1.8,0.9,4.5,1.8,5.4
0.9,0.9,1.8,4.5,1.8,5.4
1.8,0.9,1.8,4.5,1.8,5.4
0.9,1.8,1.8,4.5,1.8,5.4
1.8,1.8,1.8,4.5,1.8,5.4
0.9,0.9,2.7,4.5,1.8,5.4
1.8,0.9,2.7,4.5,1.8,5.4
0.9,1.8,2.7,4.5,1.8,5.4
1.8,1.8,2.7,4.5,1.8,5.4
0.9,0.9,3.6,4.5,1.8,5.4
1.8,0.9,3.6,4.5,1.8,5.4
0.9,1.8,3.6,4.5,1.8,5.4
1.8,1.8,3.6,4.5,1.8,5.4
0.9,0.9,4.5,4.5,1.8,5.4
1.8,0.9,4.5,4.5,1.8,5.4
0.9,1.8,4.5,4.5,1.8,5.4
1.8,1.8,4.5,4.5,1.8,5.4
0.9,0.9,5.4,4.5,1.8,5.4
1.8,0.9,5.4,4.5,1.8,5.4
0.9,1.8,5.4,4.5,1.8,5.4
1.8,1.8,5.4,4.5,1.8,5.4
0.9,0.9,0.0,5.4,1.8,5.4
1.8,0.9,0.0,5.4,1.8,5.4
0.9,1.8,0.0,5.4,1.8,5.4
1.8,1.8,0.0,5.4,1.8,5.4
0.9,0.9,0.9,5.4,1.8,5.4
1.8,0.9,0.9,5.4,1.8,5.4
0.9,1.8,0.9,5.4,1.8,5.4
1.8,1.8,0.9,5.4,1.8,5.4
0.9,0.9,1.8,5.4,1.8,5.4
1.8,0.9,1.8,5.4,1.8,5.4
0.9,1.8,1.8,5.4,1.8,5.4
1.8,1.8,1.8,5.4,1.8,5.4
0.9,0.9,2.7,5.4,1.8,5.4
1.8,0.9,2.7,5.4,1.8,5.4
0.9,1.8,2.7,5.4,1.8,5.4
1.8,1.8,2.7,5.4,1.8,5.4
0.9,0.9,3.6,5.4,1.8,5.4
1.8,0.9,3.6,5.4,1.8,5.4
0.9,1.8,3.6,5.4,1.8,5.4
1.8,1.8,3.6,5.4,1.8,5.4
0.9,0.9,4.5,5.4,1.8,5.4
1.8,0.9,4.5,5.4,1.8,5.4
0.9,1.8,4.5,5.4,1.8,5.4
1.8,1.8,4.5,5.4,1.8,5.4
0.9,0.9,5.4,5.4,1.8,5.4
1.8,0.9,5.4,5.4,1.8,5.4
0.9,1.8,5.4,5.4,1.8,5.4
1.8,1.8,5.4,5.4,1.8,5.4
0.9,0.9,0.0,0.0,2.7,5.4
1.8,0.9,0.0,0.0,2.7,5.4
0.9,1.8,0.0,0.0,2.7,5.4
1.8,1.8,0.0,0.0,2.7,5.4
0.9,0.9,0.9,0.0,2.7,5.4
1.8,0.9,0.9,0.0,2.7,5.4
0.9,1.8,0.9,0.0,2.7,5.4
1.8,1.8,0.9,0.0,2.7,5.4
0.9,0.9,1.8,0.0,2.7,5.4
1.8,0.9,1.8,0.0,2.7,5.4
0.9,1.8,1.8,0.0,2.7,5.4
1.8,1.8,1.8,0.0,2.7,5.4
0.9,0.9,2.7,0.0,2.7,5.4
1.8,0.9,2.7,0.0,2.7,5.4
0.9,1.8,2.7,0.0,2.7,5.4
1.8,1.8,2.7,0.0,2.7,5.4
0.9,0.9,3.6,0.0,2.7,5.4
1.8,0.9,3.6,0.0,2.7,5.4
0.9,1.8,3.6,0.0,2.7,5.4
1.8,1.8,3.6,0.0,2.7,5.4
0.9,0.9,4.5,0.0,2.7,5.4
1.8,0.9,4.5,0.0,2.7,5.4
0.9,1.8,4.5,0.0,2.7,5.4
1.8,1.8,4.5,0.0,2.7,5.4
0.9,0.9,5.4,0.0,2.7,5.4
1.8,0.9,5.4,0.0,2.7,5.4
0.9,1.8,5.4,0.0,2.7,5.4
1.8,1.8,5.4,0.0,2.7,5.4
0.9,0.9,0.0,0.9,2.7,5.4
1.8,0.9,0.0,0.9,2.7,5.4
0.9,1.8,0.0,0.9,2.7,5.4
1.8,1.8,0.0,0.9,2.7,5.4
0.9,0.9,0.9,0.9,2.7,5.4
1.8,0.9,0.9,0.9,2.7,5.4
0.9,1.8,0.9,0.9,2.7,5.4
1.8,1.8,0.9,0.9,2.7,5.4
0.9,0.9,1.8,0.9,2.7,5.4
1.8,0.9,1.8,0.9,2.7,5.4
0.9,1.8,1.8,0.9,2.7,5.4
1.8,1.8,1.8,0.9,2.7,5.4
0.9,0.9,2.7,0.9,2.7,5.4
1.8,0.9,2.7,0.9,2.7,5.4
0.9,1.8,2.7,0.9,2.7,5.4
1.8,1.8,2.7,0.9,2.7,5.4
0.9,0.9,3.6,0.9,2.7,5.4
1.8,0.9,3.6,0.9,2.7,5.4
0.9,1.8,3.6,0.9,2.7,5.4
1.8,1.8,3.6,0.9,2.7,5.4
0.9,0.9,4.5,0.9,2.7,5.4
1.8,0.9,4.5,0.9,2.7,5.4
0.9,1.8,4.5,0.9,2.7,5.4
1.8,1.8,4.5,0.9,2.7,5.4
0.9,0.9,5.4,0.9,2.7,5.4
1.8,0.9,5.4,0.9,2.7,5.4
0.9,1.8,5.4,0.9,2.7,5.4
1.8,1.8,5.4,0.9,2.7,5.4
0.9,0.9,0.0,1.8,2.7,5.4
1.8,0.9,0.0,1.8,2.7,5.4
0.9,1.8,0.0,1.8,2.7,5.4
1.8,1.8,0.0,1.8,2.7,5.4
0.9,0.9,0.9,1.8,2.7,5.4
1.8,0.9,0.9,1.8,2.7,5.4
0.9,1.8,0.9,1.8,2.7,5.4
1.8,1.8,0.9,1.8,2.7,5.4
0.9,0.9,1.8,1.8,2.7,5.4
1.8,0.9,1.8,1.8,2.7,5.4
0.9,1.8,1.8,1.8,2.7,5.4
1.8,1.8,1.8,1.8,2.7,5.4
0.9,0.9,2.7,1.8,2.7,5.4
1.8,0.9,2.7,1.8,2.7,5.4
0.9,1.8,2.7,1.8,2.7,5.4
1.8,1.8,2.7,1.8,2.7,5.4
0.9,0.9,3.6,1.8,2.7,5.4
1.8,0.9,3.6,1.8,2.7,5.4
0.9,1.8,3.6,1.8,2.7,5.4
1.8,1.8,3.6,1.8,2.7,5.4
0.9,0.9,4.5,1.8,2.7,5.4
1.8,0.9,4.5,1.8,2.7,5.4
0.9,1.8,4.5,1.8,2.7,5.4
1.8,1.8,4.5,1.8,2.7,5.4
0.9,0.9,5.4,1.8,2.7,5.4
1.8,0.9,5.4,1.8,2.7,5.4
0.9,1.8,5.4,1.8,2.7,5.4
1.8,1.8,5.4,1.8,2.7,5.4
0.9,0.9,0.0,2.7,2.7,5.4
1.8,0.9,0.0,2.7,2.7,5.4
0.9,1.8,0.0,2.7,2.7,5.4
1.8,1.8,0.0,2.7,2.7,5.4
0.9,0.9,0.9,2.7,2.7,5.4
1.8,0.9,0.9,2.7,2.7,5.4
0.9,1.8,0.9,2.7,2.7,5.4
1.8,1.8,0.9,2.7,2.7,5.4
0.9,0.9,1.8,2.7,2.7,5.4
1.8,0.9,1.8,2.7,2.7,5.4
0.9,1.8,1.8,2.7,2.7,5.4
1.8,1.8,1.8,2.7,2.7,5.4
0.9,0.9,2.7,2.7,2.7,5.4
1.8,0.9,2.7,2.7,2.7,5.4
0.9,1.8,2.7,2.7,2.7,5.4
1.8,1.8,2.7,2.7,2.7,5.4
0.9,0.9,3.6,2.7,2.7,5.4
1.8,0.9,3.6,2.7,2.7,5.4
0.9,1.8,3.6,2.7,2.7,5.4
1.8,1.8,3.6,2.7,2.7,5.4
0.9,0.9,4.5,2.7,2.7,5.4
1.8,0.9,4.5,2.7,2.7,5.4
0.9,1.8,4.5,2.7,2.7,5.4
1.8,1.8,4.5,2.7,2.7,5.4
0.9,0.9,5.4,2.7,2.7,5.4
1.8,0.9,5.4,2.7,2.7,5.4
0.9,1.8,5.4,2.7,2.7,5.4
1.8,1.8,5.4,2.7,2.7,5.4
0.9,0.9,0.0,3.6,2.7,5.4
1.8,0.9,0.0,3.6,2.7,5.4
0.9,1.8,0.0,3.6,2.7,5.4
1.8,1.8,0.0,3.6,2.7,5.4
0.9,0.9,0.9,3.6,2.7,5.4
1.8,0.9,0.9,3.6,2.7,5.4
0.9,1.8,0.9,3.6,2.7,5.4
1.8,1.8,0.9,3.6,2.7,5.4
0.9,0.9,1.8,3.6,2.7,5.4
1.8,0.9,1.8,3.6,2.7,5.4
0.9,1.8,1.8,3.6,2.7,5.4
1.8,1.8,1.8,3.6,2.7,5.4
0.9,0.9,2.7,3.6,2.7,5.4
1.8,0.9,2.7,3.6,2.7,5.4
0.9,1.8,2.7,3.6,2.7,5.4
1.8,1.8,2.7,3.6,2.7,5.4
0.9,0.9,3.6,3.6,2.7,5.4
1.8,0.9,3.6,3.6,2.7,5.4
0.9,1.8,3.6,3.6,2.7,5.4
1.8,1.8,3.6,3.6,2.7,5.4
0.9,0.9,4.5,3.6,2.7,5.4
1.8,0.9,4.5,3.6,2.7,5.4
0.9,1.8,4.5,3.6,2.7,5.4
1.8,1.8,4.5,3.6,2.7,5.4
0.9,0.9,5.4,3.6,2.7,5.4
1.8,0.9,5.4,3.6,2.7,5.4
0.9,1.8,5.4,3.6,2.7,5.4
1.8,1.8,5.4,3.6,2.7,5.4
0.9,0.9,0.0,4.5,2.7,5.4
1.8,0.9,0.0,4.5,2.7,5.4
0.9,1.8,0.0,4.5,2.7,5.4
1.8,1.8,0.0,4.5,2.7,5.4
0.9,0.9,0.9,4.5,2.7,5.4
1.8,0.9,0.9,4.5,2.7,5.4
0.9,1.8,0.9,4.5,2.7,5.4
1.8,1.8,0.9,4.5,2.7,5.4
0.9,0.9,1.8,4.5,2.7,5.4
1.8,0.9,1.8,4.5,2.7,5.4
0.9,1.8,1.8,4.5,2.7,5.4
1.8,1.8,1.8,4.5,2.7,5.4
0.9,0.9,2.7,4.5,2.7,5.4
1.8,0.9,2.7,4.5,2.7,5.4
0.9,1.8,2.7,4.5,2.7,5.4
1.8,1.8,2.7,4.5,2.7,5.4
0.9,0.9,3.6,4.5,2.7,5.4
1.8,0.9,3.6,4.5,2.7,5.4
0.9,1.8,3.6,4.5,2.7,5.4
1.8,1.8,3.6,4.5,2.7,5.4
0.9,0.9,4.5,4.5,2.7,5.4
1.8,0.9,4.5,4.5,2.7,5.4
0.9,1.8,4.5,4.5,2.7,5.4
1.8,1.8,4.5,4.5,2.7,5.4
0.9,0.9,5.4,4.5,2.7,5.4
1.8,0.9,5.4,4.5,2.7,5.4
0.9,1.8,5.4,4.5,2.7,5.4
1.8,1.8,5.4,4.5,2.7,5.4
0.9,0.9,0.0,5.4,2.7,5.4
1.8,0.9,0.0,5.4,2.7,5.4
0.9,1.8,0.0,5.4,2.7,5.4
1.8,1.8,0.0,5.4,2.7,5.4
0.9,0.9,0.9,5.4,2.7,5.4
1.8,0.9,0.9,5.4,2.7,5.4
0.9,1.8,0.9,5.4,2.7,5.4
1.8,1.8,0.9,5.4,2.7,5.4
0.9,0.9,1.8,5.4,2.7,5.4
1.8,0.9,1.8,5.4,2.7,5.4
0.9,1.8,1.8,5.4,2.7,5.4
1.8,1.8,1.8,5.4,2.7,5.4
0.9,0.9,2.7,5.4,2.7,5.4
1.8,0.9,2.7,5.4,2.7,5.4
0.9,1.8,2.7,5.4,2.7,5.4
1.8,1.8,2.7,5.4,2.7,5.4
0.9,0.9,3.6,5.4,2.7,5.4
1.8,0.9,3.6,5.4,2.7,5.4
0.9,1.8,3.6,5.4,2.7,5.4
1.8,1.8,3.6,5.4,2.7,5.4
0.9,0.9,4.5,5.4,2.7,5.4
1.8,0.9,4.5,5.4,2.7,5.4
0.9,1.8,4.5,5.4,2.7,5.4
1.8,1.8,4.5,5.4,2.7,5.4
0.9,0.9,5.4,5.4,2.7,5.4
1.8,0.9,5.4,5.4,2.7,5.4
0.9,1.8,5.4,5.4,2.7,5.4
1.8,1.8,5.4,5.4,2.7,5.4
0.9,0.9,0.0,0.0,3.6,5.4
1.8,0.9,0.0,0.0,3.6,5.4
0.9,1.8,0.0,0.0,3.6,5.4
1.8,1.8,0.0,0.0,3.6,5.4
0.9,0.9,0.9,0.0,3.6,5.4
1.8,0.9,0.9,0.0,3.6,5.4
0.9,1.8,0.9,0.0,3.6,5.4
1.8,1.8,0.9,0.0,3.6,5.4
0.9,0.9,1.8,0.0,3.6,5.4
1.8,0.9,1.8,0.0,3.6,5.4
0.9,1.8,1.8,0.0,3.6,5.4
1.8,1.8,1.8,0.0,3.6,5.4
0.9,0.9,2.7,0.0,3.6,5.4
1.8,0.9,2.7,0.0,3.6,5.4
0.9,1.8,2.7,0.0,3.6,5.4
1.8,1.8,2.7,0.0,3.6,5.4
0.9,0.9,3.6,0.0,3.6,5.4
1.8,0.9,3.6,0.0,3.6,5.4
0.9,1.8,3.6,0.0,3.6,5.4
1.8,1.8,3.6,0.0,3.6,5.4
0.9,0.9,4.5,0.0,3.6,5.4
1.8,0.9,4.5,0.0,3.6,5.4
0.9,1.8,4.5,0.0,3.6,5.4
1.8,1.8,4.5,0.0,3.6,5.4
0.9,0.9,5.4,0.0,3.6,5.4
1.8,0.9,5.4,0.0,3.6,5.4
0.9,1.8,5.4,0.0,3.6,5.4
1.8,1.8,5.4,0.0,3.6,5.4
0.9,0.9,0.0,0.9,3.6,5.4
1.8,0.9,0.0,0.9,3.6,5.4
0.9,1.8,0.0,0.9,3.6,5.4
1.8,1.8,0.0,0.9,3.6,5.4
0.9,0.9,0.9,0.9,3.6,5.4
1.8,0.9,0.9,0.9,3.6,5.4
0.9,1.8,0.9,0.9,3.6,5.4
1.8,1.8,0.9,0.9,3.6,5.4
0.9,0.9,1.8,0.9,3.6,5.4
1.8,0.9,1.8,0.9,3.6,5.4
0.9,1.8,1.8,0.9,3.6,5.4
1.8,1.8,1.8,0.9,3.6,5.4
0.9,0.9,2.7,0.9,3.6,5.4
1.8,0.9,2.7,0.9,3.6,5.4
0.9,1.8,2.7,0.9,3.6,5.4
1.8,1.8,2.7,0.9,3.6,5.4
0.9,0.9,3.6,0.9,3.6,5.4
1.8,0.9,3.6,0.9,3.6,5.4
0.9,1.8,3.6,0.9,3.6,5.4
1.8,1.8,3.6,0.9,3.6,5.4
0.9,0.9,4.5,0.9,3.6,5.4
1.8,0.9,4.5,0.9,3.6,5.4
0.9,1.8,4.5,0.9,3.6,5.4
1.8,1.8,4.5,0.9,3.6,5.4
0.9,0.9,5.4,0.9,3.6,5.4
1.8,0.9,5.4,0.9,3.6,5.4
0.9,1.8,5.4,0.9,3.6,5.4
1.8,1.8,5.4,0.9,3.6,5.4
0.9,0.9,0.0,1.8,3.6,5.4
1.8,0.9,0.0,1.8,3.6,5.4
0.9,1.8,0.0,1.8,3.6,5.4
1.8,1.8,0.0,1.8,3.6,5.4
0.9,0.9,0.9,1.8,3.6,5.4
1.8,0.9,0.9,1.8,3.6,5.4
0.9,1.8,0.9,1.8,3.6,5.4
1.8,1.8,0.9,1.8,3.6,5.4
0.9,0.9,1.8,1.8,3.6,5.4
1.8,0.9,1.8,1.8,3.6,5.4
0.9,1.8,1.8,1.8,3.6,5.4
1.8,1.8,1.8,1.8,3.6,5.4
0.9,0.9,2.7,1.8,3.6,5.4
1.8,0.9,2.7,1.8,3.6,5.4
0.9,1.8,2.7,1.8,3.6,5.4
1.8,1.8,2.7,1.8,3.6,5.4
0.9,0.9,3.6,1.8,3.6,5.4
1.8,0.9,3.6,1.8,3.6,5.4
0.9,1.8,3.6,1.8,3.6,5.4
1.8,1.8,3.6,1.8,3.6,5.4
0.9,0.9,4.5,1.8,3.6,5.4
1.8,0.9,4.5,1.8,3.6,5.4
0.9,1.8,4.5,1.8,3.6,5.4
1.8,1.8,4.5,1.8,3.6,5.4
0.9,0.9,5.4,1.8,3.6,5.4
1.8,0.9,5.4,1.8,3.6,5.4
0.9,1.8,5.4,1.8,3.6,5.4
1.8,1.8,5.4,1.8,3.6,5.4
0.9,0.9,0.0,2.7,3.6,5.4
1.8,0.9,0.0,2.7,3.6,5.4
0.9,1.8,0.0,2.7,3.6,5.4
1.8,1.8,0.0,2.7,3.6,5.4
0.9,0.9,0.9,2.7,3.6,5.4
1.8,0.9,0.9,2.7,3.6,5.4
0.9,1.8,0.9,2.7,3.6,5.4
1.8,1.8,0.9,2.7,3.6,5.4
0.9,0.9,1.8,2.7,3.6,5.4
1.8,0.9,1.8,2.7,3.6,5.4
0.9,1.8,1.8,2.7,3.6,5.4
1.8,1.8,1.8,2.7,3.6,5.4
0.9,0.9,2.7,2.7,3.6,5.4
1.8,0.9,2.7,2.7,3.6,5.4
0.9,1.8,2.7,2.7,3.6,5.4
1.8,1.8,2.7,2.7,3.6,5.4
0.9,0.9,3.6,2.7,3.6,5.4
1.8,0.9,3.6,2.7,3.6,5.4
0.9,1.8,3.6,2.7,3.6,5.4
1.8,1.8,3.6,2.7,3.6,5.4
0.9,0.9,4.5,2.7,3.6,5.4
1.8,0.9,4.5,2.7,3.6,5.4
0.9,1.8,4.5,2.7,3.6,5.4
1.8,1.8,4.5,2.7,3.6,5.4
0.9,0.9,5.4,2.7,3.6,5.4
1.8,0.9,5.4,2.7,3.6,5.4
0.9,1.8,5.4,2.7,3.6,5.4
1.8,1.8,5.4,2.7,3.6,5.4
0.9,0.9,0.0,3.6,3.6,5.4
1.8,0.9,0.0,3.6,3.6,5.4
0.9,1.8,0.0,3.6,3.6,5.4
1.8,1.8,0.0,3.6,3.6,5.4
0.9,0.9,0.9,3.6,3.6,5.4
1.8,0.9,0.9,3.6,3.6,5.4
0.9,1.8,0.9,3.6,3.6,5.4
1.8,1.8,0.9,3.6,3.6,5.4
0.9,0.9,1.8,3.6,3.6,5.4
1.8,0.9,1.8,3.6,3.6,5.4
0.9,1.8,1.8,3.6,3.6,5.4
1.8,1.8,1.8,3.6,3.6,5.4
0.9,0.9,2.7,3.6,3.6,5.4
1.8,0.9,2.7,3.6,3.6,5.4
0.9,1.8,2.7,3.6,3.6,5.4
1.8,1.8,2.7,3.6,3.6,5.4
0.9,0.9,3.6,3.6,3.6,5.4
1.8,0.9,3.6,3.6,3.6,5.4
0.9,1.8,3.6,3.6,3.6,5.4
1.8,1.8,3.6,3.6,3.6,5.4
0.9,0.9,4.5,3.6,3.6,5.4
1.8,0.9,4.5,3.6,3.6,5.4
0.9,1.8,4.5,3.6,3.6,5.4
1.8,1.8,4.5,3.6,3.6,5.4
0.9,0.9,5.4,3.6,3.6,5.4
1.8,0.9,5.4,3.6,3.6,5.4
0.9,1.8,5.4,3.6,3.6,5.4
1.8,1.8,5.4,3.6,3.6,5.4
0.9,0.9,0.0,4.5,3.6,5.4
1.8,0.9,0.0,4.5,3.6,5.4
0.9,1.8,0.0,4.5,3.6,5.4
1.8,1.8,0.0,4.5,3.6,5.4
0.9,0.9,0.9,4.5,3.6,5.4
1.8,0.9,0.9,4.5,3.6,5.4
0.9,1.8,0.9,4.5,3.6,5.4
1.8,1.8,0.9,4.5,3.6,5.4
0.9,0.9,1.8,4.5,3.6,5.4
1.8,0.9,1.8,4.5,3.6,5.4
0.9,1.8,1.8,4.5,3.6,5.4
1.8,1.8,1.8,4.5,3.6,5.4
0.9,0.9,2.7,4.5,3.6,5.4
1.8,0.9,2.7,4.5,3.6,5.4
0.9,1.8,2.7,4.5,3.6,5.4
1.8,1.8,2.7,4.5,3.6,5.4
0.9,0.9,3.6,4.5,3.6,5.4
1.8,0.9,3.6,4.5,3.6,5.4
0.9,1.8,3.6,4.5,3.6,5.4
1.8,1.8,3.6,4.5,3.6,5.4
0.9,0.9,4.5,4.5,3.6,5.4
1.8,0.9,4.5,4.5,3.6,5.4
0.9,1.8,4.5,4.5,3.6,5.4
1.8,1.8,4.5,4.5,3.6,5.4
0.9,0.9,5.4,4.5,3.6,5.4
1.8,0.9,5.4,4.5,3.6,5.4
0.9,1.8,5.4,4.5,3.6,5.4
1.8,1.8,5.4,4.5,3.6,5.4
0.9,0.9,0.0,5.4,3.6,5.4
1.8,0.9,0.0,5.4,3.6,5.4
0.9,1.8,0.0,5.4,3.6,5.4
1.8,1.8,0.0,5.4,3.6,5.4
0.9,0.9,0.9,5.4,3.6,5.4
1.8,0.9,0.9,5.4,3.6,5.4
0.9,1.8,0.9,5.4,3.6,5.4
1.8,1.8,0.9,5.4,3.6,5.4
0.9,0.9,1.8,5.4,3.6,5.4
1.8,0.9,1.8,5.4,3.6,5.4
0.9,1.8,1.8,5.4,3.6,5.4
1.8,1.8,1.8,5.4,3.6,5.4
0.9,0.9,2.7,5.4,3.6,5.4
1.8,0.9,2.7,5.4,3.6,5.4
0.9,1.8,2.7,5.4,3.6,5.4
1.8,1.8,2.7,5.4,3.6,5.4
0.9,0.9,3.6,5.4,3.6,5.4
1.8,0.9,3.6,5.4,3.6,5.4
0.9,1.8,3.6,5.4,3.6,5.4
1.8,1.8,3.6,5.4,3.6,5.4
0.9,0.9,4.5,5.4,3.6,5.4
1.8,0.9,4.5,5.4,3.6,5.4
0.9,1.8,4.5,5.4,3.6,5.4
1.8,1.8,4.5,5.4,3.6,5.4
0.9,0.9,5.4,5.4,3.6,5.4
1.8,0.9,5.4,5.4,3.6,5.4
0.9,1.8,5.4,5.4,3.6,5.4
1.8,1.8,5.4,5.4,3.6,5.4
0.9,0.9,0.0,0.0,4.5,5.4
1.8,0.9,0.0,0.0,4.5,5.4
0.9,1.8,0.0,0.0,4.5,5.4
1.8,1.8,0.0,0.0,4.5,5.4
0.9,0.9,0.9,0.0,4.5,5.4
1.8,0.9,0.9,0.0,4.5,5.4
0.9,1.8,0.9,0.0,4.5,5.4
1.8,1.8,0.9,0.0,4.5,5.4
0.9,0.9,1.8,0.0,4.5,5.4
1.8,0.9,1.8,0.0,4.5,5.4
0.9,1.8,1.8,0.0,4.5,5.4
1.8,1.8,1.8,0.0,4.5,5.4
0.9,0.9,2.7,0.0,4.5,5.4
1.8,0.9,2.7,0.0,4.5,5.4
0.9,1.8,2.7,0.0,4.5,5.4
1.8,1.8,2.7,0.0,4.5,5.4
0.9,0.9,3.6,0.0,4.5,5.4
1.8,0.9,3.6,0.0,4.5,5.4
0.9,1.8,3.6,0.0,4.5,5.4
1.8,1.8,3.6,0.0,4.5,5.4
0.9,0.9,4.5,0.0,4.5,5.4
1.8,0.9,4.5,0.0,4.5,5.4
0.9,1.8,4.5,0.0,4.5,5.4
1.8,1.8,4.5,0.0,4.5,5.4
0.9,0.9,5.4,0.0,4.5,5.4
1.8,0.9,5.4,0.0,4.5,5.4
0.9,1.8,5.4,0.0,4.5,5.4
1.8,1.8,5.4,0.0,4.5,5.4
0.9,0.9,0.0,0.9,4.5,5.4
1.8,0.9,0.0,0.9,4.5,5.4
0.9,1.8,0.0,0.9,4.5,5.4
1.8,1.8,0.0,0.9,4.5,5.4
0.9,0.9,0.9,0.9,4.5,5.4
1.8,0.9,0.9,0.9,4.5,5.4
0.9,1.8,0.9,0.9,4.5,5.4
1.8,1.8,0.9,0.9,4.5,5.4
0.9,0.9,1.8,0.9,4.5,5.4
1.8,0.9,1.8,0.9,4.5,5.4
0.9,1.8,1.8,0.9,4.5,5.4
1.8,1.8,1.8,0.9,4.5,5.4
0.9,0.9,2.7,0.9,4.5,5.4
1.8,0.9,2.7,0.9,4.5,5.4
0.9,1.8,2.7,0.9,4.5,5.4
1.8,1.8,2.7,0.9,4.5,5.4
0.9,0.9,3.6,0.9,4.5,5.4
1.8,0.9,3.6,0.9,4.5,5.4
0.9,1.8,3.6,0.9,4.5,5.4
1.8,1.8,3.6,0.9,4.5,5.4
0.9,0.9,4.5,0.9,4.5,5.4
1.8,0.9,4.5,0.9,4.5,5.4
0.9,1.8,4.5,0.9,4.5,5.4
1.8,1.8,4.5,0.9,4.5,5.4
0.9,0.9,5.4,0.9,4.5,5.4
1.8,0.9,5.4,0.9,4.5,5.4
0.9,1.8,5.4,0.9,4.5,5.4
1.8,1.8,5.4,0.9,4.5,5.4
0.9,0.9,0.0,1.8,4.5,5.4
1.8,0.9,0.0,1.8,4.5,5.4
0.9,1.8,0.0,1.8,4.5,5.4
1.8,1.8,0.0,1.8,4.5,5.4
0.9,0.9,0.9,1.8,4.5,5.4
1.8,0.9,0.9,1.8,4.5,5.4
0.9,1.8,0.9,1.8,4.5,5.4
1.8,1.8,0.9,1.8,4.5,5.4
0.9,0.9,1.8,1.8,4.5,5.4
1.8,0.9,1.8,1.8,4.5,5.4
0.9,1.8,1.8,1.8,4.5,5.4
1.8,1.8,1.8,1.8,4.5,5.4
0.9,0.9,2.7,1.8,4.5,5.4
1.8,0.9,2.7,1.8,4.5,5.4
0.9,1.8,2.7,1.8,4.5,5.4
1.8,1.8,2.7,1.8,4.5,5.4
0.9,0.9,3.6,1.8,4.5,5.4
1.8,0.9,3.6,1.8,4.5,5.4
0.9,1.8,3.6,1.8,4.5,5.4
1.8,1.8,3.6,1.8,4.5,5.4
0.9,0.9,4.5,1.8,4.5,5.4
1.8,0.9,4.5,1.8,4.5,5.4
0.9,1.8,4.5,1.8,4.5,5.4
1.8,1.8,4.5,1.8,4.5,5.4
0.9,0.9,5.4,1.8,4.5,5.4
1.8,0.9,5.4,1.8,4.5,5.4
0.9,1.8,5.4,1.8,4.5,5.4
1.8,1.8,5.4,1.8,4.5,5.4
0.9,0.9,0.0,2.7,4.5,5.4
1.8,0.9,0.0,2.7,4.5,5.4
0.9,1.8,0.0,2.7,4.5,5.4
1.8,1.8,0.0,2.7,4.5,5.4
0.9,0.9,0.9,2.7,4.5,5.4
1.8,0.9,0.9,2.7,4.5,5.4
0.9,1.8,0.9,2.7,4.5,5.4
1.8,1.8,0.9,2.7,4.5,5.4
0.9,0.9,1.8,2.7,4.5,5.4
1.8,0.9,1.8,2.7,4.5,5.4
0.9,1.8,1.8,2.7,4.5,5.4
1.8,1.8,1.8,2.7,4.5,5.4
0.9,0.9,2.7,2.7,4.5,5.4
1.8,0.9,2.7,2.7,4.5,5.4
0.9,1.8,2.7,2.7,4.5,5.4
1.8,1.8,2.7,2.7,4.5,5.4
0.9,0.9,3.6,2.7,4.5,5.4
1.8,0.9,3.6,2.7,4.5,5.4
0.9,1.8,3.6,2.7,4.5,5.4
1.8,1.8,3.6,2.7,4.5,5.4
0.9,0.9,4.5,2.7,4.5,5.4
1.8,0.9,4.5,2.7,4.5,5.4
0.9,1.8,4.5,2.7,4.5,5.4
1.8,1.8,4.5,2.7,4.5,5.4
0.9,0.9,5.4,2.7,4.5,5.4
1.8,0.9,5.4,2.7,4.5,5.4
0.9,1.8,5.4,2.7,4.5,5.4
1.8,1.8,5.4,2.7,4.5,5.4
0.9,0.9,0.0,3.6,4.5,5.4
1.8,0.9,0.0,3.6,4.5,5.4
0.9,1.8,0.0,3.6,4.5,5.4
1.8,1.8,0.0,3.6,4.5,5.4
0.9,0.9,0.9,3.6,4.5,5.4
1.8,0.9,0.9,3.6,4.5,5.4
0.9,1.8,0.9,3.6,4.5,5.4
1.8,1.8,0.9,3.6,4.5,5.4
0.9,0.9,1.8,3.6,4.5,5.4
1.8,0.9,1.8,3.6,4.5,5.4
0.9,1.8,1.8,3.6,4.5,5.4
1.8,1.8,1.8,3.6,4.5,5.4
0.9,0.9,2.7,3.6,4.5,5.4
1.8,0.9,2.7,3.6,4.5,5.4
0.9,1.8,2.7,3.6,4.5,5.4
1.8,1.8,2.7,3.6,4.5,5.4
0.9,0.9,3.6,3.6,4.5,5.4
1.8,0.9,3.6,3.6,4.5,5.4
0.9,1.8,3.6,3.6,4.5,5.4
1.8,1.8,3.6,3.6,4.5,5.4
0.9,0.9,4.5,3.6,4.5,5.4
1.8,0.9,4.5,3.6,4.5,5.4
0.9,1.8,4.5,3.6,4.5,5.4
1.8,1.8,4.5,3.6,4.5,5.4
0.9,0.9,5.4,3.6,4.5,5.4
1.8,0.9,5.4,3.6,4.5,5.4
0.9,1.8,5.4,3.6,4.5,5.4
1.8,1.8,5.4,3.6,4.5,5.4
0.9,0.9,0.0,4.5,4.5,5.4
1.8,0.9,0.0,4.5,4.5,5.4
0.9,1.8,0.0,4.5,4.5,5.4
1.8,1.8,0.0,4.5,4.5,5.4
0.9,0.9,0.9,4.5,4.5,5.4
1.8,0.9,0.9,4.5,4.5,5.4
0.9,1.8,0.9,4.5,4.5,5.4
1.8,1.8,0.9,4.5,4.5,5.4
0.9,0.9,1.8,4.5,4.5,5.4
1.8,0.9,1.8,4.5,4.5,5.4
0.9,1.8,1.8,4.5,4.5,5.4
1.8,1.8,1.8,4.5,4.5,5.4
0.9,0.9,2.7,4.5,4.5,5.4
1.8,0.9,2.7,4.5,4.5,5.4
0.9,1.8,2.7,4.5,4.5,5.4
1.8,1.8,2.7,4.5,4.5,5.4
0.9,0.9,3.6,4.5,4.5,5.4
1.8,0.9,3.6,4.5,4.5,5.4
0.9,1.8,3.6,4.5,4.5,5.4
1.8,1.8,3.6,4.5,4.5,5.4
0.9,0.9,4.5,4.5,4.5,5.4
1.8,0.9,4.5,4.5,4.5,5.4
0.9,1.8,4.5,4.5,4.5,5.4
1.8,1.8,4.5,4.5,4.5,5.4
0.9,0.9,5.4,4.5,4.5,5.4
1.8,0.9,5.4,4.5,4.5,5.4
0.9,1.8,5.4,4.5,4.5,5.4
1.8,1.8,5.4,4.5,4.5,5.4
0.9,0.9,0.0,5.4,4.5,5.4
1.8,0.9,0.0,5.4,4.5,5.4
0.9,1.8,0.0,5.4,4.5,5.4
1.8,1.8,0.0,5.4,4.5,5.4
0.9,0.9,0.9,5.4,4.5,5.4
1.8,0.9,0.9,5.4,4.5,5.4
0.9,1.8,0.9,5.4,4.5,5.4
1.8,1.8,0.9,5.4,4.5,5.4
0.9,0.9,1.8,5.4,4.5,5.4
1.8,0.9,1.8,5.4,4.5,5.4
0.9,1.8,1.8,5.4,4.5,5.4
1.8,1.8,1.8,5.4,4.5,5.4
0.9,0.9,2.7,5.4,4.5,5.4
1.8,0.9,2.7,5.4,4.5,5.4
0.9,1.8,2.7,5.4,4.5,5.4
1.8,1.8,2.7,5.4,4.5,5.4
0.9,0.9,3.6,5.4,4.5,5.4
1.8,0.9,3.6,5.4,4.5,5.4
0.9,1.8,3.6,5.4,4.5,5.4
1.8,1.8,3.6,5.4,4.5,5.4
0.9,0.9,4.5,5.4,4.5,5.4
1.8,0.9,4.5,5.4,4.5,5.4
0.9,1.8,4.5,5.4,4.5,5.4
1.8,1.8,4.5,5.4,4.5,5.4
0.9,0.9,5.4,5.4,4.5,5.4
1.8,0.9,5.4,5.4,4.5,5.4
0.9,1.8,5.4,5.4,4.5,5.4
1.8,1.8,5.4,5.4,4.5,5.4
0.9,0.9,0.0,0.0,5.4,5.4
1.8,0.9,0.0,0.0,5.4,5.4
0.9,1.8,0.0,0.0,5.4,5.4
1.8,1.8,0.0,0.0,5.4,5.4
0.9,0.9,0.9,0.0,5.4,5.4
1.8,0.9,0.9,0.0,5.4,5.4
0.9,1.8,0.9,0.0,5.4,5.4
1.8,1.8,0.9,0.0,5.4,5.4
0.9,0.9,1.8,0.0,5.4,5.4
1.8,0.9,1.8,0.0,5.4,5.4
0.9,1.8,1.8,0.0,5.4,5.4
1.8,1.8,1.8,0.0,5.4,5.4
0.9,0.9,2.7,0.0,5.4,5.4
1.8,0.9,2.7,0.0,5.4,5.4
0.9,1.8,2.7,0.0,5.4,5.4
1.8,1.8,2.7,0.0,5.4,5.4
0.9,0.9,3.6,0.0,5.4,5.4
1.8,0.9,3.6,0.0,5.4,5.4
0.9,1.8,3.6,0.0,5.4,5.4
1.8,1.8,3.6,0.0,5.4,5.4
0.9,0.9,4.5,0.0,5.4,5.4
1.8,0.9,4.5,0.0,5.4,5.4
0.9,1.8,4.5,0.0,5.4,5.4
1.8,1.8,4.5,0.0,5.4,5.4
0.9,0.9,5.4,0.0,5.4,5.4
1.8,0.9,5.4,0.0,5.4,5.4
0.9,1.8,5.4,0.0,5.4,5.4
1.8,1.8,5.4,0.0,5.4,5.4
0.9,0.9,0.0,0.9,5.4,5.4
1.8,0.9,0.0,0.9,5.4,5.4
0.9,1.8,0.0,0.9,5.4,5.4
1.8,1.8,0.0,0.9,5.4,5.4
0.9,0.9,0.9,0.9,5.4,5.4
1.8,0.9,0.9,0.9,5.4,5.4
0.9,1.8,0.9,0.9,5.4,5.4
1.8,1.8,0.9,0.9,5.4,5.4
0.9,0.9,1.8,0.9,5.4,5.4
1.8,0.9,1.8,0.9,5.4,5.4
0.9,1.8,1.8,0.9,5.4,5.4
1.8,1.8,1.8,0.9,5.4,5.4
0.9,0.9,2.7,0.9,5.4,5.4
1.8,0.9,2.7,0.9,5.4,5.4
0.9,1.8,2.7,0.9,5.4,5.4
1.8,1.8,2.7,0.9,5.4,5.4
0.9,0.9,3.6,0.9,5.4,5.4
1.8,0.9,3.6,0.9,5.4,5.4
0.9,1.8,3.6,0.9,5.4,5.4
1.8,1.8,3.6,0.9,5.4,5.4
0.9,0.9,4.5,0.9,5.4,5.4
1.8,0.9,4.5,0.9,5.4,5.4
0.9,1.8,4.5,0.9,5.4,5.4
1.8,1.8,4.5,0.9,5.4,5.4
0.9,0.9,5.4,0.9,5.4,5.4
1.8,0.9,5.4,0.9,5.4,5.4
0.9,1.8,5.4,0.9,5.4,5.4
1.8,1.8,5.4,0.9,5.4,5.4
0.9,0.9,0.0,1.8,5.4,5.4
1.8,0.9,0.0,1.8,5.4,5.4
0.9,1.8,0.0,1.8,5.4,5.4
1.8,1.8,0.0,1.8,5.4,5.4
0.9,0.9,0.9,1.8,5.4,5.4
1.8,0.9,0.9,1.8,5.4,5.4
0.9,1.8,0.9,1.8,5.4,5.4
1.8,1.8,0.9,1.8,5.4,5.4
0.9,0.9,1.8,1.8,5.4,5.4
1.8,0.9,1.8,1.8,5.4,5.4
0.9,1.8,1.8,1.8,5.4,5.4
1.8,1.8,1.8,1.8,5.4,5.4
0.9,0.9,2.7,1.8,5.4,5.4
1.8,0.9,2.7,1.8,5.4,5.4
0.9,1.8,2.7,1.8,5.4,5.4
1.8,1.8,2.7,1.8,5.4,5.4
0.9,0.9,3.6,1.8,5.4,5.4
1.8,0.9,3.6,1.8,5.4,5.4
0.9,1.8,3.6,1.8,5.4,5.4
1.8,1.8,3.6,1.8,5.4,5.4
0.9,0.9,4.5,1.8,5.4,5.4
1.8,0.9,4.5,1.8,5.4,5.4
0.9,1.8,4.5,1.8,5.4,5.4
1.8,1.8,4.5,1.8,5.4,5.4
0.9,0.9,5.4,1.8,5.4,5.4
1.8,0.9,5.4,1.8,5.4,5.4
0.9,1.8,5.4,1.8,5.4,5.4
1.8,1.8,5.4,1.8,5.4,5.4
0.9,0.9,0.0,2.7,5.4,5.4
1.8,0.9,0.0,2.7,5.4,5.4
0.9,1.8,0.0,2.7,5.4,5.4
1.8,1.8,0.0,2.7,5.4,5.4
0.9,0.9,0.9,2.7,5.4,5.4
1.8,0.9,0.9,2.7,5.4,5.4
0.9,1.8,0.9,2.7,5.4,5.4
1.8,1.8,0.9,2.7,5.4,5.4
0.9,0.9,1.8,2.7,5.4,5.4
1.8,0.9,1.8,2.7,5.4,5.4
0.9,1.8,1.8,2.7,5.4,5.4
1.8,1.8,1.8,2.7,5.4,5.4
0.9,0.9,2.7,2.7,5.4,5.4
1.8,0.9,2.7,2.7,5.4,5.4
0.9,1.8,2.7,2.7,5.4,5.4
1.8,1.8,2.7,2.7,5.4,5.4
0.9,0.9,3.6,2.7,5.4,5.4
1.8,0.9,3.6,2.7,5.4,5.4
0.9,1.8,3.6,2.7,5.4,5.4
1.8,1.8,3.6,2.7,5.4,5.4
0.9,0.9,4.5,2.7,5.4,5.4
1.8,0.9,4.5,2.7,5.4,5.4
0.9,1.8,4.5,2.7,5.4,5.4
1.8,1.8,4.5,2.7,5.4,5.4
0.9,0.9,5.4,2.7,5.4,5.4
1.8,0.9,5.4,2.7,5.4,5.4
0.9,1.8,5.4,2.7,5.4,5.4
1.8,1.8,5.4,2.7,5.4,5.4
0.9,0.9,0.0,3.6,5.4,5.4
1.8,0.9,0.0,3.6,5.4,5.4
0.9,1.8,0.0,3.6,5.4,5.4
1.8,1.8,0.0,3.6,5.4,5.4
0.9,0.9,0.9,3.6,5.4,5.4
1.8,0.9,0.9,3.6,5.4,5.4
0.9,1.8,0.9,3.6,5.4,5.4
1.8,1.8,0.9,3.6,5.4,5.4
0.9,0.9,1.8,3.6,5.4,5.4
1.8,0.9,1.8,3.6,5.4,5.4
0.9,1.8,1.8,3.6,5.4,5.4
1.8,1.8,1.8,3.6,5.4,5.4
0.9,0.9,2.7,3.6,5.4,5.4
1.8,0.9,2.7,3.6,5.4,5.4
0.9,1.8,2.7,3.6,5.4,5.4
1.8,1.8,2.7,3.6,5.4,5.4
0.9,0.9,3.6,3.6,5.4,5.4
1.8,0.9,3.6,3.6,5.4,5.4
0.9,1.8,3.6,3.6,5.4,5.4
1.8,1.8,3.6,3.6,5.4,5.4
0.9,0.9,4.5,3.6,5.4,5.4
1.8,0.9,4.5,3.6,5.4,5.4
0.9,1.8,4.5,3.6,5.4,5.4
1.8,1.8,4.5,3.6,5.4,5.4
0.9,0.9,5.4,3.6,5.4,5.4
1.8,0.9,5.4,3.6,5.4,5.4
0.9,1.8,5.4,3.6,5.4,5.4
1.8,1.8,5.4,3.6,5.4,5.4
0.9,0.9,0.0,4.5,5.4,5.4
1.8,0.9,0.0,4.5,5.4,5.4
0.9,1.8,0.0,4.5,5.4,5.4
1.8,1.8,0.0,4.5,5.4,5.4
0.9,0.9,0.9,4.5,5.4,5.4
1.8,0.9,0.9,4.5,5.4,5.4
0.9,1.8,0.9,4.5,5.4,5.4
1.8,1.8,0.9,4.5,5.4,5.4
0.9,0.9,1.8,4.5,5.4,5.4
1.8,0.9,1.8,4.5,5.4,5.4
0.9,1.8,1.8,4.5,5.4,5.4
1.8,1.8,1.8,4.5,5.4,5.4
0.9,0.9,2.7,4.5,5.4,5.4
1.8,0.9,2.7,4.5,5.4,5.4
0.9,1.8,2.7,4.5,5.4,5.4
1.8,1.8,2.7,4.5,5.4,5.4
0.9,0.9,3.6,4.5,5.4,5.4
1.8,0.9,3.6,4.5,5.4,5.4
0.9,1.8,3.6,4.5,5.4,5.4
1.8,1.8,3.6,4.5,5.4,5.4
0.9,0.9,4.5,4.5,5.4,5.4
1.8,0.9,4.5,4.5,5.4,5.4
0.9,1.8,4.5,4.5,5.4,5.4
1.8,1.8,4.5,4.5,5.4,5.4
0.9,0.9,5.4,4.5,5.4,5.4
1.8,0.9,5.4,4.5,5.4,5.4
0.9,1.8,5.4,4.5,5.4,5.4
1.8,1.8,5.4,4.5,5.4,5.4
0.9,0.9,0.0,5.4,5.4,5.4
1.8,0.9,0.0,5.4,5.4,5.4
0.9,1.8,0.0,5.4,5.4,5.4
1.8,1.8,0.0,5.4,5.4,5.4
0.9,0.9,0.9,5.4,5.4,5.4
1.8,0.9,0.9,5.4,5.4,5.4
0.9,1.8,0.9,5.4,5.4,5.4
1.8,1.8,0.9,5.4,5.4,5.4
0.9,0.9,1.8,5.4,5.4,5.4
1.8,0.9,1.8,5.4,5.4,5.4
0.9,1.8,1.8,5.4,5.4,5.4
1.8,1.8,1.8,5.4,5.4,5.4
0.9,0.9,2.7,5.4,5.4,5.4
1.8,0.9,2.7,5.4,5.4,5.4
0.9,1.8,2.7,5.4,5.4,5.4
1.8,1.8,2.7,5.4,5.4,5.4
0.9,0.9,3.6,5.4,5.4,5.4
1.8,0.9,3.6,5.4,5.4,5.4
0.9,1.8,3.6,5.4,5.4,5.4
1.8,1.8,3.6,5.4,5.4,5.4
0.9,0.9,4.5,5.4,5.4,5.4
1.8,0.9,4.5,5.4,5.4,5.4
0.9,1.8,4.5,5.4,5.4,5.4
1.8,1.8,4.5,5.4,5.4,5.4
0.9,0.9,5.4,5.4,5.4,5.4
1.8,0.9,5.4,5.4,5.4,5.4
0.9,1.8,5.4,5.4,5.4,5.4
1.8,1.8,5.4,5.4,5.4,5.4
